order_id,customer_id,state,order_date,status,category,price,freight,total
1,1,PR,2023-08-29,delivered,玩具,166.84,9.96,176.8
1,1,PR,2023-08-29,delivered,服饰,794.11,100.14,894.25
2,2,MG,2024-09-27,delivered,宠物用品,390.31,67.47,457.78
3,3,SC,2024-11-24,canceled,服饰,112.99,8.86,121.85
3,3,SC,2024-11-24,canceled,玩具,171.45,10.5,181.95
4,4,AM,2023-06-25,delivered,电脑配件,517.22,80.92,598.14
5,5,SP,2023-02-11,delivered,服饰,49.82,7.96,57.78
6,6,RJ,2024-10-04,delivered,美妆健康,263.51,21.22,284.73
7,6,RJ,2024-09-18,delivered,宠物用品,640.76,95.86,736.62
7,6,RJ,2024-09-18,delivered,运动休闲,518.56,33.02,551.5799999999999
8,6,RJ,2023-06-11,delivered,家居家具,259.92,50.16,310.08000000000004
8,6,RJ,2023-06-11,delivered,厨具,601.36,109.78,711.14
9,6,RJ,2023-12-23,canceled,厨具,173.82,27.67,201.49
9,6,RJ,2023-12-23,canceled,服饰,754.75,86.89,841.64
10,6,RJ,2023-06-04,delivered,电脑配件,708.61,84.42,793.03
10,6,RJ,2023-06-04,delivered,玩具,121.38,7.01,128.39
11,6,RJ,2023-05-24,delivered,电脑配件,505.31,53.37,558.68
12,7,CE,2023-05-26,delivered,服饰,104.86,12.96,117.82
13,8,RJ,2024-12-16,delivered,玩具,265.33,37.45,302.78
14,9,PR,2023-04-04,delivered,电脑配件,632.94,52.73,685.6700000000001
15,10,DF,2024-10-22,delivered,宠物用品,52.54,10.02,62.56
15,10,DF,2024-10-22,delivered,玩具,319.19,21.85,341.04
15,10,DF,2024-10-22,delivered,运动休闲,777.14,133.94,911.0799999999999
16,11,SP,2024-11-11,delivered,家居家具,673.8,45.59,719.39
17,12,CE,2024-04-04,delivered,运动休闲,260.41,22.76,283.17
17,12,CE,2024-04-04,delivered,家居家具,533.9,62.48,596.38
17,12,CE,2024-04-04,delivered,电脑配件,159.44,8.06,167.5
18,13,BA,2023-08-18,delivered,玩具,332.27,19.96,352.22999999999996
19,13,BA,2023-11-22,delivered,图书,532.53,29.87,562.4
19,13,BA,2023-11-22,delivered,运动休闲,84.15,13.47,97.62
19,13,BA,2023-11-22,delivered,服饰,581.91,36.08,617.99
20,13,BA,2024-08-19,delivered,电子产品,688.51,137.3,825.81
21,13,BA,2024-08-05,delivered,电子产品,244.55,41.98,286.53000000000003
22,13,BA,2024-09-18,delivered,图书,496.15,43.58,539.73
23,13,BA,2023-11-03,delivered,服饰,411.73,77.4,489.13
24,13,BA,2023-07-24,delivered,电子产品,310.37,24.78,335.15
25,13,BA,2023-12-17,delivered,美妆健康,718.42,54.11,772.53
25,13,BA,2023-12-17,delivered,厨具,109.76,14.23,123.99000000000001
25,13,BA,2023-12-17,delivered,电脑配件,689.47,134.39,823.86
26,13,BA,2024-01-20,delivered,服饰,794.5,114.78,909.28
27,13,BA,2023-12-12,delivered,玩具,470.34,48.93,519.27
27,13,BA,2023-12-12,delivered,服饰,83.48,7.05,90.53
28,13,BA,2024-05-18,delivered,服饰,261.86,51.03,312.89
28,13,BA,2024-05-18,delivered,玩具,744.2,137.2,881.4000000000001
28,13,BA,2024-05-18,delivered,美妆健康,21.4,1.18,22.58
29,13,BA,2023-05-29,delivered,图书,304.0,17.38,321.38
29,13,BA,2023-05-29,delivered,电子产品,197.26,29.19,226.45
30,13,BA,2023-01-26,canceled,电子产品,102.96,10.66,113.61999999999999
30,13,BA,2023-01-26,canceled,电脑配件,342.33,32.58,374.90999999999997
31,13,BA,2023-05-17,delivered,电子产品,31.01,5.28,36.29
32,13,BA,2024-07-19,delivered,服饰,699.6,117.06,816.6600000000001
32,13,BA,2024-07-19,delivered,玩具,653.03,127.39,780.42
32,13,BA,2024-07-19,delivered,家居家具,523.06,70.27,593.3299999999999
33,13,BA,2023-11-18,delivered,图书,592.15,51.68,643.8299999999999
33,13,BA,2023-11-18,delivered,宠物用品,54.32,7.05,61.37
33,13,BA,2023-11-18,delivered,玩具,164.81,12.18,176.99
34,13,BA,2024-11-23,delivered,美妆健康,753.92,53.78,807.6999999999999
34,13,BA,2024-11-23,delivered,玩具,424.24,62.11,486.35
34,13,BA,2024-11-23,delivered,厨具,520.42,89.52,609.9399999999999
35,13,BA,2023-06-22,delivered,玩具,795.37,126.18,921.55
35,13,BA,2023-06-22,delivered,玩具,578.01,29.45,607.46
35,13,BA,2023-06-22,delivered,玩具,601.25,72.02,673.27
36,13,BA,2024-08-12,delivered,厨具,201.19,11.23,212.42
37,13,BA,2023-11-09,delivered,玩具,60.98,8.87,69.85
37,13,BA,2023-11-09,delivered,电脑配件,360.12,60.6,420.72
38,13,BA,2024-03-15,delivered,服饰,706.44,36.94,743.3800000000001
39,13,BA,2023-09-09,delivered,运动休闲,733.67,57.81,791.48
40,13,BA,2023-12-09,delivered,玩具,785.7,138.46,924.1600000000001
40,13,BA,2023-12-09,delivered,图书,386.2,67.95,454.15
40,13,BA,2023-12-09,delivered,家居家具,24.98,1.35,26.330000000000002
41,13,BA,2024-12-12,delivered,服饰,505.65,31.18,536.8299999999999
42,13,BA,2024-11-22,delivered,电脑配件,505.14,37.52,542.66
43,13,BA,2024-12-21,delivered,电子产品,560.25,81.28,641.53
44,13,BA,2024-07-12,delivered,服饰,303.46,52.39,355.84999999999997
44,13,BA,2024-07-12,delivered,图书,715.2,42.83,758.0300000000001
44,13,BA,2024-07-12,delivered,家居家具,733.24,140.52,873.76
45,13,BA,2023-04-26,delivered,服饰,760.42,141.95,902.3699999999999
46,13,BA,2024-08-20,delivered,电子产品,392.15,27.41,419.56
46,13,BA,2024-08-20,delivered,家居家具,524.13,49.36,573.49
46,13,BA,2024-08-20,delivered,家居家具,350.54,18.63,369.17
47,13,BA,2023-09-06,delivered,美妆健康,620.01,86.99,707.0
47,13,BA,2023-09-06,delivered,玩具,684.07,97.65,781.72
48,13,BA,2023-02-04,delivered,厨具,96.67,11.63,108.3
48,13,BA,2023-02-04,delivered,玩具,439.55,36.26,475.81
48,13,BA,2023-02-04,delivered,厨具,468.14,43.57,511.71
49,13,BA,2024-01-06,delivered,宠物用品,291.29,18.75,310.04
50,13,BA,2024-07-11,delivered,图书,766.62,97.57,864.19
50,13,BA,2024-07-11,delivered,电脑配件,756.22,70.0,826.22
50,13,BA,2024-07-11,delivered,宠物用品,751.87,63.71,815.58
51,13,BA,2023-06-13,delivered,家居家具,457.78,30.07,487.84999999999997
51,13,BA,2023-06-13,delivered,美妆健康,297.38,32.77,330.15
52,13,BA,2023-12-12,delivered,厨具,39.64,3.21,42.85
52,13,BA,2023-12-12,delivered,厨具,353.89,46.62,400.51
53,13,BA,2023-06-19,delivered,运动休闲,118.97,16.55,135.52
54,13,BA,2024-07-06,delivered,玩具,274.79,20.14,294.93
54,13,BA,2024-07-06,delivered,宠物用品,536.44,86.53,622.97
55,13,BA,2023-06-17,delivered,服饰,118.32,14.12,132.44
55,13,BA,2023-06-17,delivered,家居家具,205.59,16.19,221.78
55,13,BA,2023-06-17,delivered,电子产品,608.69,105.9,714.59
56,13,BA,2024-05-19,delivered,美妆健康,490.26,50.15,540.41
56,13,BA,2024-05-19,delivered,运动休闲,275.9,21.63,297.53
56,13,BA,2024-05-19,delivered,美妆健康,796.04,59.46,855.5
57,13,BA,2024-06-14,delivered,电子产品,591.97,68.22,660.19
58,13,BA,2023-07-12,delivered,服饰,710.49,84.97,795.46
58,13,BA,2023-07-12,delivered,电子产品,331.24,55.86,387.1
59,13,BA,2024-07-09,delivered,电脑配件,37.25,3.3,40.55
59,13,BA,2024-07-09,delivered,厨具,335.68,54.09,389.77
60,13,BA,2024-11-21,delivered,运动休闲,524.82,92.84,617.6600000000001
60,13,BA,2024-11-21,delivered,家居家具,583.33,106.17,689.5
60,13,BA,2024-11-21,delivered,服饰,520.52,71.6,592.12
61,13,BA,2023-08-12,delivered,玩具,264.15,38.1,302.25
61,13,BA,2023-08-12,delivered,宠物用品,717.9,62.0,779.9
62,13,BA,2023-12-15,delivered,服饰,396.54,21.0,417.54
62,13,BA,2023-12-15,delivered,家居家具,424.24,63.28,487.52
63,13,BA,2024-11-06,delivered,家居家具,668.86,124.56,793.4200000000001
64,13,BA,2023-04-25,delivered,玩具,629.8,120.35,750.15
65,13,BA,2024-03-12,delivered,服饰,179.89,21.83,201.71999999999997
65,13,BA,2024-03-12,delivered,运动休闲,518.62,90.42,609.04
66,13,BA,2024-03-14,delivered,图书,163.37,20.76,184.13
67,13,BA,2024-12-02,delivered,电脑配件,64.16,5.85,70.00999999999999
67,13,BA,2024-12-02,delivered,玩具,67.97,4.17,72.14
68,13,BA,2024-11-24,delivered,玩具,226.82,18.98,245.79999999999998
68,13,BA,2024-11-24,delivered,厨具,332.37,64.16,396.53
69,13,BA,2024-12-18,delivered,宠物用品,148.34,28.1,176.44
69,13,BA,2024-12-18,delivered,服饰,651.47,94.56,746.03
70,13,BA,2024-02-01,delivered,宠物用品,539.51,94.2,633.71
71,13,BA,2024-09-18,delivered,运动休闲,117.63,20.59,138.22
71,13,BA,2024-09-18,delivered,宠物用品,631.2,53.38,684.58
71,13,BA,2024-09-18,delivered,家居家具,313.4,27.59,340.98999999999995
72,13,BA,2023-12-30,delivered,电脑配件,299.22,44.33,343.55
72,13,BA,2023-12-30,delivered,美妆健康,394.05,45.03,439.08000000000004
72,13,BA,2023-12-30,delivered,电脑配件,86.63,15.99,102.61999999999999
73,13,BA,2023-06-01,delivered,服饰,665.76,123.75,789.51
74,13,BA,2024-09-10,delivered,玩具,31.69,1.64,33.33
74,13,BA,2024-09-10,delivered,厨具,531.65,46.52,578.17
74,13,BA,2024-09-10,delivered,宠物用品,471.22,83.94,555.1600000000001
75,13,BA,2023-07-02,delivered,玩具,637.51,47.93,685.4399999999999
76,13,BA,2024-11-14,delivered,厨具,634.7,111.59,746.2900000000001
76,13,BA,2024-11-14,delivered,玩具,405.68,33.25,438.93
76,13,BA,2024-11-14,delivered,服饰,598.69,69.32,668.01
77,13,BA,2024-11-10,delivered,服饰,665.1,80.47,745.57
77,13,BA,2024-11-10,delivered,家居家具,65.59,7.88,73.47
78,13,BA,2023-05-25,delivered,服饰,487.69,78.12,565.81
79,13,BA,2023-06-08,delivered,电子产品,538.93,94.9,633.8299999999999
79,13,BA,2023-06-08,delivered,玩具,352.14,70.43,422.57
79,13,BA,2023-06-08,delivered,电脑配件,78.81,11.47,90.28
80,13,BA,2024-05-30,canceled,服饰,552.42,104.81,657.23
80,13,BA,2024-05-30,canceled,图书,650.71,41.71,692.4200000000001
80,13,BA,2024-05-30,canceled,玩具,398.05,73.49,471.54
81,13,BA,2023-02-07,delivered,家居家具,93.68,13.94,107.62
82,14,SP,2024-09-06,delivered,玩具,286.73,25.16,311.89000000000004
82,14,SP,2024-09-06,delivered,玩具,664.85,62.45,727.3000000000001
83,15,RJ,2023-12-17,delivered,图书,780.5,115.66,896.16
83,15,RJ,2023-12-17,delivered,运动休闲,278.1,27.13,305.23
83,15,RJ,2023-12-17,delivered,电子产品,119.51,23.41,142.92000000000002
84,16,SC,2024-12-29,delivered,服饰,467.75,51.35,519.1
84,16,SC,2024-12-29,delivered,电脑配件,24.84,1.95,26.79
85,17,SC,2024-09-14,delivered,服饰,134.7,20.35,155.04999999999998
85,17,SC,2024-09-14,delivered,玩具,485.12,73.81,558.9300000000001
86,17,SC,2023-07-28,delivered,服饰,155.65,23.28,178.93
86,17,SC,2023-07-28,delivered,服饰,348.83,22.71,371.53999999999996
86,17,SC,2023-07-28,delivered,运动休闲,30.47,5.51,35.98
87,17,SC,2023-05-21,delivered,电子产品,164.13,9.05,173.18
87,17,SC,2023-05-21,delivered,运动休闲,355.93,52.06,407.99
88,17,SC,2024-12-02,canceled,图书,50.72,3.44,54.16
88,17,SC,2024-12-02,canceled,运动休闲,468.75,88.03,556.78
88,17,SC,2024-12-02,canceled,宠物用品,72.43,11.01,83.44000000000001
89,17,SC,2024-05-06,delivered,玩具,620.51,82.11,702.62
90,17,SC,2023-04-01,delivered,电子产品,353.06,18.15,371.21
90,17,SC,2023-04-01,delivered,家居家具,114.9,22.4,137.3
90,17,SC,2023-04-01,delivered,厨具,190.23,12.97,203.2
91,17,SC,2024-02-04,delivered,宠物用品,592.17,46.26,638.43
92,17,SC,2023-02-25,delivered,服饰,589.18,36.91,626.0899999999999
92,17,SC,2023-02-25,delivered,图书,454.84,56.73,511.57
92,17,SC,2023-02-25,delivered,家居家具,747.23,65.84,813.07
93,17,SC,2024-12-15,delivered,电子产品,709.0,108.47,817.47
94,17,SC,2024-05-20,delivered,美妆健康,149.48,26.78,176.26
94,17,SC,2024-05-20,delivered,电子产品,494.98,48.23,543.21
94,17,SC,2024-05-20,delivered,电脑配件,587.66,70.8,658.4599999999999
95,17,SC,2023-06-14,delivered,厨具,147.94,25.19,173.13
95,17,SC,2023-06-14,delivered,玩具,320.88,53.89,374.77
96,17,SC,2024-12-07,delivered,美妆健康,238.33,34.15,272.48
96,17,SC,2024-12-07,delivered,运动休闲,568.55,98.99,667.54
97,18,RJ,2024-05-12,delivered,厨具,476.04,93.52,569.5600000000001
97,18,RJ,2024-05-12,delivered,运动休闲,313.81,47.93,361.74
97,18,RJ,2024-05-12,delivered,美妆健康,621.73,52.94,674.6700000000001
98,19,BA,2024-07-06,delivered,玩具,477.58,82.33,559.91
98,19,BA,2024-07-06,delivered,服饰,245.05,17.42,262.47
99,20,RJ,2024-12-27,delivered,服饰,732.72,74.76,807.48
99,20,RJ,2024-12-27,delivered,服饰,441.19,54.14,495.33
99,20,RJ,2024-12-27,delivered,图书,176.34,28.66,205.0
100,21,CE,2023-10-23,canceled,电脑配件,572.5,108.15,680.65
100,21,CE,2023-10-23,canceled,玩具,605.88,102.24,708.12
101,21,CE,2024-01-25,delivered,服饰,330.59,42.37,372.96
102,21,CE,2023-09-09,delivered,家居家具,479.68,37.59,517.27
102,21,CE,2023-09-09,delivered,玩具,91.91,15.71,107.62
103,21,CE,2023-10-05,delivered,服饰,423.43,30.64,454.07
103,21,CE,2023-10-05,delivered,服饰,739.64,91.71,831.35
104,21,CE,2024-11-03,delivered,运动休闲,266.32,14.53,280.84999999999997
105,21,CE,2023-09-27,delivered,服饰,792.52,142.58,935.1
106,21,CE,2024-02-15,delivered,服饰,95.74,11.2,106.94
106,21,CE,2024-02-15,delivered,玩具,658.69,128.13,786.82
107,21,CE,2023-09-04,canceled,电子产品,315.0,17.05,332.05
108,21,CE,2023-02-08,delivered,电子产品,758.82,141.51,900.33
108,21,CE,2023-02-08,delivered,服饰,693.12,101.18,794.3
109,21,CE,2024-11-27,delivered,电子产品,460.29,67.25,527.54
109,21,CE,2024-11-27,delivered,家居家具,415.07,32.13,447.2
110,21,CE,2024-10-24,delivered,电脑配件,154.26,29.5,183.76
110,21,CE,2024-10-24,delivered,宠物用品,66.24,8.8,75.03999999999999
110,21,CE,2024-10-24,delivered,电子产品,673.03,38.4,711.43
111,21,CE,2024-09-12,delivered,家居家具,98.82,9.65,108.47
111,21,CE,2024-09-12,delivered,宠物用品,752.72,114.06,866.78
112,21,CE,2023-10-13,delivered,玩具,272.66,24.14,296.8
113,21,CE,2023-05-10,delivered,运动休闲,649.89,121.62,771.51
113,21,CE,2023-05-10,delivered,电子产品,384.96,71.94,456.9
114,21,CE,2024-09-20,delivered,美妆健康,696.07,127.59,823.6600000000001
115,21,CE,2023-05-22,delivered,运动休闲,510.13,60.12,570.25
115,21,CE,2023-05-22,delivered,家居家具,271.6,23.11,294.71000000000004
116,21,CE,2023-05-03,delivered,厨具,64.25,10.09,74.34
117,21,CE,2024-04-07,delivered,运动休闲,341.19,25.03,366.22
117,21,CE,2024-04-07,delivered,美妆健康,465.37,43.97,509.34000000000003
118,21,CE,2024-09-24,delivered,运动休闲,724.47,48.63,773.1
118,21,CE,2024-09-24,delivered,图书,64.35,11.86,76.21
119,21,CE,2024-06-21,delivered,运动休闲,221.08,17.74,238.82000000000002
119,21,CE,2024-06-21,delivered,电子产品,357.01,31.86,388.87
120,21,CE,2023-08-21,delivered,运动休闲,719.04,42.15,761.1899999999999
120,21,CE,2023-08-21,delivered,电脑配件,783.26,56.12,839.38
121,21,CE,2024-06-01,delivered,图书,129.31,6.5,135.81
121,21,CE,2024-06-01,delivered,厨具,243.39,25.32,268.71
122,21,CE,2023-02-15,delivered,电子产品,127.7,9.84,137.54
122,21,CE,2023-02-15,delivered,厨具,199.73,15.25,214.98
122,21,CE,2023-02-15,delivered,美妆健康,81.83,5.16,86.99
123,21,CE,2024-05-14,delivered,服饰,126.89,19.1,145.99
124,21,CE,2024-05-25,delivered,电子产品,71.24,11.39,82.63
125,21,CE,2023-12-20,delivered,图书,281.47,49.62,331.09000000000003
125,21,CE,2023-12-20,delivered,电子产品,90.46,10.08,100.53999999999999
125,21,CE,2023-12-20,delivered,服饰,391.76,70.83,462.59
126,21,CE,2023-09-15,delivered,玩具,567.76,77.35,645.11
127,21,CE,2024-10-30,delivered,厨具,114.2,17.95,132.15
127,21,CE,2024-10-30,delivered,美妆健康,627.72,113.12,740.84
127,21,CE,2024-10-30,delivered,电脑配件,606.03,35.87,641.9
128,21,CE,2024-11-06,delivered,图书,40.0,6.83,46.83
128,21,CE,2024-11-06,delivered,电子产品,36.14,7.05,43.19
129,21,CE,2023-08-07,delivered,服饰,453.18,87.6,540.78
129,21,CE,2023-08-07,delivered,运动休闲,95.25,14.75,110.0
130,21,CE,2023-07-11,canceled,电脑配件,469.66,60.32,529.98
130,21,CE,2023-07-11,canceled,家居家具,366.49,37.6,404.09000000000003
130,21,CE,2023-07-11,canceled,宠物用品,579.34,32.89,612.23
131,21,CE,2023-05-09,delivered,图书,115.19,12.77,127.96
131,21,CE,2023-05-09,delivered,电子产品,442.45,37.22,479.66999999999996
132,21,CE,2023-08-10,delivered,服饰,148.17,25.77,173.94
132,21,CE,2023-08-10,delivered,电脑配件,323.22,36.55,359.77000000000004
132,21,CE,2023-08-10,delivered,美妆健康,429.98,47.02,477.0
133,21,CE,2024-12-05,delivered,运动休闲,674.08,106.05,780.13
133,21,CE,2024-12-05,delivered,运动休闲,647.42,121.01,768.43
134,22,SC,2024-10-23,canceled,服饰,767.13,145.87,913.0
134,22,SC,2024-10-23,canceled,运动休闲,698.99,104.48,803.47
134,22,SC,2024-10-23,canceled,电子产品,304.26,39.44,343.7
135,23,SP,2024-01-03,delivered,电子产品,348.17,38.14,386.31
136,24,DF,2024-05-28,delivered,厨具,504.32,94.66,598.98
137,24,DF,2024-05-22,delivered,宠物用品,215.45,27.59,243.04
137,24,DF,2024-05-22,delivered,玩具,204.59,11.44,216.03
137,24,DF,2024-05-22,delivered,图书,258.22,37.99,296.21000000000004
138,24,DF,2023-05-07,delivered,服饰,383.81,49.92,433.73
138,24,DF,2023-05-07,delivered,服饰,363.18,46.03,409.21000000000004
139,24,DF,2024-11-11,delivered,电脑配件,209.85,13.26,223.10999999999999
139,24,DF,2024-11-11,delivered,服饰,243.99,28.82,272.81
140,24,DF,2024-07-10,delivered,厨具,574.08,68.39,642.47
141,24,DF,2024-04-03,delivered,电子产品,208.96,17.39,226.35000000000002
141,24,DF,2024-04-03,delivered,图书,445.81,87.13,532.94
142,24,DF,2023-12-13,delivered,美妆健康,454.19,56.19,510.38
143,24,DF,2023-10-01,delivered,厨具,36.99,4.91,41.900000000000006
144,24,DF,2024-05-13,delivered,图书,322.55,37.41,359.96000000000004
145,24,DF,2024-08-08,delivered,厨具,748.48,84.21,832.69
145,24,DF,2024-08-08,delivered,家居家具,294.91,44.62,339.53000000000003
145,24,DF,2024-08-08,delivered,服饰,496.39,45.43,541.8199999999999
146,24,DF,2024-10-17,delivered,图书,572.67,107.21,679.88
146,24,DF,2024-10-17,delivered,运动休闲,342.17,22.41,364.58000000000004
147,24,DF,2023-12-21,delivered,服饰,770.94,104.69,875.6300000000001
147,24,DF,2023-12-21,delivered,运动休闲,682.96,62.76,745.72
148,24,DF,2024-05-21,delivered,运动休闲,244.69,25.18,269.87
148,24,DF,2024-05-21,delivered,宠物用品,324.73,43.29,368.02000000000004
148,24,DF,2024-05-21,delivered,家居家具,525.6,26.81,552.41
149,24,DF,2024-08-15,delivered,电子产品,163.69,15.65,179.34
149,24,DF,2024-08-15,delivered,服饰,359.8,38.34,398.14
150,24,DF,2023-08-15,delivered,美妆健康,673.76,130.58,804.34
150,24,DF,2023-08-15,delivered,服饰,778.25,142.96,921.21
151,24,DF,2024-12-12,canceled,运动休闲,718.8,68.27,787.0699999999999
151,24,DF,2024-12-12,canceled,图书,623.32,81.51,704.83
152,24,DF,2024-12-30,delivered,图书,355.44,42.52,397.96
152,24,DF,2024-12-30,delivered,服饰,483.88,49.68,533.56
152,24,DF,2024-12-30,delivered,电子产品,547.65,70.53,618.18
153,24,DF,2023-04-17,delivered,家居家具,744.16,54.42,798.5799999999999
153,24,DF,2023-04-17,delivered,玩具,772.29,95.0,867.29
153,24,DF,2023-04-17,delivered,电脑配件,618.52,114.35,732.87
154,24,DF,2024-05-02,delivered,电子产品,268.1,52.75,320.85
155,24,DF,2024-10-09,delivered,美妆健康,558.11,96.6,654.71
155,24,DF,2024-10-09,delivered,图书,712.75,80.64,793.39
155,24,DF,2024-10-09,delivered,玩具,428.76,73.93,502.69
156,24,DF,2023-07-23,delivered,家居家具,511.48,71.85,583.33
157,24,DF,2023-11-19,delivered,服饰,559.56,28.88,588.4399999999999
157,24,DF,2023-11-19,delivered,宠物用品,259.26,39.82,299.08
157,24,DF,2023-11-19,delivered,宠物用品,735.29,80.61,815.9
158,24,DF,2023-04-17,canceled,玩具,156.65,25.9,182.55
159,24,DF,2024-04-17,delivered,服饰,468.08,52.27,520.35
159,24,DF,2024-04-17,delivered,运动休闲,133.38,17.04,150.42
159,24,DF,2024-04-17,delivered,图书,103.18,6.71,109.89
160,24,DF,2023-06-18,delivered,玩具,649.15,38.51,687.66
160,24,DF,2023-06-18,delivered,电子产品,553.96,75.8,629.76
160,24,DF,2023-06-18,delivered,服饰,578.06,59.58,637.64
161,24,DF,2023-06-17,delivered,服饰,292.14,34.32,326.46
161,24,DF,2023-06-17,delivered,家居家具,35.25,2.93,38.18
161,24,DF,2023-06-17,delivered,服饰,474.48,92.02,566.5
162,24,DF,2024-01-09,delivered,服饰,144.33,19.92,164.25
163,24,DF,2023-06-21,canceled,电子产品,346.33,30.41,376.74
163,24,DF,2023-06-21,canceled,电子产品,784.04,47.14,831.18
164,24,DF,2024-06-28,delivered,家居家具,261.14,47.34,308.48
165,24,DF,2024-02-14,delivered,图书,152.54,16.3,168.84
166,24,DF,2023-01-09,delivered,电子产品,109.61,14.26,123.87
166,24,DF,2023-01-09,delivered,家居家具,281.99,41.65,323.64
166,24,DF,2023-01-09,delivered,运动休闲,349.38,65.32,414.7
167,24,DF,2024-04-07,delivered,图书,205.0,11.32,216.32
167,24,DF,2024-04-07,delivered,家居家具,39.72,6.78,46.5
168,24,DF,2023-08-24,delivered,服饰,671.31,46.43,717.7399999999999
168,24,DF,2023-08-24,delivered,电脑配件,384.3,65.04,449.34000000000003
169,24,DF,2023-08-22,delivered,玩具,313.98,60.84,374.82000000000005
169,24,DF,2023-08-22,delivered,服饰,251.86,30.57,282.43
169,24,DF,2023-08-22,delivered,服饰,197.27,23.26,220.53
170,24,DF,2023-05-15,delivered,电脑配件,478.3,50.32,528.62
170,24,DF,2023-05-15,delivered,运动休闲,335.24,42.42,377.66
170,24,DF,2023-05-15,delivered,运动休闲,700.46,47.92,748.38
171,24,DF,2024-03-07,delivered,厨具,616.55,33.48,650.03
171,24,DF,2024-03-07,delivered,玩具,462.79,44.71,507.5
171,24,DF,2024-03-07,delivered,家居家具,574.35,88.56,662.9100000000001
172,24,DF,2024-09-05,delivered,电脑配件,73.1,13.68,86.78
172,24,DF,2024-09-05,delivered,家居家具,611.59,48.27,659.86
172,24,DF,2024-09-05,delivered,玩具,262.79,22.06,284.85
173,24,DF,2023-05-11,delivered,玩具,678.6,81.21,759.8100000000001
173,24,DF,2023-05-11,delivered,图书,708.55,126.97,835.52
174,24,DF,2023-05-16,delivered,电脑配件,643.53,98.87,742.4
174,24,DF,2023-05-16,delivered,家居家具,39.71,6.18,45.89
175,24,DF,2024-01-27,delivered,图书,96.2,9.02,105.22
175,24,DF,2024-01-27,delivered,美妆健康,731.9,117.18,849.0799999999999
176,24,DF,2024-07-23,canceled,美妆健康,146.37,11.67,158.04
177,24,DF,2023-10-17,delivered,厨具,510.98,97.72,608.7
177,24,DF,2023-10-17,delivered,运动休闲,674.78,91.45,766.23
177,24,DF,2023-10-17,delivered,玩具,426.21,80.49,506.7
178,24,DF,2024-06-23,delivered,服饰,625.65,58.15,683.8
179,24,DF,2023-02-17,delivered,玩具,779.82,118.66,898.48
179,24,DF,2023-02-17,delivered,服饰,637.32,51.95,689.2700000000001
179,24,DF,2023-02-17,delivered,图书,604.63,38.04,642.67
180,24,DF,2024-07-10,delivered,电脑配件,431.31,44.15,475.46
181,24,DF,2024-12-09,delivered,家居家具,596.12,104.02,700.14
181,24,DF,2024-12-09,delivered,图书,508.24,64.19,572.4300000000001
181,24,DF,2024-12-09,delivered,电脑配件,564.64,64.51,629.15
182,24,DF,2024-03-06,delivered,服饰,167.65,32.33,199.98000000000002
182,24,DF,2024-03-06,delivered,家居家具,223.73,29.52,253.25
183,24,DF,2024-12-18,delivered,运动休闲,771.61,58.03,829.64
183,24,DF,2024-12-18,delivered,图书,341.08,27.36,368.44
184,24,DF,2023-10-23,delivered,家居家具,396.57,61.8,458.37
184,24,DF,2023-10-23,delivered,宠物用品,422.0,49.27,471.27
185,24,DF,2024-12-03,delivered,家居家具,130.67,17.57,148.23999999999998
186,24,DF,2023-11-08,delivered,服饰,754.15,114.29,868.4399999999999
186,24,DF,2023-11-08,delivered,运动休闲,486.97,58.04,545.01
187,24,DF,2024-08-29,delivered,美妆健康,29.65,3.65,33.3
187,24,DF,2024-08-29,delivered,服饰,67.06,6.18,73.24000000000001
187,24,DF,2024-08-29,delivered,玩具,106.26,10.24,116.5
188,24,DF,2024-12-15,delivered,运动休闲,303.12,22.8,325.92
188,24,DF,2024-12-15,delivered,厨具,55.55,6.68,62.23
189,24,DF,2024-12-22,delivered,厨具,459.65,30.48,490.13
189,24,DF,2024-12-22,delivered,电子产品,766.25,94.44,860.69
190,24,DF,2024-09-10,delivered,厨具,243.06,34.52,277.58
191,24,DF,2024-08-04,delivered,服饰,128.15,6.94,135.09
192,24,DF,2024-09-04,delivered,电子产品,770.38,99.24,869.62
192,24,DF,2024-09-04,delivered,图书,151.4,25.39,176.79000000000002
193,24,DF,2024-10-11,delivered,电子产品,524.9,54.29,579.1899999999999
193,24,DF,2024-10-11,delivered,服饰,307.45,40.79,348.24
194,24,DF,2023-11-28,delivered,服饰,103.64,17.66,121.3
195,24,DF,2024-11-27,delivered,宠物用品,405.62,50.67,456.29
196,24,DF,2023-06-05,delivered,服饰,130.67,10.99,141.66
196,24,DF,2023-06-05,delivered,电子产品,365.69,71.48,437.17
196,24,DF,2023-06-05,delivered,厨具,783.65,139.18,922.8299999999999
197,24,DF,2024-02-10,delivered,服饰,675.84,120.5,796.34
198,24,DF,2024-09-12,delivered,美妆健康,63.13,9.89,73.02000000000001
199,25,RJ,2023-03-11,canceled,电脑配件,148.28,13.99,162.27
200,26,BA,2024-04-14,delivered,服饰,443.32,56.53,499.85
200,26,BA,2024-04-14,delivered,服饰,777.61,144.87,922.48
201,27,AM,2024-12-20,delivered,家居家具,583.76,58.22,641.98
202,28,AM,2024-04-16,delivered,美妆健康,524.94,49.82,574.7600000000001
202,28,AM,2024-04-16,delivered,家居家具,433.72,62.92,496.64000000000004
203,29,DF,2023-08-06,delivered,服饰,535.18,56.62,591.8
204,30,SP,2023-12-24,delivered,服饰,223.64,18.81,242.45
204,30,SP,2023-12-24,delivered,玩具,447.53,29.91,477.44
205,31,DF,2023-09-03,delivered,服饰,573.1,48.17,621.27
205,31,DF,2023-09-03,delivered,运动休闲,196.71,26.73,223.44
205,31,DF,2023-09-03,delivered,图书,593.76,110.67,704.43
206,32,DF,2024-10-25,delivered,家居家具,449.44,70.65,520.09
207,33,SC,2023-05-03,delivered,运动休闲,667.56,72.63,740.1899999999999
208,34,SP,2024-12-14,delivered,玩具,625.41,36.67,662.0799999999999
209,35,BA,2023-11-30,canceled,宠物用品,378.57,25.77,404.34
209,35,BA,2023-11-30,canceled,电子产品,352.26,64.57,416.83
209,35,BA,2023-11-30,canceled,美妆健康,791.12,63.48,854.6
210,36,SP,2024-08-03,delivered,家居家具,647.21,103.82,751.03
210,36,SP,2024-08-03,delivered,电子产品,663.99,45.42,709.41
210,36,SP,2024-08-03,delivered,玩具,420.28,54.09,474.37
211,37,CE,2024-02-17,delivered,宠物用品,448.09,76.38,524.47
212,38,MG,2024-11-29,delivered,玩具,561.26,29.85,591.11
212,38,MG,2024-11-29,delivered,玩具,363.11,61.25,424.36
213,39,RS,2023-03-22,delivered,美妆健康,701.52,105.53,807.05
213,39,RS,2023-03-22,delivered,服饰,478.89,41.92,520.81
213,39,RS,2023-03-22,delivered,玩具,613.93,55.44,669.3699999999999
214,40,SC,2023-01-28,delivered,玩具,700.99,119.22,820.21
214,40,SC,2023-01-28,delivered,服饰,78.19,11.19,89.38
214,40,SC,2023-01-28,delivered,厨具,550.02,59.89,609.91
215,41,MG,2023-06-06,delivered,服饰,423.26,44.08,467.34
216,42,CE,2023-10-24,delivered,宠物用品,152.39,15.87,168.26
217,43,RJ,2024-04-25,delivered,宠物用品,281.69,34.51,316.2
217,43,RJ,2024-04-25,delivered,服饰,36.0,4.28,40.28
218,44,DF,2024-05-27,delivered,家居家具,233.2,29.15,262.34999999999997
218,44,DF,2024-05-27,delivered,厨具,298.33,40.58,338.90999999999997
219,44,DF,2024-04-30,delivered,家居家具,724.06,46.55,770.6099999999999
220,44,DF,2023-07-15,delivered,宠物用品,303.07,27.95,331.02
220,44,DF,2023-07-15,delivered,运动休闲,700.79,133.71,834.5
220,44,DF,2023-07-15,delivered,图书,76.18,14.81,90.99000000000001
221,44,DF,2023-11-13,delivered,图书,700.83,110.28,811.11
222,44,DF,2023-11-09,delivered,玩具,412.91,76.03,488.94000000000005
222,44,DF,2023-11-09,delivered,运动休闲,797.37,57.91,855.28
223,44,DF,2023-07-21,delivered,玩具,367.5,49.73,417.23
223,44,DF,2023-07-21,delivered,电子产品,744.99,102.82,847.81
224,44,DF,2023-05-25,delivered,电脑配件,449.99,85.77,535.76
224,44,DF,2023-05-25,delivered,家居家具,77.33,6.07,83.4
224,44,DF,2023-05-25,delivered,服饰,476.24,45.55,521.79
225,44,DF,2023-11-20,delivered,电脑配件,697.28,41.95,739.23
225,44,DF,2023-11-20,delivered,电子产品,269.02,20.52,289.53999999999996
226,44,DF,2024-11-17,delivered,美妆健康,204.78,10.86,215.64
226,44,DF,2024-11-17,delivered,玩具,331.67,26.55,358.22
226,44,DF,2024-11-17,delivered,美妆健康,240.46,30.13,270.59000000000003
227,44,DF,2023-04-18,delivered,美妆健康,57.91,3.53,61.44
228,45,RS,2024-04-24,delivered,美妆健康,438.81,79.56,518.37
229,46,CE,2024-11-28,delivered,电子产品,526.17,58.3,584.4699999999999
229,46,CE,2024-11-28,delivered,电脑配件,644.3,49.08,693.38
229,46,CE,2024-11-28,delivered,运动休闲,641.08,40.44,681.52
230,47,AM,2024-09-05,delivered,电脑配件,701.19,37.77,738.96
230,47,AM,2024-09-05,delivered,电子产品,460.03,91.15,551.18
231,48,MG,2024-05-17,delivered,厨具,34.51,2.82,37.33
232,49,RJ,2024-10-18,delivered,图书,440.16,60.86,501.02000000000004
232,49,RJ,2024-10-18,delivered,家居家具,139.66,27.54,167.2
233,50,DF,2023-08-13,delivered,服饰,44.67,6.57,51.24
233,50,DF,2023-08-13,delivered,运动休闲,622.63,122.41,745.04
234,51,DF,2023-09-25,delivered,服饰,27.05,3.28,30.330000000000002
235,52,AM,2024-09-03,delivered,玩具,610.14,38.74,648.88
236,53,BA,2023-05-18,canceled,服饰,453.09,35.01,488.09999999999997
236,53,BA,2023-05-18,canceled,美妆健康,305.18,22.09,327.27
236,53,BA,2023-05-18,canceled,图书,699.25,124.71,823.96
237,54,PR,2024-03-19,delivered,电脑配件,786.22,98.15,884.37
238,55,RJ,2023-11-14,delivered,美妆健康,636.06,34.33,670.39
239,56,CE,2023-01-18,delivered,图书,66.79,8.99,75.78
239,56,CE,2023-01-18,delivered,家居家具,727.48,77.36,804.84
239,56,CE,2023-01-18,delivered,美妆健康,509.16,42.57,551.73
240,57,PA,2023-09-11,delivered,服饰,274.32,31.23,305.55
240,57,PA,2023-09-11,delivered,电脑配件,252.8,50.34,303.14
241,58,RJ,2024-04-19,delivered,电子产品,240.4,23.97,264.37
242,59,DF,2024-11-14,delivered,美妆健康,766.33,62.69,829.02
242,59,DF,2024-11-14,delivered,玩具,708.63,57.73,766.36
242,59,DF,2024-11-14,delivered,厨具,301.08,50.27,351.34999999999997
243,60,SP,2023-06-29,delivered,电子产品,647.92,47.16,695.0799999999999
243,60,SP,2023-06-29,delivered,电子产品,124.04,11.83,135.87
243,60,SP,2023-06-29,delivered,家居家具,594.09,38.4,632.49
244,61,DF,2024-07-02,delivered,家居家具,578.76,105.5,684.26
244,61,DF,2024-07-02,delivered,服饰,476.51,38.22,514.73
244,61,DF,2024-07-02,delivered,图书,557.78,31.06,588.8399999999999
245,62,BA,2023-08-14,delivered,运动休闲,57.69,10.62,68.31
245,62,BA,2023-08-14,delivered,服饰,705.29,48.01,753.3
245,62,BA,2023-08-14,delivered,电子产品,777.06,100.09,877.15
246,63,PE,2023-08-07,delivered,服饰,410.57,27.45,438.02
246,63,PE,2023-08-07,delivered,宠物用品,674.87,130.65,805.52
246,63,PE,2023-08-07,delivered,厨具,292.56,24.07,316.63
247,64,AM,2024-08-05,delivered,厨具,229.82,44.8,274.62
248,64,AM,2023-07-13,canceled,电子产品,228.42,22.58,251.0
248,64,AM,2023-07-13,canceled,服饰,529.43,69.67,599.0999999999999
248,64,AM,2023-07-13,canceled,厨具,277.99,31.01,309.0
249,64,AM,2024-12-28,delivered,服饰,268.25,30.28,298.53
249,64,AM,2024-12-28,delivered,运动休闲,321.92,34.71,356.63
250,64,AM,2023-12-21,delivered,运动休闲,494.11,93.36,587.47
251,64,AM,2023-09-04,delivered,玩具,537.47,33.87,571.34
252,64,AM,2024-05-21,canceled,玩具,336.54,45.02,381.56
252,64,AM,2024-05-21,canceled,图书,524.05,69.35,593.4
252,64,AM,2024-05-21,canceled,电子产品,375.29,51.29,426.58000000000004
253,64,AM,2024-02-05,delivered,家居家具,481.99,96.02,578.01
253,64,AM,2024-02-05,delivered,运动休闲,663.49,111.93,775.4200000000001
253,64,AM,2024-02-05,delivered,图书,297.06,17.71,314.77
254,64,AM,2024-12-20,delivered,美妆健康,76.16,12.92,89.08
254,64,AM,2024-12-20,delivered,家居家具,194.15,27.55,221.70000000000002
254,64,AM,2024-12-20,delivered,厨具,224.58,39.56,264.14
255,64,AM,2024-10-30,delivered,电脑配件,192.55,13.73,206.28
255,64,AM,2024-10-30,delivered,家居家具,432.42,55.6,488.02000000000004
256,64,AM,2024-03-18,delivered,图书,138.92,20.74,159.66
256,64,AM,2024-03-18,delivered,图书,519.61,90.47,610.08
256,64,AM,2024-03-18,delivered,运动休闲,696.87,39.37,736.24
257,64,AM,2023-12-05,delivered,家居家具,140.0,12.28,152.28
258,64,AM,2023-04-21,delivered,电子产品,373.19,23.59,396.78
258,64,AM,2023-04-21,delivered,服饰,246.59,28.83,275.42
258,64,AM,2023-04-21,delivered,图书,370.47,45.11,415.58000000000004
259,64,AM,2024-09-20,delivered,图书,121.81,15.02,136.83
260,64,AM,2024-06-16,delivered,图书,217.24,28.99,246.23000000000002
260,64,AM,2024-06-16,delivered,宠物用品,465.03,27.28,492.30999999999995
261,64,AM,2023-06-26,delivered,服饰,208.63,36.54,245.17
261,64,AM,2023-06-26,delivered,厨具,429.64,53.28,482.91999999999996
262,64,AM,2023-04-07,delivered,服饰,309.86,17.53,327.39
262,64,AM,2023-04-07,delivered,电脑配件,313.07,17.61,330.68
262,64,AM,2023-04-07,delivered,家居家具,250.29,27.83,278.12
263,64,AM,2024-06-07,delivered,家居家具,682.76,47.4,730.16
264,64,AM,2024-05-20,delivered,玩具,69.42,5.59,75.01
264,64,AM,2024-05-20,delivered,厨具,82.35,9.62,91.97
264,64,AM,2024-05-20,delivered,服饰,430.14,53.55,483.69
265,64,AM,2024-11-18,delivered,玩具,459.52,87.43,546.95
266,64,AM,2024-07-15,delivered,服饰,363.07,44.91,407.98
267,64,AM,2024-03-06,delivered,厨具,176.19,23.12,199.31
268,64,AM,2024-11-29,delivered,厨具,378.72,24.05,402.77000000000004
268,64,AM,2024-11-29,delivered,厨具,465.4,24.35,489.75
269,64,AM,2024-02-23,delivered,运动休闲,62.9,9.57,72.47
269,64,AM,2024-02-23,delivered,玩具,281.76,50.56,332.32
269,64,AM,2024-02-23,delivered,厨具,558.99,62.99,621.98
270,64,AM,2024-04-30,delivered,服饰,269.98,21.2,291.18
270,64,AM,2024-04-30,delivered,宠物用品,165.19,21.61,186.8
270,64,AM,2024-04-30,delivered,图书,224.63,21.78,246.41
271,64,AM,2023-09-05,delivered,图书,710.92,108.17,819.0899999999999
271,64,AM,2023-09-05,delivered,厨具,257.5,46.35,303.85
272,64,AM,2024-09-22,delivered,玩具,122.77,9.96,132.73
272,64,AM,2024-09-22,delivered,运动休闲,311.57,37.27,348.84
273,64,AM,2024-02-17,delivered,玩具,376.02,58.67,434.69
273,64,AM,2024-02-17,delivered,美妆健康,59.91,5.82,65.72999999999999
274,64,AM,2024-03-22,delivered,服饰,233.37,39.54,272.91
274,64,AM,2024-03-22,delivered,美妆健康,176.43,14.36,190.79000000000002
275,64,AM,2024-12-19,delivered,电脑配件,179.01,14.41,193.42
275,64,AM,2024-12-19,delivered,电子产品,358.3,52.27,410.57
275,64,AM,2024-12-19,delivered,玩具,126.86,23.09,149.95
276,64,AM,2024-10-01,delivered,家居家具,595.02,44.4,639.42
276,64,AM,2024-10-01,delivered,电脑配件,545.6,82.52,628.12
276,64,AM,2024-10-01,delivered,美妆健康,645.5,84.02,729.52
277,64,AM,2023-06-07,delivered,图书,98.67,6.34,105.01
278,64,AM,2024-09-10,delivered,美妆健康,670.18,104.5,774.68
279,64,AM,2024-01-11,delivered,电子产品,52.57,9.22,61.79
279,64,AM,2024-01-11,delivered,美妆健康,611.37,110.79,722.16
279,64,AM,2024-01-11,delivered,电子产品,571.41,90.23,661.64
280,65,CE,2023-09-07,delivered,家居家具,784.48,85.29,869.77
281,66,SC,2023-12-04,delivered,服饰,561.47,44.76,606.23
281,66,SC,2023-12-04,delivered,运动休闲,588.03,67.32,655.3499999999999
281,66,SC,2023-12-04,delivered,电脑配件,333.07,18.59,351.65999999999997
282,67,PR,2024-06-14,delivered,厨具,76.89,9.49,86.38
282,67,PR,2024-06-14,delivered,运动休闲,605.29,75.35,680.64
282,67,PR,2024-06-14,delivered,厨具,176.4,16.23,192.63
283,68,PE,2024-04-30,delivered,玩具,231.52,42.59,274.11
284,69,DF,2023-08-10,delivered,美妆健康,98.52,4.95,103.47
284,69,DF,2023-08-10,delivered,玩具,756.63,112.34,868.97
284,69,DF,2023-08-10,delivered,玩具,154.14,15.8,169.94
285,70,PE,2023-11-06,delivered,服饰,584.47,69.11,653.58
285,70,PE,2023-11-06,delivered,运动休闲,450.22,75.73,525.95
286,71,PR,2024-01-26,canceled,玩具,95.84,14.09,109.93
286,71,PR,2024-01-26,canceled,运动休闲,343.95,60.39,404.34
286,71,PR,2024-01-26,canceled,厨具,312.28,46.68,358.96
287,72,RS,2023-06-17,delivered,厨具,701.28,85.58,786.86
288,73,BA,2023-04-12,delivered,电子产品,230.97,30.29,261.26
289,74,MG,2023-08-27,delivered,服饰,306.18,24.39,330.57
289,74,MG,2023-08-27,delivered,玩具,453.13,89.81,542.94
289,74,MG,2023-08-27,delivered,运动休闲,586.73,76.4,663.13
290,75,PA,2023-04-13,delivered,家居家具,464.92,71.29,536.21
290,75,PA,2023-04-13,delivered,服饰,87.89,6.65,94.54
291,76,BA,2024-12-30,delivered,图书,247.73,45.48,293.21
291,76,BA,2024-12-30,delivered,服饰,537.83,44.45,582.2800000000001
291,76,BA,2024-12-30,delivered,运动休闲,484.33,81.17,565.5
292,77,RJ,2023-03-10,delivered,宠物用品,52.15,7.44,59.589999999999996
292,77,RJ,2023-03-10,delivered,玩具,156.27,14.93,171.20000000000002
293,78,DF,2024-08-24,delivered,电子产品,753.44,84.23,837.6700000000001
294,79,RS,2023-04-06,delivered,运动休闲,137.96,14.02,151.98000000000002
294,79,RS,2023-04-06,delivered,电子产品,178.92,33.77,212.69
294,79,RS,2023-04-06,delivered,图书,278.23,54.64,332.87
295,80,CE,2023-02-12,delivered,家居家具,490.73,29.15,519.88
296,80,CE,2024-11-03,canceled,家居家具,92.06,14.51,106.57000000000001
296,80,CE,2024-11-03,canceled,图书,474.57,80.91,555.48
297,80,CE,2024-02-20,delivered,厨具,666.17,126.95,793.12
298,80,CE,2024-11-20,delivered,运动休闲,359.55,62.48,422.03000000000003
298,80,CE,2024-11-20,delivered,图书,253.2,49.16,302.36
298,80,CE,2024-11-20,delivered,图书,531.06,76.94,608.0
299,80,CE,2023-03-16,delivered,运动休闲,174.45,20.7,195.14999999999998
300,80,CE,2023-08-19,delivered,玩具,325.77,54.59,380.36
300,80,CE,2023-08-19,delivered,图书,552.63,105.69,658.3199999999999
300,80,CE,2023-08-19,delivered,图书,336.87,21.24,358.11
301,80,CE,2024-06-10,delivered,美妆健康,725.22,82.67,807.89
301,80,CE,2024-06-10,delivered,厨具,23.51,2.9,26.41
301,80,CE,2024-06-10,delivered,运动休闲,761.77,138.44,900.21
302,80,CE,2024-02-06,delivered,服饰,281.63,23.11,304.74
302,80,CE,2024-02-06,delivered,宠物用品,327.22,39.23,366.45000000000005
303,80,CE,2023-02-06,delivered,家居家具,713.85,79.32,793.1700000000001
304,80,CE,2024-03-26,delivered,图书,52.39,9.09,61.480000000000004
304,80,CE,2024-03-26,delivered,电子产品,323.94,32.36,356.3
304,80,CE,2024-03-26,delivered,运动休闲,302.65,25.31,327.96
305,80,CE,2024-11-13,delivered,电子产品,268.42,48.7,317.12
305,80,CE,2024-11-13,delivered,美妆健康,167.77,29.29,197.06
306,80,CE,2023-06-10,delivered,电脑配件,757.1,89.48,846.58
307,80,CE,2024-09-27,delivered,宠物用品,787.93,126.22,914.15
307,80,CE,2024-09-27,delivered,家居家具,420.82,44.82,465.64
307,80,CE,2024-09-27,delivered,家居家具,717.16,107.54,824.6999999999999
308,80,CE,2023-03-24,delivered,美妆健康,302.22,45.08,347.3
308,80,CE,2023-03-24,delivered,图书,555.32,105.88,661.2
309,80,CE,2024-09-27,canceled,电子产品,404.81,62.23,467.04
309,80,CE,2024-09-27,canceled,运动休闲,64.44,11.29,75.72999999999999
309,80,CE,2024-09-27,canceled,图书,112.86,12.03,124.89
310,80,CE,2023-10-24,delivered,美妆健康,604.86,33.43,638.29
310,80,CE,2023-10-24,delivered,美妆健康,396.33,20.24,416.57
310,80,CE,2023-10-24,delivered,美妆健康,132.73,18.33,151.06
311,80,CE,2024-04-24,canceled,图书,602.95,88.17,691.12
311,80,CE,2024-04-24,canceled,电脑配件,509.29,43.93,553.22
312,80,CE,2024-09-03,canceled,家居家具,526.06,89.82,615.8799999999999
312,80,CE,2024-09-03,canceled,电脑配件,518.76,64.3,583.06
312,80,CE,2024-09-03,canceled,家居家具,300.99,55.81,356.8
313,80,CE,2023-11-03,delivered,图书,290.85,20.65,311.5
314,80,CE,2024-03-09,delivered,厨具,426.0,64.84,490.84000000000003
314,80,CE,2024-03-09,delivered,玩具,478.07,93.57,571.64
315,80,CE,2024-09-05,delivered,美妆健康,261.33,50.06,311.39
316,80,CE,2023-07-14,delivered,电脑配件,551.61,57.52,609.13
316,80,CE,2023-07-14,delivered,电子产品,320.7,62.39,383.09
317,80,CE,2023-09-15,delivered,家居家具,672.94,97.96,770.9000000000001
317,80,CE,2023-09-15,delivered,服饰,716.1,40.53,756.63
318,80,CE,2023-09-26,delivered,家居家具,341.14,20.97,362.11
318,80,CE,2023-09-26,delivered,服饰,302.94,56.84,359.78
318,80,CE,2023-09-26,delivered,厨具,652.56,115.97,768.53
319,80,CE,2023-05-08,delivered,图书,664.78,89.73,754.51
320,80,CE,2023-11-20,delivered,服饰,702.97,45.31,748.28
321,80,CE,2024-05-11,delivered,厨具,149.42,11.43,160.85
322,80,CE,2024-07-30,delivered,服饰,676.46,113.96,790.4200000000001
322,80,CE,2024-07-30,delivered,家居家具,331.98,41.49,373.47
323,80,CE,2023-11-10,delivered,图书,593.81,66.53,660.3399999999999
324,80,CE,2024-11-29,delivered,图书,71.44,8.0,79.44
324,80,CE,2024-11-29,delivered,家居家具,22.42,3.05,25.470000000000002
325,80,CE,2023-08-18,delivered,美妆健康,233.57,41.28,274.85
325,80,CE,2023-08-18,delivered,运动休闲,137.9,20.79,158.69
325,80,CE,2023-08-18,delivered,家居家具,206.19,14.17,220.35999999999999
326,80,CE,2023-09-29,canceled,图书,705.36,49.16,754.52
326,80,CE,2023-09-29,canceled,家居家具,702.9,75.67,778.5699999999999
326,80,CE,2023-09-29,canceled,电脑配件,575.38,95.36,670.74
327,80,CE,2024-05-12,delivered,电脑配件,261.22,27.16,288.38000000000005
328,80,CE,2024-04-19,delivered,运动休闲,565.56,34.4,599.9599999999999
328,80,CE,2024-04-19,delivered,美妆健康,190.35,22.59,212.94
329,80,CE,2024-08-27,delivered,宠物用品,480.39,66.94,547.3299999999999
330,80,CE,2023-02-06,delivered,玩具,195.09,28.17,223.26
331,80,CE,2023-11-12,delivered,宠物用品,454.15,78.6,532.75
332,80,CE,2023-09-28,delivered,玩具,43.78,7.3,51.08
332,80,CE,2023-09-28,delivered,电子产品,652.41,58.85,711.26
332,80,CE,2023-09-28,delivered,玩具,69.18,10.0,79.18
333,80,CE,2024-07-31,delivered,图书,764.53,85.13,849.66
333,80,CE,2024-07-31,delivered,家居家具,696.77,138.9,835.67
334,80,CE,2024-09-24,delivered,服饰,75.68,9.21,84.89000000000001
334,80,CE,2024-09-24,delivered,电子产品,356.44,69.64,426.08
334,80,CE,2024-09-24,delivered,家居家具,501.79,39.45,541.24
335,80,CE,2024-05-18,delivered,服饰,171.48,27.51,198.98999999999998
335,80,CE,2024-05-18,delivered,图书,32.89,5.48,38.370000000000005
336,80,CE,2024-09-14,delivered,家居家具,609.33,107.06,716.3900000000001
337,80,CE,2023-10-11,delivered,电脑配件,498.23,26.09,524.32
337,80,CE,2023-10-11,delivered,宠物用品,180.4,9.37,189.77
337,80,CE,2023-10-11,delivered,厨具,583.15,84.28,667.43
338,80,CE,2023-09-12,delivered,图书,266.23,27.47,293.70000000000005
338,80,CE,2023-09-12,delivered,电脑配件,54.51,4.16,58.67
338,80,CE,2023-09-12,delivered,宠物用品,348.39,18.96,367.34999999999997
339,80,CE,2024-07-23,delivered,运动休闲,303.82,55.49,359.31
340,80,CE,2024-02-15,delivered,玩具,719.9,141.42,861.3199999999999
340,80,CE,2024-02-15,delivered,电脑配件,432.08,37.89,469.96999999999997
341,80,CE,2023-12-09,delivered,玩具,573.97,110.09,684.0600000000001
342,80,CE,2024-12-22,delivered,玩具,124.39,6.46,130.85
343,80,CE,2023-07-29,delivered,电子产品,654.3,128.23,782.53
344,80,CE,2023-04-04,delivered,图书,732.83,131.01,863.84
344,80,CE,2023-04-04,delivered,家居家具,507.17,92.71,599.88
344,80,CE,2023-04-04,delivered,电子产品,619.77,115.03,734.8
345,80,CE,2023-01-09,delivered,电脑配件,96.49,17.53,114.02
345,80,CE,2023-01-09,delivered,玩具,363.23,49.33,412.56
346,80,CE,2024-11-27,delivered,运动休闲,585.09,33.97,619.0600000000001
347,80,CE,2024-02-03,delivered,运动休闲,579.13,69.75,648.88
347,80,CE,2024-02-03,delivered,玩具,492.6,33.38,525.98
347,80,CE,2024-02-03,delivered,电子产品,487.28,28.95,516.23
348,80,CE,2023-08-21,delivered,服饰,461.54,74.67,536.21
349,80,CE,2023-08-08,delivered,运动休闲,93.16,18.3,111.46
350,80,CE,2024-09-23,canceled,玩具,207.55,39.35,246.9
351,80,CE,2023-08-03,delivered,电脑配件,737.04,65.92,802.9599999999999
351,80,CE,2023-08-03,delivered,运动休闲,384.97,46.9,431.87
351,80,CE,2023-08-03,delivered,电脑配件,612.42,111.67,724.0899999999999
352,80,CE,2023-04-15,delivered,服饰,419.46,27.63,447.09
353,80,CE,2024-09-12,delivered,电子产品,453.6,78.56,532.1600000000001
354,80,CE,2024-02-28,delivered,厨具,570.63,85.15,655.78
354,80,CE,2024-02-28,delivered,服饰,246.95,27.05,274.0
354,80,CE,2024-02-28,delivered,宠物用品,456.72,37.12,493.84000000000003
355,80,CE,2023-07-04,delivered,运动休闲,572.34,91.76,664.1
356,80,CE,2024-06-24,delivered,服饰,425.34,64.5,489.84
357,80,CE,2023-04-06,delivered,玩具,233.72,22.53,256.25
358,80,CE,2023-10-11,delivered,厨具,169.78,10.5,180.28
358,80,CE,2023-10-11,delivered,服饰,108.66,16.72,125.38
359,80,CE,2024-05-08,delivered,服饰,468.12,38.21,506.33
359,80,CE,2024-05-08,delivered,服饰,591.5,100.25,691.75
360,80,CE,2024-11-23,delivered,电子产品,542.7,38.13,580.83
360,80,CE,2024-11-23,delivered,玩具,644.88,37.55,682.43
360,80,CE,2024-11-23,delivered,美妆健康,755.34,87.82,843.1600000000001
361,81,PE,2023-09-02,delivered,美妆健康,318.19,23.65,341.84
362,82,PR,2024-12-08,delivered,家居家具,795.53,129.6,925.13
362,82,PR,2024-12-08,delivered,电脑配件,646.83,33.62,680.45
362,82,PR,2024-12-08,delivered,图书,36.32,3.07,39.39
363,83,PA,2024-11-27,delivered,服饰,434.97,28.59,463.56
363,83,PA,2024-11-27,delivered,电子产品,351.5,35.34,386.84000000000003
364,84,PE,2023-05-08,delivered,玩具,526.95,68.9,595.85
364,84,PE,2023-05-08,delivered,家居家具,746.49,95.42,841.91
364,84,PE,2023-05-08,delivered,服饰,774.6,49.15,823.75
365,85,RS,2023-10-03,delivered,厨具,356.48,24.15,380.63
365,85,RS,2023-10-03,delivered,图书,496.27,70.54,566.81
365,85,RS,2023-10-03,delivered,运动休闲,558.7,90.46,649.1600000000001
366,86,DF,2023-08-30,delivered,玩具,695.67,101.69,797.3599999999999
367,87,RJ,2024-06-12,delivered,服饰,486.33,75.01,561.34
367,87,RJ,2024-06-12,delivered,电子产品,80.79,12.88,93.67
367,87,RJ,2024-06-12,delivered,图书,31.34,3.27,34.61
368,88,RJ,2023-05-01,delivered,电脑配件,738.15,86.74,824.89
368,88,RJ,2023-05-01,delivered,宠物用品,218.85,23.9,242.75
368,88,RJ,2023-05-01,delivered,家居家具,557.83,65.12,622.95
369,89,CE,2023-04-13,delivered,服饰,43.94,7.66,51.599999999999994
369,89,CE,2023-04-13,delivered,电脑配件,103.13,8.39,111.52
370,90,SC,2023-11-09,delivered,厨具,143.27,21.33,164.60000000000002
371,91,MG,2024-06-16,delivered,宠物用品,672.76,39.41,712.17
371,91,MG,2024-06-16,delivered,服饰,528.74,71.61,600.35
372,92,PR,2023-03-13,canceled,宠物用品,303.63,48.09,351.72
373,93,MG,2024-09-13,delivered,图书,537.28,97.17,634.4499999999999
374,94,PE,2023-10-01,delivered,运动休闲,171.26,14.19,185.45
375,94,PE,2023-12-07,delivered,厨具,698.34,40.21,738.5500000000001
375,94,PE,2023-12-07,delivered,美妆健康,314.38,33.14,347.52
376,94,PE,2023-09-28,delivered,图书,378.76,59.36,438.12
377,94,PE,2023-04-12,delivered,服饰,352.15,20.81,372.96
378,94,PE,2023-07-07,delivered,运动休闲,750.54,99.99,850.53
378,94,PE,2023-07-07,delivered,厨具,417.27,51.16,468.42999999999995
379,94,PE,2023-07-31,delivered,家居家具,756.08,97.33,853.4100000000001
380,94,PE,2023-08-22,delivered,宠物用品,84.8,7.61,92.41
381,94,PE,2024-11-28,delivered,宠物用品,512.18,33.13,545.31
382,94,PE,2023-09-27,delivered,家居家具,787.66,96.28,883.9399999999999
383,94,PE,2023-06-27,canceled,图书,724.08,106.1,830.1800000000001
383,94,PE,2023-06-27,canceled,图书,597.56,78.02,675.5799999999999
383,94,PE,2023-06-27,canceled,服饰,622.6,93.18,715.78
384,94,PE,2023-05-21,delivered,厨具,52.57,9.39,61.96
384,94,PE,2023-05-21,delivered,美妆健康,724.12,55.94,780.06
385,94,PE,2023-08-10,delivered,宠物用品,683.07,63.37,746.44
385,94,PE,2023-08-10,delivered,电子产品,674.63,64.54,739.17
386,94,PE,2023-10-26,delivered,电子产品,549.71,28.53,578.24
386,94,PE,2023-10-26,delivered,玩具,201.82,24.53,226.35
387,94,PE,2024-03-06,delivered,宠物用品,504.55,41.6,546.15
387,94,PE,2024-03-06,delivered,玩具,177.49,35.49,212.98000000000002
387,94,PE,2024-03-06,delivered,运动休闲,231.36,45.4,276.76
388,94,PE,2024-08-22,canceled,家居家具,342.18,53.5,395.68
389,94,PE,2024-04-18,delivered,运动休闲,493.88,43.8,537.68
390,94,PE,2024-01-21,delivered,电子产品,223.64,30.04,253.67999999999998
390,94,PE,2024-01-21,delivered,电脑配件,769.0,55.65,824.65
391,94,PE,2023-05-20,delivered,家居家具,64.4,5.48,69.88000000000001
391,94,PE,2023-05-20,delivered,运动休闲,82.58,14.28,96.86
392,94,PE,2024-09-14,delivered,电脑配件,690.97,133.73,824.7
392,94,PE,2024-09-14,delivered,美妆健康,774.85,121.5,896.35
392,94,PE,2024-09-14,delivered,宠物用品,60.24,11.28,71.52
393,94,PE,2023-04-23,canceled,厨具,245.4,47.86,293.26
393,94,PE,2023-04-23,canceled,电子产品,347.67,44.99,392.66
394,94,PE,2024-10-24,delivered,图书,474.8,55.52,530.32
394,94,PE,2024-10-24,delivered,电子产品,533.34,73.57,606.9100000000001
394,94,PE,2024-10-24,delivered,玩具,721.04,140.14,861.18
395,94,PE,2023-07-09,canceled,电脑配件,317.95,56.89,374.84
395,94,PE,2023-07-09,canceled,服饰,521.91,58.35,580.26
396,94,PE,2024-12-12,delivered,厨具,64.52,9.83,74.35
396,94,PE,2024-12-12,delivered,宠物用品,544.25,92.49,636.74
396,94,PE,2024-12-12,delivered,电子产品,367.02,37.07,404.09
397,94,PE,2024-08-25,delivered,美妆健康,632.84,53.75,686.59
397,94,PE,2024-08-25,delivered,玩具,89.38,17.49,106.86999999999999
398,94,PE,2024-03-30,delivered,服饰,309.23,48.31,357.54
398,94,PE,2024-03-30,delivered,图书,537.4,88.69,626.0899999999999
398,94,PE,2024-03-30,delivered,运动休闲,798.18,116.51,914.6899999999999
399,94,PE,2024-11-08,delivered,玩具,500.47,73.55,574.02
400,95,SC,2024-01-20,delivered,图书,569.46,65.82,635.28
400,95,SC,2024-01-20,delivered,图书,652.87,100.52,753.39
401,96,SP,2024-09-08,delivered,厨具,247.91,32.86,280.77
401,96,SP,2024-09-08,delivered,服饰,514.98,80.2,595.1800000000001
401,96,SP,2024-09-08,delivered,厨具,173.12,28.55,201.67000000000002
402,97,AM,2023-09-05,delivered,家居家具,702.6,97.18,799.78
402,97,AM,2023-09-05,delivered,玩具,719.73,100.28,820.01
403,98,RJ,2024-04-12,canceled,图书,86.91,7.59,94.5
404,99,CE,2023-06-22,delivered,电子产品,109.1,20.75,129.85
405,100,DF,2024-02-02,canceled,电子产品,247.58,40.14,287.72
405,100,DF,2024-02-02,canceled,厨具,279.75,52.9,332.65
406,100,DF,2023-09-13,delivered,玩具,563.37,50.39,613.76
406,100,DF,2023-09-13,delivered,美妆健康,276.35,34.62,310.97
406,100,DF,2023-09-13,delivered,服饰,166.95,31.61,198.56
407,100,DF,2024-04-12,canceled,玩具,349.8,32.98,382.78000000000003
408,100,DF,2023-01-19,delivered,宠物用品,71.2,5.19,76.39
408,100,DF,2023-01-19,delivered,家居家具,372.69,44.82,417.51
409,100,DF,2024-10-01,delivered,运动休闲,359.67,18.69,378.36
409,100,DF,2024-10-01,delivered,玩具,188.32,33.14,221.45999999999998
410,100,DF,2024-01-23,delivered,图书,435.86,69.16,505.02
410,100,DF,2024-01-23,delivered,电子产品,198.46,10.62,209.08
411,100,DF,2024-03-07,delivered,运动休闲,499.48,92.54,592.02
411,100,DF,2024-03-07,delivered,服饰,789.27,157.3,946.5699999999999
411,100,DF,2024-03-07,delivered,厨具,122.36,7.26,129.62
412,100,DF,2024-01-28,delivered,图书,767.79,129.87,897.66
412,100,DF,2024-01-28,delivered,厨具,329.28,42.29,371.57
412,100,DF,2024-01-28,delivered,厨具,63.41,8.97,72.38
413,100,DF,2023-04-07,canceled,运动休闲,137.98,26.18,164.16
413,100,DF,2023-04-07,canceled,运动休闲,380.17,30.28,410.45000000000005
413,100,DF,2023-04-07,canceled,运动休闲,632.31,99.75,732.06
414,100,DF,2024-11-05,delivered,厨具,624.83,41.2,666.0300000000001
414,100,DF,2024-11-05,delivered,服饰,506.52,58.55,565.0699999999999
414,100,DF,2024-11-05,delivered,服饰,217.03,32.62,249.65
415,100,DF,2023-08-05,delivered,运动休闲,620.85,65.66,686.51
415,100,DF,2023-08-05,delivered,宠物用品,628.21,99.7,727.9100000000001
415,100,DF,2023-08-05,delivered,电子产品,502.62,33.04,535.66
416,100,DF,2024-01-22,delivered,服饰,689.4,132.03,821.43
417,100,DF,2024-04-10,canceled,美妆健康,47.4,7.05,54.449999999999996
417,100,DF,2024-04-10,canceled,家居家具,535.21,54.12,589.33
417,100,DF,2024-04-10,canceled,图书,86.85,9.47,96.32
418,100,DF,2023-04-12,delivered,电子产品,729.66,109.85,839.51
419,100,DF,2024-03-20,delivered,图书,490.86,54.46,545.32
420,100,DF,2023-08-22,delivered,家居家具,302.7,55.6,358.3
420,100,DF,2023-08-22,delivered,运动休闲,777.96,52.55,830.51
420,100,DF,2023-08-22,delivered,厨具,755.5,144.28,899.78
421,100,DF,2024-07-28,delivered,美妆健康,652.48,106.89,759.37
422,100,DF,2023-12-12,delivered,玩具,734.1,90.78,824.88
422,100,DF,2023-12-12,delivered,图书,284.3,24.79,309.09000000000003
422,100,DF,2023-12-12,delivered,服饰,420.0,72.29,492.29
423,100,DF,2024-07-11,delivered,电子产品,154.79,25.03,179.82
423,100,DF,2024-07-11,delivered,家居家具,552.44,82.28,634.72
424,100,DF,2023-03-04,canceled,电脑配件,288.17,48.45,336.62
425,100,DF,2023-09-04,canceled,美妆健康,197.78,19.32,217.1
426,100,DF,2024-11-09,delivered,美妆健康,295.25,31.51,326.76
426,100,DF,2024-11-09,delivered,图书,755.35,39.19,794.54
427,100,DF,2024-06-27,delivered,厨具,647.26,128.54,775.8
428,100,DF,2024-08-03,delivered,家居家具,531.63,56.94,588.5699999999999
428,100,DF,2024-08-03,delivered,厨具,124.2,16.25,140.45
429,101,PR,2024-10-05,delivered,服饰,128.49,24.51,153.0
429,101,PR,2024-10-05,delivered,运动休闲,701.05,92.11,793.16
430,102,PR,2024-12-22,delivered,运动休闲,698.48,57.36,755.84
430,102,PR,2024-12-22,delivered,家居家具,301.5,17.97,319.47
431,102,PR,2023-05-05,delivered,玩具,75.11,4.52,79.63
432,102,PR,2024-08-12,delivered,玩具,262.69,31.92,294.61
432,102,PR,2024-08-12,delivered,图书,261.71,37.91,299.62
432,102,PR,2024-08-12,delivered,电脑配件,386.97,71.57,458.54
433,102,PR,2024-08-07,delivered,电脑配件,487.91,97.42,585.33
433,102,PR,2024-08-07,delivered,图书,73.39,8.58,81.97
433,102,PR,2024-08-07,delivered,电子产品,706.76,105.89,812.65
434,102,PR,2023-07-23,delivered,家居家具,693.3,102.76,796.06
434,102,PR,2023-07-23,delivered,运动休闲,47.21,6.54,53.75
434,102,PR,2023-07-23,delivered,玩具,38.43,2.68,41.11
435,102,PR,2024-12-30,delivered,运动休闲,298.16,24.85,323.01000000000005
435,102,PR,2024-12-30,delivered,运动休闲,490.95,28.8,519.75
435,102,PR,2024-12-30,delivered,电子产品,708.83,140.96,849.7900000000001
436,102,PR,2024-01-04,delivered,运动休闲,177.34,16.89,194.23000000000002
437,102,PR,2023-11-06,delivered,服饰,606.7,31.32,638.0200000000001
437,102,PR,2023-11-06,delivered,服饰,491.79,52.47,544.26
438,102,PR,2024-10-12,delivered,运动休闲,729.95,96.87,826.82
439,102,PR,2024-08-24,delivered,家居家具,181.77,9.73,191.5
440,102,PR,2024-02-28,delivered,图书,380.67,27.85,408.52000000000004
441,102,PR,2023-07-29,delivered,服饰,126.28,19.34,145.62
442,102,PR,2024-05-12,delivered,图书,385.27,24.6,409.87
442,102,PR,2024-05-12,delivered,宠物用品,646.09,119.84,765.9300000000001
442,102,PR,2024-05-12,delivered,运动休闲,603.72,51.65,655.37
443,102,PR,2023-09-05,delivered,美妆健康,156.41,28.29,184.7
444,102,PR,2024-12-20,delivered,电脑配件,575.43,90.1,665.53
444,102,PR,2024-12-20,delivered,美妆健康,672.11,76.39,748.5
444,102,PR,2024-12-20,delivered,图书,60.99,11.69,72.68
445,102,PR,2024-01-11,delivered,电脑配件,343.73,33.68,377.41
445,102,PR,2024-01-11,delivered,运动休闲,518.19,103.45,621.6400000000001
445,102,PR,2024-01-11,delivered,家居家具,338.44,53.56,392.0
446,102,PR,2024-12-29,delivered,美妆健康,360.07,34.75,394.82
446,102,PR,2024-12-29,delivered,电脑配件,190.44,11.95,202.39
447,102,PR,2023-07-10,delivered,电子产品,345.76,60.85,406.61
447,102,PR,2023-07-10,delivered,厨具,778.93,95.76,874.6899999999999
448,102,PR,2024-12-07,delivered,玩具,417.01,52.14,469.15
448,102,PR,2024-12-07,delivered,服饰,77.17,11.98,89.15
449,102,PR,2024-12-16,delivered,服饰,281.75,43.88,325.63
449,102,PR,2024-12-16,delivered,服饰,523.49,62.71,586.2
449,102,PR,2024-12-16,delivered,电脑配件,447.37,25.16,472.53000000000003
450,102,PR,2024-09-10,delivered,玩具,737.78,81.34,819.12
450,102,PR,2024-09-10,delivered,玩具,503.41,36.99,540.4
450,102,PR,2024-09-10,delivered,运动休闲,536.93,86.05,622.9799999999999
451,102,PR,2024-12-09,delivered,玩具,636.99,88.23,725.22
451,102,PR,2024-12-09,delivered,电脑配件,191.35,32.56,223.91
451,102,PR,2024-12-09,delivered,玩具,448.52,49.51,498.03
452,102,PR,2023-06-29,delivered,美妆健康,649.11,75.38,724.49
452,102,PR,2023-06-29,delivered,电脑配件,303.49,55.92,359.41
452,102,PR,2023-06-29,delivered,图书,448.21,75.64,523.85
453,102,PR,2023-11-03,delivered,服饰,321.95,45.51,367.46
453,102,PR,2023-11-03,delivered,厨具,33.07,5.62,38.69
454,102,PR,2023-03-15,delivered,电子产品,235.14,23.48,258.62
454,102,PR,2023-03-15,delivered,电子产品,144.97,22.25,167.22
454,102,PR,2023-03-15,delivered,运动休闲,79.06,6.44,85.5
455,102,PR,2024-08-09,delivered,电脑配件,64.92,5.82,70.74000000000001
456,102,PR,2024-08-06,delivered,厨具,449.65,88.15,537.8
457,102,PR,2024-09-03,delivered,运动休闲,407.56,65.03,472.59000000000003
458,102,PR,2023-12-28,delivered,美妆健康,118.53,11.29,129.82
459,102,PR,2023-04-02,delivered,美妆健康,572.46,82.73,655.19
460,102,PR,2023-05-01,delivered,美妆健康,299.18,57.2,356.38
461,102,PR,2023-07-14,delivered,服饰,339.03,39.64,378.66999999999996
461,102,PR,2023-07-14,delivered,玩具,780.2,155.44,935.6400000000001
462,102,PR,2024-07-18,delivered,图书,508.31,75.37,583.6800000000001
463,102,PR,2024-01-14,delivered,厨具,636.91,86.84,723.75
463,102,PR,2024-01-14,delivered,宠物用品,362.41,19.37,381.78000000000003
464,102,PR,2024-05-28,delivered,玩具,733.57,98.39,831.96
465,102,PR,2023-05-24,delivered,玩具,523.99,65.52,589.51
466,102,PR,2024-11-28,delivered,运动休闲,570.34,44.69,615.03
466,102,PR,2024-11-28,delivered,图书,588.14,65.47,653.61
467,102,PR,2024-12-13,delivered,电子产品,718.13,56.47,774.6
468,102,PR,2024-12-28,delivered,宠物用品,792.81,121.46,914.27
468,102,PR,2024-12-28,delivered,电子产品,521.14,69.82,590.96
468,102,PR,2024-12-28,delivered,服饰,282.72,38.46,321.18
469,102,PR,2024-04-01,delivered,家居家具,56.21,6.42,62.63
469,102,PR,2024-04-01,delivered,服饰,467.2,86.94,554.14
470,102,PR,2024-05-01,delivered,玩具,626.12,40.97,667.09
471,102,PR,2023-09-24,delivered,电脑配件,651.43,40.52,691.9499999999999
471,102,PR,2023-09-24,delivered,宠物用品,526.02,34.0,560.02
472,102,PR,2024-02-21,delivered,运动休闲,221.35,37.03,258.38
473,102,PR,2023-07-21,delivered,服饰,619.72,95.37,715.09
473,102,PR,2023-07-21,delivered,厨具,611.65,72.44,684.0899999999999
473,102,PR,2023-07-21,delivered,电子产品,332.98,64.1,397.08000000000004
474,102,PR,2024-02-04,delivered,美妆健康,61.75,12.24,73.99
474,102,PR,2024-02-04,delivered,服饰,594.82,113.39,708.21
474,102,PR,2024-02-04,delivered,宠物用品,516.75,55.02,571.77
475,102,PR,2023-08-30,delivered,玩具,39.94,2.49,42.43
475,102,PR,2023-08-30,delivered,服饰,188.02,26.34,214.36
476,102,PR,2024-11-07,delivered,美妆健康,164.54,11.6,176.14
476,102,PR,2024-11-07,delivered,服饰,113.67,8.85,122.52
477,102,PR,2024-02-26,delivered,玩具,688.9,57.58,746.48
478,102,PR,2023-09-09,canceled,服饰,255.51,50.85,306.36
479,102,PR,2023-03-11,delivered,宠物用品,96.7,18.09,114.79
479,102,PR,2023-03-11,delivered,电子产品,551.96,89.26,641.22
480,102,PR,2023-08-15,delivered,厨具,145.19,22.15,167.34
481,102,PR,2024-04-07,delivered,玩具,386.26,73.38,459.64
482,102,PR,2024-04-14,delivered,图书,146.46,26.79,173.25
482,102,PR,2024-04-14,delivered,玩具,316.17,21.13,337.3
482,102,PR,2024-04-14,delivered,电子产品,408.96,37.78,446.74
483,102,PR,2023-11-06,delivered,厨具,42.36,3.42,45.78
483,102,PR,2023-11-06,delivered,运动休闲,766.28,90.64,856.92
484,102,PR,2023-11-28,delivered,电子产品,394.96,74.82,469.78
484,102,PR,2023-11-28,delivered,玩具,443.72,79.6,523.32
484,102,PR,2023-11-28,delivered,家居家具,156.41,12.24,168.65
485,102,PR,2023-07-07,delivered,家居家具,778.85,46.46,825.3100000000001
486,102,PR,2023-01-12,delivered,家居家具,536.81,87.49,624.3
486,102,PR,2023-01-12,delivered,运动休闲,541.87,82.71,624.58
486,102,PR,2023-01-12,delivered,宠物用品,793.85,120.45,914.3000000000001
487,102,PR,2024-07-23,canceled,服饰,88.29,8.13,96.42
488,102,PR,2024-11-16,delivered,图书,723.97,100.22,824.19
488,102,PR,2024-11-16,delivered,电子产品,30.19,2.43,32.620000000000005
489,102,PR,2023-06-26,delivered,运动休闲,228.61,41.62,270.23
490,102,PR,2024-03-09,delivered,家居家具,40.97,5.71,46.68
490,102,PR,2024-03-09,delivered,家居家具,785.35,52.28,837.63
491,102,PR,2024-08-15,delivered,电子产品,699.24,37.28,736.52
491,102,PR,2024-08-15,delivered,电子产品,795.27,158.29,953.56
492,102,PR,2024-05-22,delivered,电脑配件,305.07,21.36,326.43
492,102,PR,2024-05-22,delivered,玩具,218.95,15.6,234.54999999999998
493,102,PR,2023-06-06,delivered,玩具,261.24,35.28,296.52
494,102,PR,2023-04-14,delivered,家居家具,31.79,1.87,33.66
494,102,PR,2023-04-14,delivered,服饰,129.57,24.47,154.04
494,102,PR,2023-04-14,delivered,宠物用品,208.69,36.23,244.92
495,102,PR,2023-08-23,delivered,家居家具,354.9,43.1,398.0
495,102,PR,2023-08-23,delivered,服饰,193.41,29.11,222.51999999999998
495,102,PR,2023-08-23,delivered,玩具,373.05,46.8,419.85
496,102,PR,2024-11-28,delivered,服饰,222.64,36.98,259.62
497,102,PR,2024-08-21,delivered,家居家具,260.65,33.06,293.71
497,102,PR,2024-08-21,delivered,宠物用品,210.62,15.42,226.04
498,102,PR,2023-10-19,delivered,图书,354.5,26.55,381.05
498,102,PR,2023-10-19,delivered,服饰,408.25,81.03,489.28
498,102,PR,2023-10-19,delivered,厨具,525.46,38.61,564.07
499,102,PR,2024-05-23,canceled,服饰,281.57,18.41,299.98
499,102,PR,2024-05-23,canceled,运动休闲,603.52,47.49,651.01
499,102,PR,2024-05-23,canceled,玩具,151.11,22.73,173.84
500,102,PR,2024-01-04,delivered,电脑配件,22.78,1.9,24.68
501,102,PR,2023-12-14,delivered,图书,244.39,25.58,269.96999999999997
501,102,PR,2023-12-14,delivered,运动休闲,227.65,34.28,261.93
501,102,PR,2023-12-14,delivered,电脑配件,49.56,5.57,55.13
502,102,PR,2024-10-21,canceled,厨具,64.34,5.07,69.41
503,102,PR,2023-09-12,delivered,图书,400.99,31.72,432.71000000000004
503,102,PR,2023-09-12,delivered,家居家具,741.44,99.66,841.1
503,102,PR,2023-09-12,delivered,宠物用品,247.71,47.09,294.8
504,102,PR,2024-10-01,delivered,玩具,361.12,53.81,414.93
505,103,PA,2023-07-02,delivered,厨具,108.05,10.62,118.67
505,103,PA,2023-07-02,delivered,玩具,192.38,36.99,229.37
505,103,PA,2023-07-02,delivered,美妆健康,291.42,44.97,336.39
506,104,PR,2024-07-23,delivered,图书,22.81,1.45,24.259999999999998
506,104,PR,2024-07-23,delivered,电脑配件,355.92,30.35,386.27000000000004
507,105,DF,2024-07-26,delivered,家居家具,192.38,14.03,206.41
508,105,DF,2024-11-06,delivered,电子产品,680.45,110.46,790.9100000000001
508,105,DF,2024-11-06,delivered,家居家具,694.79,96.04,790.8299999999999
508,105,DF,2024-11-06,delivered,厨具,632.34,111.23,743.57
509,105,DF,2024-03-22,delivered,美妆健康,283.16,30.03,313.19000000000005
509,105,DF,2024-03-22,delivered,图书,456.1,90.52,546.62
510,105,DF,2024-05-20,delivered,运动休闲,346.65,51.87,398.52
510,105,DF,2024-05-20,delivered,电子产品,54.01,5.08,59.089999999999996
510,105,DF,2024-05-20,delivered,运动休闲,620.64,96.54,717.18
511,105,DF,2024-09-08,delivered,图书,443.18,58.33,501.51
511,105,DF,2024-09-08,delivered,美妆健康,333.58,52.14,385.71999999999997
511,105,DF,2024-09-08,delivered,服饰,396.41,63.29,459.70000000000005
512,105,DF,2023-07-28,delivered,厨具,374.91,23.59,398.5
512,105,DF,2023-07-28,delivered,电子产品,592.03,48.02,640.05
512,105,DF,2023-07-28,delivered,服饰,786.99,90.37,877.36
513,105,DF,2024-08-08,delivered,运动休闲,232.78,13.76,246.54
513,105,DF,2024-08-08,delivered,电子产品,339.51,39.25,378.76
513,105,DF,2024-08-08,delivered,美妆健康,429.32,64.63,493.95
514,105,DF,2024-12-16,delivered,家居家具,388.34,61.34,449.67999999999995
514,105,DF,2024-12-16,delivered,厨具,594.94,73.27,668.21
515,105,DF,2023-11-28,delivered,玩具,122.29,12.33,134.62
516,105,DF,2023-12-26,delivered,运动休闲,264.96,51.97,316.92999999999995
516,105,DF,2023-12-26,delivered,电子产品,575.98,59.23,635.21
517,105,DF,2023-03-08,delivered,服饰,684.3,125.64,809.9399999999999
517,105,DF,2023-03-08,delivered,服饰,350.75,25.55,376.3
518,105,DF,2024-09-10,delivered,电脑配件,418.2,83.34,501.53999999999996
518,105,DF,2024-09-10,delivered,服饰,789.7,85.91,875.61
519,105,DF,2023-07-03,delivered,服饰,270.43,18.66,289.09000000000003
520,105,DF,2023-02-09,delivered,玩具,545.99,77.34,623.33
521,105,DF,2023-10-09,delivered,玩具,477.08,64.98,542.06
522,105,DF,2023-11-02,canceled,图书,522.63,73.32,595.95
522,105,DF,2023-11-02,canceled,图书,378.97,32.44,411.41
523,105,DF,2024-01-09,delivered,服饰,110.48,21.87,132.35
524,105,DF,2023-08-22,delivered,玩具,207.64,30.12,237.76
524,105,DF,2023-08-22,delivered,图书,641.19,110.01,751.2
525,105,DF,2023-09-17,delivered,电子产品,62.42,6.68,69.1
525,105,DF,2023-09-17,delivered,服饰,487.24,37.17,524.41
526,105,DF,2024-05-09,delivered,电脑配件,783.56,128.36,911.92
527,105,DF,2024-08-16,delivered,电脑配件,699.52,107.71,807.23
527,105,DF,2024-08-16,delivered,服饰,92.93,5.91,98.84
528,105,DF,2023-11-28,delivered,美妆健康,736.91,75.3,812.2099999999999
528,105,DF,2023-11-28,delivered,玩具,785.82,59.24,845.0600000000001
529,105,DF,2024-03-05,delivered,服饰,183.42,33.32,216.73999999999998
529,105,DF,2024-03-05,delivered,宠物用品,681.36,95.59,776.95
530,105,DF,2024-04-11,delivered,玩具,308.12,20.69,328.81
530,105,DF,2024-04-11,delivered,美妆健康,787.71,115.21,902.9200000000001
530,105,DF,2024-04-11,delivered,电子产品,276.18,48.82,325.0
531,105,DF,2023-11-11,delivered,玩具,22.86,4.57,27.43
532,105,DF,2023-07-14,delivered,厨具,201.52,33.96,235.48000000000002
532,105,DF,2023-07-14,delivered,运动休闲,148.39,27.83,176.21999999999997
533,105,DF,2024-10-01,canceled,电脑配件,712.19,69.87,782.0600000000001
533,105,DF,2024-10-01,canceled,玩具,547.04,68.14,615.18
534,105,DF,2024-02-04,delivered,厨具,156.11,12.17,168.28
535,105,DF,2024-09-29,delivered,厨具,153.88,19.46,173.34
535,105,DF,2024-09-29,delivered,电子产品,246.52,32.08,278.6
535,105,DF,2024-09-29,delivered,玩具,397.04,56.57,453.61
536,105,DF,2023-05-18,delivered,服饰,779.36,131.03,910.39
537,105,DF,2024-12-05,delivered,运动休闲,667.52,90.12,757.64
537,105,DF,2024-12-05,delivered,家居家具,685.14,84.98,770.12
538,105,DF,2024-04-04,delivered,电脑配件,83.01,11.93,94.94
538,105,DF,2024-04-04,delivered,玩具,748.45,146.55,895.0
538,105,DF,2024-04-04,delivered,美妆健康,135.13,23.1,158.23
539,105,DF,2023-03-18,delivered,运动休闲,502.5,42.44,544.94
540,105,DF,2023-04-05,delivered,运动休闲,692.7,55.73,748.4300000000001
540,105,DF,2023-04-05,delivered,电脑配件,284.28,15.32,299.59999999999997
540,105,DF,2023-04-05,delivered,家居家具,310.72,57.93,368.65000000000003
541,105,DF,2023-01-26,delivered,家居家具,248.21,22.79,271.0
542,105,DF,2024-11-26,delivered,美妆健康,640.73,59.04,699.77
542,105,DF,2024-11-26,delivered,宠物用品,652.34,104.26,756.6
543,105,DF,2023-08-11,delivered,玩具,497.62,89.22,586.84
543,105,DF,2023-08-11,delivered,服饰,317.85,41.77,359.62
543,105,DF,2023-08-11,delivered,图书,633.13,74.96,708.09
544,105,DF,2023-07-13,delivered,运动休闲,763.83,96.68,860.51
544,105,DF,2023-07-13,delivered,电子产品,562.12,61.5,623.62
545,106,PE,2023-08-01,delivered,图书,291.39,35.76,327.15
545,106,PE,2023-08-01,delivered,美妆健康,607.77,98.32,706.0899999999999
546,107,DF,2023-11-21,delivered,美妆健康,731.57,139.0,870.57
546,107,DF,2023-11-21,delivered,玩具,429.23,31.38,460.61
547,108,PE,2024-12-18,delivered,电脑配件,214.01,29.03,243.04
547,108,PE,2024-12-18,delivered,宠物用品,225.67,23.08,248.75
547,108,PE,2024-12-18,delivered,运动休闲,396.27,42.22,438.49
548,108,PE,2024-04-26,delivered,电子产品,218.06,38.07,256.13
549,108,PE,2024-04-06,delivered,家居家具,626.24,58.75,684.99
550,108,PE,2024-11-01,delivered,电脑配件,360.61,54.45,415.06
550,108,PE,2024-11-01,delivered,玩具,167.49,10.91,178.4
551,108,PE,2023-12-22,delivered,电脑配件,522.63,60.16,582.79
551,108,PE,2023-12-22,delivered,电脑配件,136.15,10.54,146.69
552,108,PE,2024-04-25,delivered,图书,170.64,25.06,195.7
552,108,PE,2024-04-25,delivered,电子产品,672.72,35.32,708.0400000000001
552,108,PE,2024-04-25,delivered,玩具,366.56,67.24,433.8
553,108,PE,2024-06-05,delivered,服饰,789.0,114.06,903.06
554,108,PE,2024-05-06,delivered,图书,309.89,37.8,347.69
554,108,PE,2024-05-06,delivered,服饰,785.11,57.82,842.9300000000001
554,108,PE,2024-05-06,delivered,厨具,139.64,18.52,158.16
555,108,PE,2024-08-06,delivered,玩具,213.76,13.38,227.14
556,108,PE,2023-09-02,delivered,服饰,20.14,3.78,23.92
557,108,PE,2023-08-07,delivered,家居家具,194.3,9.96,204.26000000000002
558,108,PE,2023-11-06,delivered,服饰,38.0,3.19,41.19
558,108,PE,2023-11-06,delivered,图书,48.6,7.95,56.550000000000004
559,108,PE,2023-12-22,delivered,厨具,345.98,49.41,395.39
560,108,PE,2024-09-26,delivered,玩具,619.5,108.18,727.6800000000001
560,108,PE,2024-09-26,delivered,玩具,234.12,40.78,274.9
561,108,PE,2024-11-20,delivered,玩具,456.57,54.42,510.99
561,108,PE,2024-11-20,delivered,电脑配件,723.89,144.26,868.15
561,108,PE,2024-11-20,delivered,图书,694.5,43.04,737.54
562,108,PE,2023-11-28,delivered,厨具,509.09,73.72,582.81
563,108,PE,2024-10-20,delivered,玩具,575.91,91.71,667.62
563,108,PE,2024-10-20,delivered,服饰,131.32,14.31,145.63
564,108,PE,2023-01-03,delivered,电脑配件,273.49,38.17,311.66
564,108,PE,2023-01-03,delivered,家居家具,72.95,4.18,77.13
565,108,PE,2023-03-28,canceled,厨具,640.49,98.16,738.65
565,108,PE,2023-03-28,canceled,玩具,110.15,17.59,127.74000000000001
566,108,PE,2023-03-16,delivered,玩具,569.75,81.15,650.9
566,108,PE,2023-03-16,delivered,电脑配件,411.03,46.13,457.15999999999997
566,108,PE,2023-03-16,delivered,运动休闲,111.88,13.38,125.25999999999999
567,108,PE,2024-02-16,delivered,服饰,316.45,25.31,341.76
567,108,PE,2024-02-16,delivered,玩具,524.08,91.65,615.73
568,108,PE,2023-12-12,delivered,玩具,52.91,6.21,59.12
569,108,PE,2024-11-06,delivered,服饰,495.45,51.63,547.08
569,108,PE,2024-11-06,delivered,美妆健康,425.01,48.37,473.38
570,108,PE,2024-12-04,delivered,家居家具,32.99,2.05,35.04
571,108,PE,2024-05-17,delivered,电脑配件,574.07,34.13,608.2
571,108,PE,2024-05-17,delivered,电脑配件,335.96,42.3,378.26
571,108,PE,2024-05-17,delivered,运动休闲,652.28,68.24,720.52
572,108,PE,2024-09-20,delivered,家居家具,193.51,12.04,205.54999999999998
573,108,PE,2023-04-09,delivered,电子产品,245.9,48.03,293.93
574,108,PE,2024-01-10,delivered,运动休闲,598.91,38.71,637.62
575,108,PE,2024-12-07,delivered,图书,98.34,5.86,104.2
576,108,PE,2024-07-09,delivered,电子产品,245.73,33.46,279.19
576,108,PE,2024-07-09,delivered,运动休闲,239.68,33.04,272.72
576,108,PE,2024-07-09,delivered,电子产品,449.35,65.5,514.85
577,108,PE,2024-03-04,delivered,家居家具,198.52,13.35,211.87
577,108,PE,2024-03-04,delivered,图书,669.36,62.71,732.07
578,108,PE,2023-10-21,delivered,美妆健康,785.22,144.39,929.61
578,108,PE,2023-10-21,delivered,玩具,755.75,66.94,822.69
579,108,PE,2024-10-01,delivered,厨具,525.19,90.05,615.24
580,108,PE,2024-04-10,canceled,图书,301.08,46.21,347.28999999999996
580,108,PE,2024-04-10,canceled,玩具,331.38,25.22,356.6
580,108,PE,2024-04-10,canceled,运动休闲,94.86,14.14,109.0
581,108,PE,2023-04-23,delivered,图书,347.3,64.04,411.34000000000003
581,108,PE,2023-04-23,delivered,服饰,325.01,36.96,361.96999999999997
581,108,PE,2023-04-23,delivered,玩具,539.92,72.49,612.41
582,108,PE,2024-12-20,delivered,玩具,422.02,33.0,455.02
582,108,PE,2024-12-20,delivered,服饰,772.6,128.73,901.33
582,108,PE,2024-12-20,delivered,家居家具,383.15,67.38,450.53
583,108,PE,2023-08-23,delivered,图书,670.04,121.88,791.92
583,108,PE,2023-08-23,delivered,美妆健康,715.85,85.1,800.95
583,108,PE,2023-08-23,delivered,图书,263.74,27.76,291.5
584,108,PE,2024-09-20,delivered,图书,152.83,11.21,164.04000000000002
584,108,PE,2024-09-20,delivered,运动休闲,433.47,52.78,486.25
584,108,PE,2024-09-20,delivered,电脑配件,429.2,30.7,459.9
585,108,PE,2024-04-05,delivered,电子产品,84.07,6.8,90.86999999999999
585,108,PE,2024-04-05,delivered,电子产品,760.35,63.1,823.45
586,108,PE,2024-01-30,delivered,宠物用品,93.26,17.89,111.15
586,108,PE,2024-01-30,delivered,玩具,217.33,11.66,228.99
587,108,PE,2023-04-18,delivered,家居家具,90.41,10.6,101.00999999999999
587,108,PE,2023-04-18,delivered,宠物用品,776.67,82.2,858.87
587,108,PE,2023-04-18,delivered,服饰,711.62,48.88,760.5
588,108,PE,2024-10-23,canceled,玩具,651.48,100.54,752.02
588,108,PE,2024-10-23,canceled,厨具,134.25,14.74,148.99
588,108,PE,2024-10-23,canceled,服饰,381.02,38.81,419.83
589,108,PE,2023-06-09,delivered,图书,281.97,32.44,314.41
589,108,PE,2023-06-09,delivered,玩具,653.72,88.26,741.98
589,108,PE,2023-06-09,delivered,美妆健康,56.98,7.13,64.11
590,108,PE,2024-03-02,canceled,家居家具,600.05,114.89,714.9399999999999
590,108,PE,2024-03-02,canceled,厨具,536.76,102.31,639.0699999999999
591,108,PE,2024-09-06,delivered,服饰,461.97,86.85,548.82
591,108,PE,2024-09-06,delivered,玩具,503.33,86.24,589.5699999999999
592,108,PE,2023-08-29,delivered,服饰,125.88,15.6,141.48
593,108,PE,2023-11-09,delivered,服饰,512.74,38.98,551.72
593,108,PE,2023-11-09,delivered,家居家具,156.1,9.58,165.68
594,108,PE,2024-01-19,canceled,运动休闲,341.41,65.94,407.35
594,108,PE,2024-01-19,canceled,家居家具,200.95,14.22,215.17
595,108,PE,2023-02-25,delivered,图书,403.36,44.07,447.43
595,108,PE,2023-02-25,delivered,厨具,708.11,36.4,744.51
596,108,PE,2023-02-11,delivered,电脑配件,281.81,14.6,296.41
597,108,PE,2023-04-12,canceled,电子产品,564.22,109.98,674.2
597,108,PE,2023-04-12,canceled,宠物用品,476.98,65.38,542.36
598,108,PE,2023-01-15,delivered,美妆健康,767.82,95.94,863.76
598,108,PE,2023-01-15,delivered,厨具,312.94,38.74,351.68
599,108,PE,2023-12-18,delivered,美妆健康,39.41,6.3,45.709999999999994
599,108,PE,2023-12-18,delivered,玩具,699.38,138.47,837.85
599,108,PE,2023-12-18,delivered,服饰,257.24,36.23,293.47
600,108,PE,2023-12-27,delivered,玩具,718.2,62.57,780.7700000000001
601,108,PE,2024-04-25,delivered,服饰,490.61,28.4,519.01
601,108,PE,2024-04-25,delivered,厨具,443.56,83.94,527.5
601,108,PE,2024-04-25,delivered,运动休闲,331.62,60.71,392.33
602,108,PE,2024-09-20,delivered,厨具,514.91,70.57,585.48
602,108,PE,2024-09-20,delivered,服饰,506.17,61.6,567.77
603,108,PE,2024-05-29,delivered,家居家具,30.86,3.03,33.89
603,108,PE,2024-05-29,delivered,家居家具,66.53,11.21,77.74000000000001
604,108,PE,2023-02-04,delivered,美妆健康,317.35,26.65,344.0
605,108,PE,2024-07-17,delivered,服饰,477.63,92.26,569.89
605,108,PE,2024-07-17,delivered,服饰,659.07,42.94,702.01
606,108,PE,2024-01-09,delivered,宠物用品,156.48,20.93,177.41
607,108,PE,2024-09-03,delivered,美妆健康,640.95,37.09,678.0400000000001
607,108,PE,2024-09-03,delivered,运动休闲,147.27,25.94,173.21
607,108,PE,2024-09-03,delivered,服饰,671.63,102.25,773.88
608,108,PE,2024-08-16,delivered,图书,124.36,11.88,136.24
609,108,PE,2024-07-14,delivered,家居家具,605.71,74.55,680.26
609,108,PE,2024-07-14,delivered,运动休闲,189.08,36.1,225.18
610,108,PE,2024-09-28,delivered,厨具,96.12,15.86,111.98
611,108,PE,2024-09-03,delivered,电子产品,264.56,40.35,304.91
612,109,RJ,2024-10-24,delivered,美妆健康,443.38,31.17,474.55
612,109,RJ,2024-10-24,delivered,玩具,713.58,61.61,775.19
613,110,RJ,2024-06-25,delivered,厨具,271.97,43.82,315.79
614,111,RS,2024-09-25,delivered,厨具,292.22,53.18,345.40000000000003
615,111,RS,2023-06-10,canceled,厨具,728.93,80.32,809.25
616,111,RS,2023-05-11,delivered,图书,370.68,20.26,390.94
616,111,RS,2023-05-11,delivered,家居家具,176.87,24.44,201.31
617,111,RS,2024-01-06,delivered,电子产品,565.53,39.07,604.6
617,111,RS,2024-01-06,delivered,家居家具,72.27,8.15,80.42
617,111,RS,2024-01-06,delivered,美妆健康,596.57,48.99,645.5600000000001
618,111,RS,2023-11-04,delivered,电子产品,316.28,59.54,375.82
618,111,RS,2023-11-04,delivered,运动休闲,370.73,50.06,420.79
619,111,RS,2024-11-01,delivered,电脑配件,200.69,31.13,231.82
619,111,RS,2024-11-01,delivered,厨具,142.1,16.32,158.42
620,111,RS,2024-12-27,delivered,图书,520.22,69.48,589.7
620,111,RS,2024-12-27,delivered,电脑配件,597.52,112.62,710.14
621,111,RS,2024-06-15,delivered,电子产品,273.1,47.67,320.77000000000004
622,111,RS,2023-10-04,delivered,服饰,772.22,54.7,826.9200000000001
622,111,RS,2023-10-04,delivered,服饰,519.41,93.95,613.36
623,111,RS,2023-12-23,delivered,图书,659.2,69.96,729.1600000000001
623,111,RS,2023-12-23,delivered,宠物用品,353.1,18.72,371.82000000000005
624,111,RS,2024-12-29,delivered,美妆健康,92.34,13.44,105.78
624,111,RS,2024-12-29,delivered,电脑配件,261.93,21.06,282.99
624,111,RS,2024-12-29,delivered,玩具,469.67,86.2,555.87
625,111,RS,2024-12-07,delivered,电脑配件,196.12,18.88,215.0
625,111,RS,2024-12-07,delivered,图书,474.91,55.6,530.51
626,111,RS,2024-12-23,delivered,运动休闲,513.54,44.15,557.6899999999999
626,111,RS,2024-12-23,delivered,图书,480.96,63.2,544.16
626,111,RS,2024-12-23,delivered,服饰,277.01,29.87,306.88
627,111,RS,2024-12-30,delivered,运动休闲,418.63,62.47,481.1
627,111,RS,2024-12-30,delivered,玩具,63.92,6.05,69.97
628,111,RS,2023-03-27,delivered,电脑配件,722.18,80.45,802.63
628,111,RS,2023-03-27,delivered,厨具,53.19,3.19,56.379999999999995
629,111,RS,2024-06-21,delivered,厨具,659.57,62.85,722.4200000000001
630,111,RS,2023-03-15,delivered,电脑配件,116.97,7.23,124.2
630,111,RS,2023-03-15,delivered,美妆健康,46.66,7.49,54.15
631,111,RS,2024-05-24,delivered,美妆健康,165.03,12.74,177.77
632,111,RS,2024-10-02,delivered,服饰,649.33,90.5,739.83
632,111,RS,2024-10-02,delivered,运动休闲,653.16,107.37,760.53
633,111,RS,2023-03-13,delivered,电脑配件,435.33,63.48,498.81
633,111,RS,2023-03-13,delivered,宠物用品,452.83,48.72,501.54999999999995
633,111,RS,2023-03-13,delivered,美妆健康,677.62,35.19,712.81
634,111,RS,2024-01-13,delivered,玩具,255.18,21.65,276.83
634,111,RS,2024-01-13,delivered,家居家具,191.93,15.6,207.53
634,111,RS,2024-01-13,delivered,电脑配件,292.99,48.08,341.07
635,111,RS,2024-04-22,delivered,电子产品,468.75,76.33,545.08
636,111,RS,2024-05-03,delivered,电子产品,408.34,47.08,455.41999999999996
636,111,RS,2024-05-03,delivered,运动休闲,449.26,73.39,522.65
636,111,RS,2024-05-03,delivered,电子产品,786.47,94.72,881.19
637,111,RS,2024-11-13,delivered,厨具,247.86,37.98,285.84000000000003
637,111,RS,2024-11-13,delivered,电子产品,516.43,60.16,576.5899999999999
637,111,RS,2024-11-13,delivered,美妆健康,506.84,89.66,596.5
638,111,RS,2023-10-01,delivered,玩具,790.55,86.74,877.29
638,111,RS,2023-10-01,delivered,运动休闲,94.83,9.7,104.53
638,111,RS,2023-10-01,delivered,美妆健康,170.66,12.29,182.95
639,111,RS,2023-12-23,delivered,服饰,771.48,73.68,845.1600000000001
639,111,RS,2023-12-23,delivered,服饰,421.7,38.17,459.87
639,111,RS,2023-12-23,delivered,运动休闲,751.93,69.56,821.49
640,111,RS,2024-08-18,delivered,服饰,533.51,104.4,637.91
640,111,RS,2024-08-18,delivered,美妆健康,30.25,3.01,33.26
641,111,RS,2023-11-01,delivered,家居家具,38.63,6.77,45.400000000000006
641,111,RS,2023-11-01,delivered,厨具,239.9,30.45,270.35
642,111,RS,2024-12-11,delivered,电脑配件,306.43,20.82,327.25
643,111,RS,2023-06-27,delivered,电子产品,257.92,33.24,291.16
643,111,RS,2023-06-27,delivered,服饰,660.43,37.23,697.66
644,111,RS,2023-12-27,delivered,电子产品,390.93,38.87,429.8
644,111,RS,2023-12-27,delivered,电子产品,210.51,18.67,229.18
644,111,RS,2023-12-27,delivered,玩具,96.93,18.3,115.23
645,111,RS,2024-11-12,canceled,厨具,205.79,26.82,232.60999999999999
645,111,RS,2024-11-12,canceled,电子产品,293.43,36.61,330.04
645,111,RS,2024-11-12,canceled,家居家具,65.1,9.75,74.85
646,111,RS,2023-08-13,delivered,服饰,574.61,32.28,606.89
647,111,RS,2023-09-22,delivered,厨具,712.6,137.57,850.1700000000001
647,111,RS,2023-09-22,delivered,图书,95.13,13.65,108.78
647,111,RS,2023-09-22,delivered,图书,118.72,9.81,128.53
648,111,RS,2024-08-28,delivered,服饰,181.61,30.15,211.76000000000002
648,111,RS,2024-08-28,delivered,运动休闲,773.74,142.1,915.84
649,111,RS,2023-07-16,delivered,运动休闲,623.89,101.32,725.21
649,111,RS,2023-07-16,delivered,美妆健康,616.37,61.98,678.35
649,111,RS,2023-07-16,delivered,运动休闲,99.84,16.73,116.57000000000001
650,111,RS,2024-07-30,delivered,家居家具,101.32,13.29,114.60999999999999
651,111,RS,2023-10-12,delivered,美妆健康,653.64,62.21,715.85
651,111,RS,2023-10-12,delivered,服饰,667.99,52.19,720.1800000000001
652,111,RS,2023-06-25,delivered,玩具,351.56,68.96,420.52
652,111,RS,2023-06-25,delivered,服饰,766.25,47.79,814.04
652,111,RS,2023-06-25,delivered,家居家具,679.8,38.46,718.26
653,111,RS,2023-05-12,delivered,美妆健康,535.31,47.09,582.4
653,111,RS,2023-05-12,delivered,电子产品,340.18,45.87,386.05
654,111,RS,2024-03-19,delivered,厨具,692.67,59.89,752.56
655,111,RS,2023-02-01,delivered,美妆健康,122.31,13.7,136.01
655,111,RS,2023-02-01,delivered,宠物用品,359.1,55.52,414.62
655,111,RS,2023-02-01,delivered,家居家具,798.24,52.41,850.65
656,111,RS,2024-12-11,delivered,家居家具,126.11,20.89,147.0
656,111,RS,2024-12-11,delivered,图书,133.26,16.9,150.16
657,111,RS,2024-09-22,delivered,美妆健康,86.3,5.81,92.11
657,111,RS,2024-09-22,delivered,厨具,303.88,19.66,323.54
658,111,RS,2024-10-25,delivered,宠物用品,127.25,8.12,135.37
658,111,RS,2024-10-25,delivered,服饰,264.27,18.13,282.4
658,111,RS,2024-10-25,delivered,运动休闲,161.41,10.31,171.72
659,111,RS,2024-02-08,delivered,美妆健康,184.54,20.52,205.06
659,111,RS,2024-02-08,delivered,家居家具,588.71,47.63,636.34
659,111,RS,2024-02-08,delivered,家居家具,551.44,65.93,617.3700000000001
660,111,RS,2024-02-02,canceled,服饰,647.55,127.37,774.92
660,111,RS,2024-02-02,canceled,运动休闲,590.8,68.61,659.41
660,111,RS,2024-02-02,canceled,运动休闲,584.5,94.58,679.08
661,111,RS,2024-06-07,delivered,家居家具,135.7,20.71,156.41
661,111,RS,2024-06-07,delivered,玩具,531.68,73.54,605.2199999999999
661,111,RS,2024-06-07,delivered,电子产品,470.48,53.24,523.72
662,111,RS,2023-03-01,delivered,服饰,357.17,47.91,405.08000000000004
662,111,RS,2023-03-01,delivered,电子产品,423.51,30.54,454.05
663,111,RS,2023-09-10,delivered,电脑配件,33.21,5.25,38.46
664,111,RS,2023-12-13,delivered,电子产品,48.79,6.58,55.37
665,111,RS,2023-05-31,canceled,电子产品,698.74,105.53,804.27
665,111,RS,2023-05-31,canceled,家居家具,728.67,62.14,790.81
665,111,RS,2023-05-31,canceled,家居家具,208.03,18.35,226.38
666,111,RS,2024-07-13,delivered,家居家具,111.04,8.65,119.69000000000001
666,111,RS,2024-07-13,delivered,电子产品,109.21,15.19,124.39999999999999
667,111,RS,2024-12-24,delivered,家居家具,351.21,28.93,380.14
668,111,RS,2024-07-31,delivered,服饰,500.94,32.54,533.48
668,111,RS,2024-07-31,delivered,玩具,26.13,2.91,29.04
669,111,RS,2024-02-28,delivered,服饰,362.82,29.97,392.78999999999996
669,111,RS,2024-02-28,delivered,美妆健康,90.43,12.82,103.25
669,111,RS,2024-02-28,delivered,电子产品,587.87,75.06,662.9300000000001
670,111,RS,2024-12-16,delivered,美妆健康,34.76,3.04,37.8
670,111,RS,2024-12-16,delivered,美妆健康,156.65,19.59,176.24
671,111,RS,2024-10-20,delivered,服饰,153.48,14.72,168.2
671,111,RS,2024-10-20,delivered,美妆健康,136.1,26.82,162.92
671,111,RS,2024-10-20,delivered,美妆健康,218.64,30.15,248.79
672,111,RS,2023-09-23,delivered,厨具,566.93,46.43,613.3599999999999
672,111,RS,2023-09-23,delivered,美妆健康,149.02,11.75,160.77
673,111,RS,2023-05-16,delivered,服饰,658.53,63.05,721.5799999999999
674,111,RS,2024-10-26,delivered,玩具,351.88,66.22,418.1
674,111,RS,2024-10-26,delivered,服饰,157.52,29.53,187.05
675,111,RS,2023-11-08,delivered,运动休闲,710.56,73.85,784.41
676,111,RS,2024-07-13,delivered,服饰,127.16,18.64,145.8
676,111,RS,2024-07-13,delivered,图书,620.49,55.71,676.2
676,111,RS,2024-07-13,delivered,电脑配件,574.4,66.04,640.4399999999999
677,111,RS,2023-03-17,delivered,美妆健康,449.01,44.46,493.46999999999997
678,112,PE,2023-10-07,delivered,家居家具,635.05,98.25,733.3
678,112,PE,2023-10-07,delivered,运动休闲,530.06,35.53,565.5899999999999
678,112,PE,2023-10-07,delivered,服饰,37.82,5.1,42.92
679,113,PA,2023-03-27,delivered,运动休闲,401.26,52.82,454.08
680,114,AM,2024-01-21,delivered,厨具,111.48,16.49,127.97
680,114,AM,2024-01-21,delivered,宠物用品,630.25,83.79,714.04
681,115,RJ,2024-08-15,delivered,家居家具,551.79,50.94,602.73
681,115,RJ,2024-08-15,delivered,美妆健康,495.87,42.21,538.08
681,115,RJ,2024-08-15,delivered,服饰,53.85,7.64,61.49
682,116,SP,2023-07-03,delivered,图书,148.39,21.43,169.82
683,117,PA,2024-03-05,delivered,图书,43.93,4.62,48.55
683,117,PA,2024-03-05,delivered,图书,391.56,52.09,443.65
683,117,PA,2024-03-05,delivered,美妆健康,347.14,47.57,394.71
684,118,PA,2023-11-30,delivered,服饰,40.02,2.36,42.38
684,118,PA,2023-11-30,delivered,电子产品,120.48,11.34,131.82
685,119,RS,2024-07-06,delivered,家居家具,526.06,69.11,595.17
686,120,AM,2023-06-23,delivered,电子产品,118.98,12.82,131.8
686,120,AM,2023-06-23,delivered,厨具,272.77,23.46,296.22999999999996
687,121,DF,2024-09-13,delivered,运动休闲,738.22,121.65,859.87
687,121,DF,2024-09-13,delivered,图书,452.17,65.18,517.35
688,122,AM,2024-04-17,delivered,美妆健康,693.96,36.67,730.63
688,122,AM,2024-04-17,delivered,宠物用品,98.7,15.38,114.08
689,123,PE,2024-09-18,delivered,服饰,603.65,54.94,658.5899999999999
690,124,RS,2023-11-16,delivered,运动休闲,653.42,65.97,719.39
690,124,RS,2023-11-16,delivered,美妆健康,573.02,37.36,610.38
691,125,PA,2023-03-03,delivered,图书,691.95,113.49,805.44
691,125,PA,2023-03-03,delivered,家居家具,480.78,56.45,537.23
692,126,SC,2023-03-19,delivered,玩具,172.17,33.51,205.67999999999998
693,127,AM,2024-09-28,delivered,电子产品,340.0,45.42,385.42
693,127,AM,2024-09-28,delivered,厨具,124.0,10.83,134.83
693,127,AM,2024-09-28,delivered,图书,128.23,19.35,147.57999999999998
694,128,PR,2024-09-26,delivered,电脑配件,28.31,2.42,30.729999999999997
695,129,SP,2023-06-01,delivered,厨具,689.26,112.95,802.21
696,130,PE,2024-12-17,delivered,图书,266.45,35.66,302.11
697,131,PR,2024-11-28,canceled,运动休闲,554.03,65.15,619.18
697,131,PR,2024-11-28,canceled,运动休闲,487.63,72.74,560.37
698,132,MG,2024-06-09,delivered,电子产品,450.48,59.71,510.19
698,132,MG,2024-06-09,delivered,电子产品,283.37,44.51,327.88
698,132,MG,2024-06-09,delivered,服饰,310.86,61.9,372.76
699,133,DF,2023-02-20,delivered,运动休闲,332.18,28.2,360.38
700,134,RJ,2024-06-06,delivered,电脑配件,472.44,61.2,533.64
700,134,RJ,2024-06-06,delivered,服饰,290.5,57.03,347.53
700,134,RJ,2024-06-06,delivered,美妆健康,189.53,21.73,211.26
701,135,PE,2024-03-04,delivered,家居家具,670.87,130.02,800.89
701,135,PE,2024-03-04,delivered,电脑配件,207.41,20.99,228.4
702,136,SP,2023-10-02,canceled,电子产品,737.24,123.98,861.22
702,136,SP,2023-10-02,canceled,家居家具,485.93,46.15,532.08
703,137,BA,2024-07-06,delivered,电脑配件,688.41,75.85,764.26
703,137,BA,2024-07-06,delivered,宠物用品,383.48,54.62,438.1
704,138,RS,2024-10-31,delivered,服饰,231.48,37.19,268.66999999999996
705,139,MG,2023-11-06,delivered,美妆健康,606.21,116.32,722.53
705,139,MG,2023-11-06,delivered,家居家具,277.6,43.76,321.36
706,139,MG,2024-10-02,delivered,服饰,380.14,75.06,455.2
706,139,MG,2024-10-02,delivered,电子产品,787.4,149.99,937.39
706,139,MG,2024-10-02,delivered,电脑配件,21.68,1.79,23.47
707,139,MG,2023-12-20,delivered,图书,39.93,7.66,47.59
707,139,MG,2023-12-20,delivered,厨具,563.06,82.28,645.3399999999999
708,139,MG,2023-03-21,delivered,电脑配件,220.25,38.14,258.39
708,139,MG,2023-03-21,delivered,运动休闲,290.11,15.57,305.68
709,139,MG,2023-10-10,canceled,玩具,65.81,8.74,74.55
710,139,MG,2024-03-19,delivered,厨具,435.26,38.4,473.65999999999997
710,139,MG,2024-03-19,delivered,宠物用品,131.99,8.14,140.13
711,139,MG,2024-12-30,delivered,运动休闲,776.44,146.72,923.1600000000001
711,139,MG,2024-12-30,delivered,图书,651.01,123.9,774.91
712,139,MG,2023-11-12,delivered,服饰,677.48,75.43,752.9100000000001
712,139,MG,2023-11-12,delivered,家居家具,467.73,80.85,548.58
712,139,MG,2023-11-12,delivered,服饰,689.95,37.04,726.99
713,139,MG,2024-03-25,delivered,家居家具,164.35,18.36,182.70999999999998
713,139,MG,2024-03-25,delivered,玩具,250.8,19.78,270.58000000000004
714,139,MG,2024-07-01,delivered,运动休闲,219.26,37.52,256.78
715,139,MG,2024-11-01,delivered,宠物用品,787.91,42.62,830.53
715,139,MG,2024-11-01,delivered,电子产品,269.59,15.92,285.51
715,139,MG,2024-11-01,delivered,厨具,204.97,28.33,233.3
716,139,MG,2024-12-22,delivered,玩具,199.04,16.83,215.87
716,139,MG,2024-12-22,delivered,宠物用品,362.57,71.76,434.33
716,139,MG,2024-12-22,delivered,美妆健康,359.2,71.57,430.77
717,139,MG,2024-12-03,delivered,玩具,272.74,46.22,318.96000000000004
717,139,MG,2024-12-03,delivered,电子产品,437.53,66.47,504.0
717,139,MG,2024-12-03,delivered,宠物用品,373.28,70.07,443.34999999999997
718,139,MG,2023-04-24,delivered,运动休闲,85.49,12.94,98.42999999999999
718,139,MG,2023-04-24,delivered,家居家具,388.66,46.98,435.64000000000004
719,139,MG,2024-07-04,delivered,电子产品,745.17,69.43,814.5999999999999
719,139,MG,2024-07-04,delivered,宠物用品,719.25,143.29,862.54
720,139,MG,2024-04-09,delivered,图书,655.56,56.06,711.6199999999999
720,139,MG,2024-04-09,delivered,宠物用品,558.48,111.63,670.11
720,139,MG,2024-04-09,delivered,服饰,412.78,51.26,464.03999999999996
721,139,MG,2024-03-27,delivered,服饰,289.51,57.21,346.71999999999997
722,139,MG,2023-03-13,delivered,运动休闲,380.59,74.27,454.85999999999996
723,139,MG,2024-11-09,delivered,玩具,48.54,5.57,54.11
724,140,PA,2024-03-17,delivered,家居家具,273.77,22.29,296.06
724,140,PA,2024-03-17,delivered,运动休闲,503.57,66.11,569.68
725,141,BA,2024-09-07,canceled,美妆健康,600.51,106.18,706.69
726,142,SC,2024-06-20,canceled,电脑配件,39.14,7.6,46.74
726,142,SC,2024-06-20,canceled,厨具,671.8,108.78,780.5799999999999
726,142,SC,2024-06-20,canceled,宠物用品,792.6,148.89,941.49
727,143,SC,2023-05-23,canceled,玩具,511.91,49.61,561.52
727,143,SC,2023-05-23,canceled,美妆健康,617.61,110.94,728.55
727,143,SC,2023-05-23,canceled,电脑配件,35.43,3.58,39.01
728,143,SC,2023-11-17,canceled,电脑配件,655.5,33.19,688.69
729,143,SC,2023-12-25,delivered,运动休闲,229.73,24.91,254.64
730,143,SC,2024-11-08,delivered,运动休闲,328.67,27.36,356.03000000000003
730,143,SC,2024-11-08,delivered,图书,273.46,13.75,287.21
730,143,SC,2024-11-08,delivered,图书,343.7,56.94,400.64
731,143,SC,2024-09-22,delivered,电脑配件,771.44,48.07,819.5100000000001
731,143,SC,2024-09-22,delivered,家居家具,201.61,15.35,216.96
731,143,SC,2024-09-22,delivered,家居家具,325.3,58.24,383.54
732,143,SC,2023-11-15,delivered,玩具,567.48,72.65,640.13
732,143,SC,2023-11-15,delivered,厨具,177.95,35.08,213.02999999999997
733,143,SC,2023-07-22,delivered,服饰,681.64,109.46,791.1
733,143,SC,2023-07-22,delivered,电脑配件,199.12,37.8,236.92000000000002
734,143,SC,2023-12-07,delivered,服饰,116.19,6.66,122.85
734,143,SC,2023-12-07,delivered,玩具,88.29,13.6,101.89
735,143,SC,2023-02-05,canceled,美妆健康,432.82,61.95,494.77
736,143,SC,2023-12-27,delivered,厨具,694.57,100.61,795.1800000000001
737,143,SC,2024-12-02,delivered,电脑配件,66.1,6.3,72.39999999999999
737,143,SC,2024-12-02,delivered,服饰,197.39,18.8,216.19
737,143,SC,2024-12-02,delivered,电脑配件,538.36,73.75,612.11
738,143,SC,2024-09-15,delivered,美妆健康,784.79,132.52,917.31
739,143,SC,2023-05-12,delivered,美妆健康,519.36,91.82,611.1800000000001
739,143,SC,2023-05-12,delivered,玩具,405.44,20.64,426.08
739,143,SC,2023-05-12,delivered,厨具,305.18,52.76,357.94
740,143,SC,2024-02-13,delivered,美妆健康,125.17,11.2,136.37
741,143,SC,2023-11-04,delivered,厨具,483.76,72.27,556.03
741,143,SC,2023-11-04,delivered,运动休闲,201.96,37.38,239.34
742,143,SC,2024-01-23,delivered,运动休闲,755.51,89.17,844.68
743,143,SC,2024-12-26,canceled,美妆健康,442.15,34.69,476.84
744,143,SC,2024-05-10,delivered,美妆健康,32.59,5.72,38.31
745,143,SC,2024-11-02,delivered,运动休闲,366.57,24.71,391.28
746,143,SC,2024-04-15,delivered,玩具,222.86,30.34,253.20000000000002
746,143,SC,2024-04-15,delivered,电脑配件,344.8,30.33,375.13
747,143,SC,2023-12-21,delivered,玩具,126.08,11.56,137.64
748,143,SC,2024-06-01,delivered,家居家具,793.84,98.47,892.3100000000001
748,143,SC,2024-06-01,delivered,运动休闲,181.32,14.09,195.41
748,143,SC,2024-06-01,delivered,服饰,80.06,8.21,88.27000000000001
749,143,SC,2024-11-12,delivered,服饰,481.43,62.33,543.76
750,143,SC,2023-01-30,delivered,家居家具,82.69,13.72,96.41
750,143,SC,2023-01-30,delivered,运动休闲,749.44,84.81,834.25
750,143,SC,2023-01-30,delivered,家居家具,311.85,49.76,361.61
751,143,SC,2024-04-16,delivered,厨具,551.61,102.86,654.47
752,143,SC,2024-09-22,delivered,服饰,179.63,13.41,193.04
752,143,SC,2024-09-22,delivered,服饰,362.83,30.73,393.56
753,143,SC,2024-09-08,delivered,电子产品,633.26,70.89,704.15
754,143,SC,2023-09-16,delivered,厨具,573.92,103.05,676.9699999999999
754,143,SC,2023-09-16,delivered,家居家具,753.54,88.21,841.75
754,143,SC,2023-09-16,delivered,宠物用品,410.4,60.75,471.15
755,143,SC,2023-06-11,delivered,电子产品,397.52,24.08,421.59999999999997
756,143,SC,2023-06-19,delivered,家居家具,236.11,23.79,259.90000000000003
756,143,SC,2023-06-19,delivered,美妆健康,124.17,6.55,130.72
757,143,SC,2024-04-11,delivered,宠物用品,627.62,61.58,689.2
758,143,SC,2023-12-22,delivered,运动休闲,773.56,143.75,917.31
759,143,SC,2023-08-08,delivered,电脑配件,475.55,60.82,536.37
759,143,SC,2023-08-08,delivered,服饰,520.69,72.48,593.1700000000001
759,143,SC,2023-08-08,delivered,运动休闲,280.84,15.56,296.4
760,143,SC,2024-12-12,delivered,服饰,722.04,69.5,791.54
760,143,SC,2024-12-12,delivered,运动休闲,521.53,48.26,569.79
760,143,SC,2024-12-12,delivered,家居家具,307.68,28.1,335.78000000000003
761,143,SC,2024-11-15,delivered,电子产品,599.32,79.2,678.5200000000001
762,143,SC,2024-12-08,delivered,家居家具,630.79,98.97,729.76
762,143,SC,2024-12-08,delivered,厨具,111.46,20.45,131.91
763,143,SC,2023-11-21,delivered,玩具,307.41,54.65,362.06
764,143,SC,2024-11-23,delivered,玩具,467.58,83.92,551.5
764,143,SC,2024-11-23,delivered,运动休闲,195.11,17.54,212.65
764,143,SC,2024-11-23,delivered,宠物用品,104.1,9.32,113.41999999999999
765,143,SC,2024-11-27,delivered,电子产品,691.47,133.5,824.97
765,143,SC,2024-11-27,delivered,美妆健康,685.09,59.96,745.0500000000001
765,143,SC,2024-11-27,delivered,电脑配件,148.46,12.77,161.23000000000002
766,143,SC,2023-05-20,delivered,电子产品,386.61,27.5,414.11
766,143,SC,2023-05-20,delivered,玩具,633.92,64.47,698.39
767,143,SC,2023-10-01,delivered,电脑配件,73.77,7.99,81.75999999999999
767,143,SC,2023-10-01,delivered,宠物用品,141.79,23.67,165.45999999999998
768,143,SC,2024-11-06,delivered,宠物用品,713.22,83.89,797.11
768,143,SC,2024-11-06,delivered,电脑配件,264.92,26.12,291.04
768,143,SC,2024-11-06,delivered,图书,632.85,49.3,682.15
769,143,SC,2023-09-26,delivered,玩具,94.09,15.3,109.39
769,143,SC,2023-09-26,delivered,服饰,796.45,58.97,855.4200000000001
769,143,SC,2023-09-26,delivered,厨具,704.43,59.27,763.6999999999999
770,143,SC,2023-02-22,delivered,图书,296.74,46.74,343.48
770,143,SC,2023-02-22,delivered,服饰,659.53,45.35,704.88
771,143,SC,2024-03-03,delivered,厨具,667.73,102.63,770.36
771,143,SC,2024-03-03,delivered,运动休闲,332.29,33.43,365.72
772,143,SC,2023-08-18,delivered,图书,694.27,47.67,741.9399999999999
773,143,SC,2024-09-16,delivered,美妆健康,401.4,32.98,434.38
774,143,SC,2024-07-08,canceled,美妆健康,619.24,95.08,714.32
775,143,SC,2024-12-13,canceled,厨具,467.56,38.07,505.63
776,143,SC,2024-11-25,delivered,家居家具,785.52,136.92,922.4399999999999
777,143,SC,2023-06-28,delivered,图书,48.69,3.17,51.86
777,143,SC,2023-06-28,delivered,图书,529.4,32.78,562.18
777,143,SC,2023-06-28,delivered,电脑配件,245.21,39.19,284.4
778,143,SC,2023-12-04,delivered,玩具,730.14,44.16,774.3
779,143,SC,2024-01-18,canceled,玩具,381.62,40.89,422.51
779,143,SC,2024-01-18,canceled,美妆健康,518.07,39.98,558.0500000000001
779,143,SC,2024-01-18,canceled,玩具,675.75,92.85,768.6
780,143,SC,2023-01-15,delivered,电子产品,436.32,54.44,490.76
780,143,SC,2023-01-15,delivered,电脑配件,731.35,46.74,778.09
781,143,SC,2023-05-02,delivered,电脑配件,320.38,55.1,375.48
781,143,SC,2023-05-02,delivered,运动休闲,297.32,26.18,323.5
781,143,SC,2023-05-02,delivered,电子产品,723.6,138.01,861.61
782,143,SC,2023-08-29,canceled,美妆健康,39.3,7.01,46.309999999999995
782,143,SC,2023-08-29,canceled,电脑配件,253.91,36.2,290.11
782,143,SC,2023-08-29,canceled,厨具,552.67,40.91,593.5799999999999
783,143,SC,2023-11-26,delivered,玩具,633.07,42.77,675.84
783,143,SC,2023-11-26,delivered,图书,220.11,12.04,232.15
784,143,SC,2024-06-01,delivered,家居家具,736.34,88.6,824.94
784,143,SC,2024-06-01,delivered,图书,294.41,16.12,310.53000000000003
784,143,SC,2024-06-01,delivered,玩具,750.71,92.46,843.1700000000001
785,143,SC,2023-01-03,delivered,美妆健康,35.18,4.65,39.83
786,143,SC,2023-11-22,delivered,服饰,43.9,6.81,50.71
787,143,SC,2024-05-07,delivered,服饰,318.74,40.82,359.56
788,143,SC,2023-01-21,delivered,电脑配件,725.68,95.6,821.28
789,144,PE,2024-07-19,delivered,美妆健康,381.51,65.45,446.96
790,145,RJ,2023-05-25,delivered,宠物用品,112.51,21.42,133.93
790,145,RJ,2023-05-25,delivered,服饰,501.83,91.04,592.87
791,146,MG,2024-04-24,delivered,电脑配件,574.43,105.94,680.3699999999999
792,147,PE,2023-07-31,delivered,玩具,443.48,84.45,527.9300000000001
793,148,SC,2023-03-30,delivered,美妆健康,723.76,89.66,813.42
793,148,SC,2023-03-30,delivered,美妆健康,219.35,20.81,240.16
793,148,SC,2023-03-30,delivered,电脑配件,378.88,34.6,413.48
794,149,CE,2024-07-24,delivered,玩具,303.45,32.42,335.87
794,149,CE,2024-07-24,delivered,服饰,231.76,45.36,277.12
795,150,RS,2024-09-02,delivered,电子产品,136.19,27.19,163.38
796,151,MG,2024-12-30,delivered,家居家具,182.24,25.07,207.31
796,151,MG,2024-12-30,delivered,厨具,562.49,39.0,601.49
797,152,SC,2024-10-25,delivered,电脑配件,404.13,43.49,447.62
797,152,SC,2024-10-25,delivered,厨具,531.67,80.47,612.14
797,152,SC,2024-10-25,delivered,图书,50.77,10.12,60.89
798,153,CE,2023-06-06,delivered,图书,527.85,74.29,602.14
798,153,CE,2023-06-06,delivered,厨具,530.01,49.94,579.95
799,153,CE,2024-09-29,delivered,电子产品,340.33,35.48,375.81
799,153,CE,2024-09-29,delivered,厨具,615.69,83.56,699.25
800,153,CE,2023-09-15,delivered,服饰,61.3,3.73,65.03
800,153,CE,2023-09-15,delivered,服饰,437.04,54.46,491.5
801,153,CE,2023-09-08,delivered,家居家具,37.65,5.41,43.06
802,153,CE,2024-07-13,delivered,玩具,101.37,10.53,111.9
802,153,CE,2024-07-13,delivered,厨具,441.51,30.16,471.67
802,153,CE,2024-07-13,delivered,电脑配件,614.7,64.28,678.98
803,153,CE,2023-09-23,delivered,美妆健康,687.65,41.48,729.13
803,153,CE,2023-09-23,delivered,玩具,523.99,56.77,580.76
803,153,CE,2023-09-23,delivered,服饰,262.09,27.64,289.72999999999996
804,153,CE,2024-09-12,delivered,宠物用品,26.79,4.47,31.259999999999998
804,153,CE,2024-09-12,delivered,厨具,588.35,80.71,669.0600000000001
805,153,CE,2024-02-20,delivered,玩具,797.71,41.57,839.2800000000001
805,153,CE,2024-02-20,delivered,电脑配件,515.4,30.53,545.93
805,153,CE,2024-02-20,delivered,家居家具,420.8,53.76,474.56
806,153,CE,2023-05-15,delivered,宠物用品,579.03,76.51,655.54
807,153,CE,2024-10-07,delivered,家居家具,159.15,16.04,175.19
807,153,CE,2024-10-07,delivered,美妆健康,395.48,63.84,459.32000000000005
807,153,CE,2024-10-07,delivered,玩具,246.73,49.12,295.84999999999997
808,153,CE,2023-03-07,canceled,美妆健康,80.24,15.45,95.69
808,153,CE,2023-03-07,canceled,宠物用品,794.08,83.22,877.3000000000001
809,153,CE,2023-03-17,delivered,运动休闲,658.81,87.58,746.39
809,153,CE,2023-03-17,delivered,运动休闲,429.83,52.35,482.18
809,153,CE,2023-03-17,delivered,服饰,180.56,23.37,203.93
810,153,CE,2023-04-03,delivered,家居家具,749.31,52.92,802.2299999999999
811,153,CE,2024-11-11,canceled,厨具,133.93,11.93,145.86
811,153,CE,2024-11-11,canceled,运动休闲,104.66,12.5,117.16
811,153,CE,2024-11-11,canceled,玩具,346.27,38.21,384.47999999999996
812,153,CE,2024-03-13,delivered,家居家具,123.4,16.32,139.72
813,153,CE,2023-11-18,delivered,电脑配件,665.22,51.37,716.59
813,153,CE,2023-11-18,delivered,电子产品,736.48,60.55,797.03
814,153,CE,2024-03-25,delivered,家居家具,515.8,51.34,567.14
814,153,CE,2024-03-25,delivered,电脑配件,376.13,50.24,426.37
815,153,CE,2024-07-27,delivered,服饰,250.72,30.65,281.37
815,153,CE,2024-07-27,delivered,图书,163.39,12.66,176.04999999999998
816,153,CE,2024-06-17,delivered,电子产品,381.29,59.14,440.43
817,153,CE,2024-08-15,delivered,电脑配件,404.72,72.85,477.57000000000005
818,153,CE,2024-08-29,delivered,玩具,757.95,80.36,838.3100000000001
818,153,CE,2024-08-29,delivered,电脑配件,77.88,8.56,86.44
819,153,CE,2023-03-10,delivered,图书,792.83,42.12,834.95
819,153,CE,2023-03-10,delivered,运动休闲,70.32,12.84,83.16
820,153,CE,2023-08-20,delivered,玩具,39.14,2.72,41.86
821,153,CE,2024-12-20,delivered,美妆健康,264.55,18.7,283.25
821,153,CE,2024-12-20,delivered,玩具,133.68,17.67,151.35000000000002
822,153,CE,2023-09-22,delivered,玩具,703.41,66.19,769.5999999999999
822,153,CE,2023-09-22,delivered,电脑配件,528.37,29.72,558.09
822,153,CE,2023-09-22,delivered,厨具,183.03,26.93,209.96
823,153,CE,2024-04-08,delivered,电子产品,748.49,122.59,871.08
824,153,CE,2024-06-10,delivered,玩具,645.94,54.79,700.73
824,153,CE,2024-06-10,delivered,电脑配件,127.89,16.2,144.09
825,153,CE,2024-12-22,delivered,图书,388.92,74.31,463.23
826,153,CE,2023-12-11,delivered,家居家具,449.95,48.57,498.52
826,153,CE,2023-12-11,delivered,家居家具,472.09,48.18,520.27
826,153,CE,2023-12-11,delivered,电子产品,753.13,124.95,878.08
827,153,CE,2024-06-14,delivered,厨具,540.45,70.81,611.26
828,153,CE,2023-05-18,delivered,运动休闲,323.25,56.56,379.81
828,153,CE,2023-05-18,delivered,电脑配件,529.8,75.19,604.99
828,153,CE,2023-05-18,delivered,家居家具,534.88,68.64,603.52
829,153,CE,2023-01-15,delivered,宠物用品,671.4,81.5,752.9
830,153,CE,2023-08-01,delivered,玩具,381.79,21.53,403.32000000000005
830,153,CE,2023-08-01,delivered,运动休闲,155.48,23.86,179.33999999999997
830,153,CE,2023-08-01,delivered,美妆健康,84.55,9.64,94.19
831,153,CE,2024-04-23,delivered,玩具,717.33,124.66,841.99
831,153,CE,2024-04-23,delivered,服饰,453.02,38.85,491.87
832,153,CE,2024-02-21,canceled,服饰,283.8,49.18,332.98
833,153,CE,2024-06-29,delivered,服饰,247.44,28.42,275.86
833,153,CE,2024-06-29,delivered,服饰,504.52,41.61,546.13
834,153,CE,2024-12-21,delivered,厨具,676.92,42.8,719.7199999999999
835,153,CE,2024-11-10,delivered,家居家具,614.19,115.99,730.1800000000001
835,153,CE,2024-11-10,delivered,美妆健康,40.09,4.17,44.260000000000005
836,153,CE,2024-08-07,delivered,电子产品,341.21,52.38,393.59
836,153,CE,2024-08-07,delivered,图书,628.05,73.12,701.17
837,153,CE,2024-05-25,delivered,玩具,96.17,6.14,102.31
837,153,CE,2024-05-25,delivered,服饰,608.26,93.67,701.93
838,153,CE,2024-05-10,delivered,玩具,132.89,16.0,148.89
839,153,CE,2023-07-22,delivered,运动休闲,255.68,46.03,301.71000000000004
839,153,CE,2023-07-22,delivered,服饰,30.61,3.36,33.97
840,153,CE,2024-11-08,delivered,美妆健康,604.37,100.13,704.5
840,153,CE,2024-11-08,delivered,宠物用品,770.62,71.83,842.45
841,153,CE,2024-04-01,delivered,厨具,180.21,13.15,193.36
842,153,CE,2024-10-25,delivered,美妆健康,735.84,72.55,808.39
842,153,CE,2024-10-25,delivered,家居家具,258.98,48.09,307.07000000000005
842,153,CE,2024-10-25,delivered,电脑配件,455.79,79.89,535.6800000000001
843,153,CE,2023-04-29,delivered,美妆健康,89.2,11.8,101.0
843,153,CE,2023-04-29,delivered,厨具,449.02,82.5,531.52
843,153,CE,2023-04-29,delivered,电子产品,729.39,102.91,832.3
844,153,CE,2023-06-30,delivered,运动休闲,68.79,7.74,76.53
844,153,CE,2023-06-30,delivered,电子产品,783.44,129.01,912.45
844,153,CE,2023-06-30,delivered,图书,456.57,73.8,530.37
845,153,CE,2024-08-28,delivered,厨具,389.91,50.52,440.43
845,153,CE,2024-08-28,delivered,家居家具,138.46,16.84,155.3
846,153,CE,2024-09-21,canceled,电脑配件,788.47,82.8,871.27
846,153,CE,2024-09-21,canceled,家居家具,49.2,9.51,58.71
846,153,CE,2024-09-21,canceled,玩具,77.33,11.95,89.28
847,153,CE,2023-03-04,delivered,家居家具,116.66,12.09,128.75
848,153,CE,2023-04-02,delivered,厨具,106.94,17.86,124.8
848,153,CE,2023-04-02,delivered,图书,677.95,51.3,729.25
849,153,CE,2024-11-25,delivered,厨具,142.54,11.77,154.31
849,153,CE,2024-11-25,delivered,运动休闲,191.68,15.22,206.9
849,153,CE,2024-11-25,delivered,服饰,38.9,2.34,41.239999999999995
850,154,RS,2024-12-03,delivered,家居家具,294.73,58.3,353.03000000000003
850,154,RS,2024-12-03,delivered,家居家具,753.81,104.69,858.5
851,155,PA,2023-05-22,delivered,图书,655.71,59.03,714.74
852,155,PA,2023-03-31,canceled,玩具,455.5,75.64,531.14
852,155,PA,2023-03-31,canceled,图书,141.23,26.35,167.57999999999998
852,155,PA,2023-03-31,canceled,家居家具,222.37,18.0,240.37
853,155,PA,2023-08-14,delivered,宠物用品,593.6,53.62,647.22
853,155,PA,2023-08-14,delivered,厨具,607.5,118.83,726.33
853,155,PA,2023-08-14,delivered,美妆健康,512.13,34.25,546.38
854,155,PA,2024-03-11,delivered,图书,729.63,104.62,834.25
854,155,PA,2024-03-11,delivered,厨具,152.73,19.04,171.76999999999998
855,155,PA,2023-05-15,delivered,运动休闲,74.87,13.14,88.01
855,155,PA,2023-05-15,delivered,运动休闲,44.39,5.82,50.21
856,155,PA,2023-07-11,delivered,运动休闲,593.24,89.33,682.57
856,155,PA,2023-07-11,delivered,玩具,501.97,64.09,566.0600000000001
856,155,PA,2023-07-11,delivered,图书,188.29,16.79,205.07999999999998
857,155,PA,2024-10-21,delivered,玩具,80.33,11.71,92.03999999999999
857,155,PA,2024-10-21,delivered,电子产品,539.82,27.58,567.4000000000001
858,155,PA,2024-01-12,delivered,电脑配件,67.75,6.29,74.04
858,155,PA,2024-01-12,delivered,运动休闲,662.79,36.4,699.1899999999999
859,155,PA,2024-09-20,delivered,图书,746.6,78.96,825.5600000000001
859,155,PA,2024-09-20,delivered,宠物用品,538.7,106.3,645.0
860,155,PA,2023-11-15,canceled,宠物用品,585.34,65.56,650.9000000000001
861,155,PA,2023-03-27,delivered,电脑配件,633.89,103.35,737.24
861,155,PA,2023-03-27,delivered,玩具,268.04,34.59,302.63
861,155,PA,2023-03-27,delivered,厨具,586.51,32.99,619.5
862,155,PA,2023-04-03,delivered,运动休闲,694.0,118.49,812.49
863,155,PA,2024-01-08,delivered,玩具,82.45,11.01,93.46000000000001
864,155,PA,2023-05-04,delivered,运动休闲,288.13,46.48,334.61
864,155,PA,2023-05-04,delivered,电子产品,606.58,82.71,689.2900000000001
864,155,PA,2023-05-04,delivered,玩具,501.35,54.18,555.53
865,155,PA,2024-12-20,delivered,运动休闲,685.49,134.22,819.71
865,155,PA,2024-12-20,delivered,服饰,557.52,43.1,600.62
865,155,PA,2024-12-20,delivered,电脑配件,479.43,93.1,572.53
866,155,PA,2024-10-28,delivered,服饰,297.97,49.31,347.28000000000003
866,155,PA,2024-10-28,delivered,电脑配件,393.14,35.51,428.65
866,155,PA,2024-10-28,delivered,美妆健康,766.93,75.87,842.8
867,155,PA,2023-05-15,delivered,电子产品,240.46,44.45,284.91
867,155,PA,2023-05-15,delivered,电脑配件,107.76,19.12,126.88000000000001
868,155,PA,2024-11-26,delivered,图书,783.16,155.75,938.91
869,155,PA,2023-10-18,canceled,宠物用品,411.88,21.54,433.42
870,155,PA,2023-09-03,delivered,运动休闲,416.69,78.54,495.23
871,155,PA,2023-05-20,delivered,美妆健康,647.45,114.3,761.75
872,155,PA,2024-06-09,delivered,玩具,56.32,10.88,67.2
873,155,PA,2023-08-05,delivered,玩具,93.65,13.76,107.41000000000001
874,155,PA,2023-05-27,delivered,服饰,331.86,64.65,396.51
874,155,PA,2023-05-27,delivered,家居家具,699.61,101.16,800.77
875,155,PA,2024-07-08,delivered,美妆健康,627.89,79.9,707.79
875,155,PA,2024-07-08,delivered,玩具,484.96,78.25,563.21
876,155,PA,2024-04-06,delivered,宠物用品,377.04,40.99,418.03000000000003
876,155,PA,2024-04-06,delivered,美妆健康,698.95,110.37,809.32
876,155,PA,2024-04-06,delivered,服饰,432.14,67.23,499.37
877,155,PA,2024-07-20,canceled,玩具,376.66,19.22,395.88
877,155,PA,2024-07-20,canceled,电子产品,631.62,96.01,727.63
877,155,PA,2024-07-20,canceled,运动休闲,600.5,66.98,667.48
878,155,PA,2023-10-02,delivered,运动休闲,592.58,62.62,655.2
878,155,PA,2023-10-02,delivered,家居家具,410.39,40.03,450.41999999999996
879,155,PA,2024-09-01,delivered,图书,646.9,63.39,710.29
879,155,PA,2024-09-01,delivered,服饰,389.51,54.55,444.06
879,155,PA,2024-09-01,delivered,电脑配件,293.2,35.06,328.26
880,155,PA,2024-08-03,delivered,图书,721.45,51.22,772.6700000000001
880,155,PA,2024-08-03,delivered,家居家具,176.48,17.83,194.31
881,155,PA,2023-06-24,delivered,运动休闲,533.28,44.71,577.99
881,155,PA,2023-06-24,delivered,电子产品,554.98,55.06,610.04
881,155,PA,2023-06-24,delivered,电子产品,668.68,54.44,723.1199999999999
882,155,PA,2024-07-25,delivered,家居家具,335.98,16.88,352.86
883,155,PA,2024-11-12,canceled,玩具,83.3,14.98,98.28
884,155,PA,2024-05-28,delivered,厨具,80.69,15.79,96.47999999999999
884,155,PA,2024-05-28,delivered,运动休闲,633.81,125.38,759.1899999999999
884,155,PA,2024-05-28,delivered,玩具,160.18,13.81,173.99
885,155,PA,2023-02-13,delivered,玩具,684.57,38.14,722.71
886,155,PA,2024-12-27,delivered,玩具,538.98,33.95,572.9300000000001
887,155,PA,2024-05-21,delivered,电子产品,642.79,64.59,707.38
887,155,PA,2024-05-21,delivered,服饰,49.48,6.56,56.04
887,155,PA,2024-05-21,delivered,运动休闲,415.47,68.37,483.84000000000003
888,155,PA,2023-07-15,delivered,家居家具,109.15,7.52,116.67
888,155,PA,2023-07-15,delivered,服饰,50.23,6.03,56.26
888,155,PA,2023-07-15,delivered,服饰,143.77,18.8,162.57000000000002
889,156,SC,2023-07-13,canceled,电子产品,561.78,28.87,590.65
889,156,SC,2023-07-13,canceled,运动休闲,301.82,38.59,340.40999999999997
889,156,SC,2023-07-13,canceled,运动休闲,345.41,68.07,413.48
890,156,SC,2024-08-13,delivered,玩具,446.89,50.09,496.98
891,156,SC,2023-11-09,delivered,运动休闲,188.1,28.55,216.65
891,156,SC,2023-11-09,delivered,电脑配件,679.56,46.77,726.3299999999999
892,156,SC,2024-03-09,delivered,运动休闲,735.3,114.5,849.8
892,156,SC,2024-03-09,delivered,电子产品,529.46,53.95,583.4100000000001
893,156,SC,2023-05-01,delivered,美妆健康,133.86,17.78,151.64000000000001
893,156,SC,2023-05-01,delivered,玩具,607.27,42.56,649.8299999999999
894,156,SC,2024-12-29,delivered,玩具,747.08,67.09,814.1700000000001
895,156,SC,2024-09-06,delivered,电子产品,799.61,76.47,876.08
895,156,SC,2024-09-06,delivered,玩具,729.51,46.24,775.75
896,156,SC,2024-09-04,canceled,电子产品,436.66,26.69,463.35
896,156,SC,2024-09-04,canceled,运动休闲,583.89,36.45,620.34
896,156,SC,2024-09-04,canceled,厨具,720.71,100.02,820.73
897,157,PR,2023-11-13,delivered,电脑配件,701.18,50.08,751.26
898,157,PR,2023-11-18,delivered,服饰,593.82,99.54,693.36
898,157,PR,2023-11-18,delivered,服饰,346.54,18.51,365.05
899,157,PR,2023-05-16,delivered,电脑配件,430.26,55.42,485.68
899,157,PR,2023-05-16,delivered,电子产品,425.61,33.52,459.13
900,157,PR,2023-07-10,canceled,玩具,576.84,97.81,674.6500000000001
900,157,PR,2023-07-10,canceled,玩具,490.15,30.27,520.42
900,157,PR,2023-07-10,canceled,玩具,449.98,87.33,537.3100000000001
901,157,PR,2024-09-06,delivered,宠物用品,747.95,65.67,813.62
901,157,PR,2024-09-06,delivered,电子产品,491.22,43.47,534.69
901,157,PR,2024-09-06,delivered,玩具,253.56,33.69,287.25
902,157,PR,2023-03-03,delivered,电脑配件,331.34,41.71,373.04999999999995
903,157,PR,2024-08-20,delivered,家居家具,575.17,45.98,621.15
903,157,PR,2024-08-20,delivered,服饰,200.15,27.03,227.18
904,157,PR,2024-12-14,delivered,厨具,97.69,10.02,107.71
905,157,PR,2024-12-10,delivered,宠物用品,676.67,36.73,713.4
905,157,PR,2024-12-10,delivered,玩具,629.06,92.61,721.67
905,157,PR,2024-12-10,delivered,服饰,269.18,13.86,283.04
906,157,PR,2023-01-14,delivered,运动休闲,159.7,21.59,181.29
906,157,PR,2023-01-14,delivered,宠物用品,217.38,37.6,254.98
906,157,PR,2023-01-14,delivered,家居家具,544.77,63.22,607.99
907,157,PR,2023-12-25,delivered,厨具,464.63,77.71,542.34
908,157,PR,2024-11-29,delivered,运动休闲,573.56,100.06,673.6199999999999
908,157,PR,2024-11-29,delivered,玩具,695.55,86.17,781.7199999999999
909,157,PR,2023-01-06,delivered,玩具,516.63,52.11,568.74
910,157,PR,2023-12-26,delivered,运动休闲,766.74,148.26,915.0
910,157,PR,2023-12-26,delivered,厨具,674.81,70.05,744.8599999999999
911,157,PR,2024-12-10,delivered,美妆健康,284.92,15.8,300.72
911,157,PR,2024-12-10,delivered,宠物用品,122.21,14.53,136.73999999999998
912,157,PR,2023-03-10,delivered,电子产品,685.73,71.52,757.25
912,157,PR,2023-03-10,delivered,美妆健康,220.76,30.61,251.37
912,157,PR,2023-03-10,delivered,运动休闲,516.8,97.58,614.38
913,157,PR,2023-01-16,delivered,电子产品,611.88,61.15,673.03
914,157,PR,2024-07-13,delivered,玩具,795.36,80.35,875.71
914,157,PR,2024-07-13,delivered,电子产品,652.25,110.35,762.6
915,157,PR,2024-02-19,delivered,电脑配件,660.55,100.38,760.93
915,157,PR,2024-02-19,delivered,图书,373.64,72.25,445.89
916,157,PR,2024-12-01,delivered,电脑配件,563.5,58.36,621.86
917,157,PR,2024-05-14,delivered,玩具,233.03,24.49,257.52
917,157,PR,2024-05-14,delivered,图书,128.16,11.53,139.69
918,157,PR,2024-09-15,delivered,运动休闲,88.57,13.45,102.02
919,157,PR,2023-11-04,delivered,玩具,613.51,69.45,682.96
920,157,PR,2023-06-28,delivered,电脑配件,474.89,30.44,505.33
920,157,PR,2023-06-28,delivered,电子产品,71.48,13.5,84.98
920,157,PR,2023-06-28,delivered,家居家具,650.25,34.91,685.16
921,157,PR,2023-05-31,delivered,玩具,256.45,30.76,287.21
921,157,PR,2023-05-31,delivered,图书,683.93,54.53,738.4599999999999
922,157,PR,2023-02-25,delivered,电子产品,102.77,14.66,117.42999999999999
923,157,PR,2023-06-25,canceled,家居家具,216.66,17.18,233.84
924,157,PR,2024-12-03,delivered,电脑配件,234.07,23.69,257.76
924,157,PR,2024-12-03,delivered,图书,740.19,140.64,880.83
925,157,PR,2024-06-16,delivered,运动休闲,67.11,6.95,74.06
926,157,PR,2023-05-31,delivered,玩具,117.27,15.7,132.97
926,157,PR,2023-05-31,delivered,厨具,371.45,37.55,409.0
927,157,PR,2023-11-22,delivered,服饰,372.01,42.71,414.71999999999997
927,157,PR,2023-11-22,delivered,宠物用品,282.12,16.72,298.84000000000003
928,157,PR,2023-12-08,delivered,玩具,26.14,3.99,30.130000000000003
929,157,PR,2024-09-05,delivered,家居家具,270.39,44.35,314.74
929,157,PR,2024-09-05,delivered,电子产品,401.89,27.94,429.83
929,157,PR,2024-09-05,delivered,电脑配件,527.89,78.44,606.3299999999999
930,157,PR,2023-05-30,delivered,服饰,512.09,80.72,592.8100000000001
931,157,PR,2024-07-11,delivered,服饰,120.83,6.37,127.2
932,157,PR,2024-04-08,delivered,玩具,22.8,1.26,24.060000000000002
932,157,PR,2024-04-08,delivered,美妆健康,710.83,42.94,753.77
932,157,PR,2024-04-08,delivered,运动休闲,452.05,45.25,497.3
933,157,PR,2023-08-14,delivered,玩具,110.81,19.21,130.02
933,157,PR,2023-08-14,delivered,电子产品,229.02,25.72,254.74
933,157,PR,2023-08-14,delivered,家居家具,609.12,66.17,675.29
934,157,PR,2024-03-15,delivered,服饰,587.44,32.28,619.72
934,157,PR,2024-03-15,delivered,家居家具,466.13,72.65,538.78
935,157,PR,2023-10-29,delivered,玩具,147.49,21.49,168.98000000000002
936,157,PR,2023-12-05,delivered,服饰,501.3,60.49,561.79
936,157,PR,2023-12-05,delivered,家居家具,783.22,98.26,881.48
937,157,PR,2024-08-04,delivered,家居家具,516.6,89.2,605.8000000000001
937,157,PR,2024-08-04,delivered,美妆健康,784.42,108.3,892.7199999999999
938,157,PR,2024-01-24,canceled,玩具,283.07,41.73,324.8
939,157,PR,2023-06-21,delivered,美妆健康,556.72,71.08,627.8000000000001
939,157,PR,2023-06-21,delivered,家居家具,235.79,35.48,271.27
939,157,PR,2023-06-21,delivered,运动休闲,532.2,65.23,597.4300000000001
940,157,PR,2024-08-24,delivered,运动休闲,199.38,29.41,228.79
940,157,PR,2024-08-24,delivered,宠物用品,406.93,30.39,437.32
940,157,PR,2024-08-24,delivered,玩具,374.63,46.7,421.33
941,157,PR,2023-11-30,delivered,图书,278.37,26.17,304.54
942,157,PR,2023-12-10,delivered,厨具,470.91,49.87,520.78
942,157,PR,2023-12-10,delivered,玩具,786.5,54.56,841.06
943,157,PR,2023-08-08,delivered,玩具,546.01,99.83,645.84
943,157,PR,2023-08-08,delivered,厨具,548.66,29.0,577.66
944,157,PR,2024-01-06,delivered,服饰,303.56,48.3,351.86
944,157,PR,2024-01-06,delivered,图书,782.48,88.48,870.96
945,157,PR,2024-06-03,delivered,运动休闲,710.34,50.45,760.7900000000001
946,157,PR,2023-06-14,delivered,服饰,693.31,111.62,804.93
947,157,PR,2023-10-10,delivered,电子产品,22.23,3.56,25.79
947,157,PR,2023-10-10,delivered,家居家具,504.02,52.87,556.89
948,157,PR,2023-11-06,delivered,电脑配件,175.22,27.58,202.8
948,157,PR,2023-11-06,delivered,玩具,365.06,35.27,400.33
949,157,PR,2024-07-31,delivered,宠物用品,332.38,37.66,370.03999999999996
950,157,PR,2024-09-22,delivered,服饰,736.94,142.23,879.1700000000001
950,157,PR,2024-09-22,delivered,图书,767.86,59.18,827.04
950,157,PR,2024-09-22,delivered,家居家具,430.97,44.52,475.49
951,157,PR,2023-01-01,delivered,美妆健康,32.27,3.36,35.63
951,157,PR,2023-01-01,delivered,电子产品,545.02,82.26,627.28
952,157,PR,2024-02-17,delivered,玩具,608.48,45.06,653.54
952,157,PR,2024-02-17,delivered,服饰,405.62,49.22,454.84000000000003
952,157,PR,2024-02-17,delivered,电子产品,549.88,101.26,651.14
953,157,PR,2024-02-09,delivered,图书,545.46,58.15,603.61
953,157,PR,2024-02-09,delivered,玩具,753.34,125.54,878.88
954,157,PR,2023-12-05,delivered,电脑配件,46.33,6.11,52.44
954,157,PR,2023-12-05,delivered,图书,70.05,12.87,82.92
954,157,PR,2023-12-05,delivered,电脑配件,187.01,19.49,206.5
955,157,PR,2023-12-18,canceled,运动休闲,502.58,39.81,542.39
955,157,PR,2023-12-18,canceled,服饰,704.24,111.41,815.65
956,157,PR,2023-08-01,delivered,电子产品,647.68,74.05,721.7299999999999
956,157,PR,2023-08-01,delivered,电子产品,509.0,99.99,608.99
957,157,PR,2024-11-21,delivered,服饰,485.96,65.34,551.3
957,157,PR,2024-11-21,delivered,厨具,274.89,38.43,313.32
958,157,PR,2023-07-11,delivered,厨具,600.27,39.47,639.74
958,157,PR,2023-07-11,delivered,服饰,23.73,4.37,28.1
958,157,PR,2023-07-11,delivered,厨具,79.26,6.62,85.88000000000001
959,157,PR,2024-08-29,delivered,家居家具,368.54,70.38,438.92
959,157,PR,2024-08-29,delivered,运动休闲,302.96,34.23,337.19
960,157,PR,2023-11-27,delivered,家居家具,67.29,13.35,80.64
961,157,PR,2024-09-15,delivered,电子产品,753.51,52.92,806.43
961,157,PR,2024-09-15,delivered,图书,724.55,121.84,846.39
961,157,PR,2024-09-15,delivered,服饰,215.54,38.32,253.85999999999999
962,157,PR,2024-06-02,delivered,电子产品,782.69,128.05,910.74
962,157,PR,2024-06-02,delivered,家居家具,468.67,36.41,505.08000000000004
962,157,PR,2024-06-02,delivered,服饰,60.65,9.59,70.24
963,157,PR,2024-05-10,delivered,厨具,312.93,17.13,330.06
963,157,PR,2024-05-10,delivered,厨具,450.19,61.68,511.87
963,157,PR,2024-05-10,delivered,图书,619.39,93.66,713.05
964,157,PR,2023-12-28,delivered,电脑配件,337.71,62.85,400.56
964,157,PR,2023-12-28,delivered,家居家具,485.19,24.96,510.15
964,157,PR,2023-12-28,delivered,美妆健康,144.23,28.74,172.97
965,157,PR,2024-09-13,delivered,厨具,172.21,11.37,183.58
966,157,PR,2024-09-17,delivered,图书,154.11,14.39,168.5
966,157,PR,2024-09-17,delivered,玩具,78.65,7.67,86.32000000000001
966,157,PR,2024-09-17,delivered,家居家具,437.27,40.97,478.24
967,157,PR,2023-12-29,delivered,玩具,269.73,27.06,296.79
968,157,PR,2023-09-22,delivered,玩具,339.42,19.81,359.23
969,157,PR,2023-04-06,delivered,运动休闲,475.67,60.24,535.91
969,157,PR,2023-04-06,delivered,运动休闲,750.5,149.03,899.53
969,157,PR,2023-04-06,delivered,电子产品,715.61,96.24,811.85
970,157,PR,2024-03-24,delivered,玩具,723.12,45.16,768.28
970,157,PR,2024-03-24,delivered,电脑配件,166.51,20.25,186.76
971,158,AM,2024-04-26,delivered,电子产品,521.66,44.82,566.48
971,158,AM,2024-04-26,delivered,电脑配件,548.66,45.64,594.3
971,158,AM,2024-04-26,delivered,服饰,456.98,86.55,543.53
972,159,SC,2023-12-12,delivered,运动休闲,507.68,62.7,570.38
972,159,SC,2023-12-12,delivered,服饰,327.59,25.98,353.57
972,159,SC,2023-12-12,delivered,家居家具,255.12,31.41,286.53000000000003
973,159,SC,2023-02-27,delivered,电脑配件,409.14,75.27,484.40999999999997
973,159,SC,2023-02-27,delivered,电子产品,215.7,30.13,245.82999999999998
974,159,SC,2023-02-24,delivered,电子产品,733.78,141.05,874.8299999999999
974,159,SC,2023-02-24,delivered,厨具,77.02,10.74,87.75999999999999
975,159,SC,2024-12-14,delivered,电脑配件,700.65,68.81,769.46
975,159,SC,2024-12-14,delivered,图书,690.95,43.66,734.61
976,159,SC,2024-11-05,delivered,服饰,369.34,21.36,390.7
976,159,SC,2024-11-05,delivered,家居家具,475.14,24.9,500.03999999999996
976,159,SC,2024-11-05,delivered,玩具,369.48,27.28,396.76
977,159,SC,2024-10-28,delivered,宠物用品,505.72,94.63,600.35
977,159,SC,2024-10-28,delivered,家居家具,79.36,14.91,94.27
977,159,SC,2024-10-28,delivered,图书,516.21,42.81,559.02
978,159,SC,2023-02-01,delivered,电子产品,375.17,44.9,420.07
978,159,SC,2023-02-01,delivered,电子产品,690.77,112.78,803.55
978,159,SC,2023-02-01,delivered,电子产品,91.31,5.34,96.65
979,159,SC,2023-05-30,delivered,玩具,109.95,13.99,123.94
979,159,SC,2023-05-30,delivered,美妆健康,505.91,95.46,601.37
980,159,SC,2024-12-11,delivered,服饰,488.07,64.94,553.01
980,159,SC,2024-12-11,delivered,图书,719.72,127.65,847.37
981,159,SC,2024-01-06,delivered,玩具,219.08,11.99,231.07000000000002
981,159,SC,2024-01-06,delivered,服饰,420.75,80.28,501.03
982,159,SC,2023-06-17,delivered,玩具,85.72,10.95,96.67
983,159,SC,2024-08-14,delivered,家居家具,230.68,13.18,243.86
983,159,SC,2024-08-14,delivered,美妆健康,78.55,13.21,91.75999999999999
984,159,SC,2024-05-07,delivered,美妆健康,455.27,87.22,542.49
985,159,SC,2024-12-01,delivered,美妆健康,369.49,68.92,438.41
986,159,SC,2024-10-22,delivered,宠物用品,330.72,31.71,362.43
987,159,SC,2024-10-18,delivered,宠物用品,796.5,127.52,924.02
987,159,SC,2024-10-18,delivered,服饰,36.23,6.78,43.01
988,159,SC,2024-11-28,delivered,美妆健康,55.89,10.93,66.82
988,159,SC,2024-11-28,delivered,电子产品,556.18,81.82,638.0
988,159,SC,2024-11-28,delivered,运动休闲,507.87,87.98,595.85
989,159,SC,2023-05-11,delivered,电子产品,151.4,22.13,173.53
990,159,SC,2023-10-20,delivered,电子产品,483.84,57.27,541.11
990,159,SC,2023-10-20,delivered,玩具,257.02,47.24,304.26
991,159,SC,2024-07-30,delivered,运动休闲,444.97,79.82,524.79
992,159,SC,2024-11-27,canceled,图书,137.43,26.87,164.3
992,159,SC,2024-11-27,canceled,玩具,322.2,55.87,378.07
993,159,SC,2024-10-18,delivered,图书,110.26,16.82,127.08000000000001
993,159,SC,2024-10-18,delivered,美妆健康,711.49,95.86,807.35
993,159,SC,2024-10-18,delivered,服饰,55.61,3.76,59.37
994,159,SC,2024-06-15,delivered,图书,148.91,27.74,176.65
994,159,SC,2024-06-15,delivered,家居家具,532.37,105.05,637.42
994,159,SC,2024-06-15,delivered,电子产品,389.05,67.57,456.62
995,159,SC,2024-12-04,delivered,玩具,339.06,23.52,362.58
995,159,SC,2024-12-04,delivered,厨具,149.92,17.76,167.67999999999998
995,159,SC,2024-12-04,delivered,服饰,448.48,59.02,507.5
996,159,SC,2023-11-08,canceled,美妆健康,103.59,14.99,118.58
996,159,SC,2023-11-08,canceled,厨具,172.77,28.4,201.17000000000002
997,159,SC,2024-03-11,delivered,玩具,329.14,59.33,388.46999999999997
997,159,SC,2024-03-11,delivered,图书,210.11,21.04,231.15
997,159,SC,2024-03-11,delivered,玩具,479.73,61.78,541.51
998,159,SC,2024-11-19,delivered,服饰,374.96,35.16,410.12
998,159,SC,2024-11-19,delivered,宠物用品,404.48,45.88,450.36
998,159,SC,2024-11-19,delivered,服饰,612.54,48.73,661.27
999,159,SC,2023-10-29,canceled,图书,426.41,69.46,495.87
999,159,SC,2023-10-29,canceled,家居家具,171.87,16.88,188.75
1000,159,SC,2024-07-29,delivered,家居家具,544.61,37.88,582.49
1001,159,SC,2024-11-17,canceled,服饰,796.73,88.44,885.1700000000001
1002,159,SC,2024-04-08,delivered,图书,77.05,8.68,85.72999999999999
1003,159,SC,2023-11-11,delivered,电脑配件,640.12,56.6,696.72
1004,159,SC,2023-05-26,delivered,玩具,559.11,66.64,625.75
1005,159,SC,2024-03-19,delivered,服饰,267.22,43.64,310.86
1005,159,SC,2024-03-19,delivered,玩具,382.32,68.68,451.0
1005,159,SC,2024-03-19,delivered,服饰,616.44,95.62,712.0600000000001
1006,159,SC,2024-04-15,delivered,美妆健康,557.89,95.41,653.3
1007,159,SC,2023-09-14,delivered,玩具,87.23,13.99,101.22
1007,159,SC,2023-09-14,delivered,厨具,629.9,66.51,696.41
1007,159,SC,2023-09-14,delivered,运动休闲,277.19,24.74,301.93
1008,159,SC,2024-11-22,delivered,服饰,426.24,30.59,456.83
1009,159,SC,2023-06-18,delivered,美妆健康,398.89,58.33,457.21999999999997
1009,159,SC,2023-06-18,delivered,家居家具,445.73,67.97,513.7
1009,159,SC,2023-06-18,delivered,服饰,389.36,74.42,463.78000000000003
1010,159,SC,2024-09-04,delivered,电脑配件,484.9,51.71,536.61
1011,159,SC,2024-06-24,delivered,玩具,330.88,65.58,396.46
1011,159,SC,2024-06-24,delivered,服饰,315.18,52.32,367.5
1011,159,SC,2024-06-24,delivered,厨具,439.57,42.39,481.96
1012,160,BA,2024-05-07,delivered,电脑配件,317.62,35.22,352.84000000000003
1012,160,BA,2024-05-07,delivered,玩具,366.84,23.78,390.62
1013,161,MG,2024-04-23,delivered,玩具,132.26,7.88,140.14
1013,161,MG,2024-04-23,delivered,服饰,195.32,10.13,205.45
1014,162,RJ,2024-05-09,canceled,电脑配件,244.12,44.47,288.59000000000003
1015,163,MG,2023-09-06,delivered,家居家具,161.16,23.74,184.9
1015,163,MG,2023-09-06,delivered,电脑配件,412.91,35.33,448.24
1015,163,MG,2023-09-06,delivered,服饰,225.21,35.17,260.38
1016,164,MG,2023-06-25,delivered,家居家具,385.82,21.37,407.19
1017,165,BA,2024-07-17,delivered,宠物用品,649.58,125.62,775.2
1018,166,AM,2024-09-29,delivered,电子产品,175.89,31.97,207.85999999999999
1019,167,BA,2024-08-21,delivered,玩具,587.08,50.34,637.4200000000001
1019,167,BA,2024-08-21,delivered,电子产品,145.32,14.75,160.07
1019,167,BA,2024-08-21,delivered,玩具,587.29,87.09,674.38
1020,168,SP,2024-01-20,delivered,玩具,75.1,9.3,84.39999999999999
1020,168,SP,2024-01-20,delivered,运动休闲,229.9,36.45,266.35
1021,169,PE,2024-11-23,delivered,图书,219.98,34.69,254.67
1021,169,PE,2024-11-23,delivered,电子产品,365.72,65.38,431.1
1022,170,DF,2024-08-17,delivered,家居家具,21.94,2.42,24.36
1022,170,DF,2024-08-17,delivered,图书,362.51,20.29,382.8
1022,170,DF,2024-08-17,delivered,运动休闲,136.8,18.75,155.55
1023,170,DF,2023-09-19,delivered,电脑配件,153.58,23.05,176.63000000000002
1023,170,DF,2023-09-19,delivered,图书,614.33,31.89,646.22
1024,170,DF,2023-12-28,delivered,宠物用品,304.28,37.59,341.87
1024,170,DF,2023-12-28,delivered,图书,98.89,13.46,112.35
1025,170,DF,2024-05-23,delivered,电脑配件,313.1,50.15,363.25
1026,170,DF,2023-04-18,delivered,电脑配件,657.05,75.65,732.6999999999999
1026,170,DF,2023-04-18,delivered,服饰,590.71,38.63,629.34
1027,170,DF,2024-10-10,delivered,服饰,345.4,61.62,407.02
1028,170,DF,2023-09-11,delivered,厨具,339.72,35.72,375.44000000000005
1028,170,DF,2023-09-11,delivered,运动休闲,741.23,114.08,855.3100000000001
1028,170,DF,2023-09-11,delivered,电脑配件,281.11,33.73,314.84000000000003
1029,170,DF,2023-11-26,delivered,图书,532.9,60.95,593.85
1029,170,DF,2023-11-26,delivered,宠物用品,230.36,43.09,273.45000000000005
1029,170,DF,2023-11-26,delivered,电子产品,416.94,31.17,448.11
1030,171,MG,2023-07-17,delivered,电脑配件,461.84,65.93,527.77
1031,172,RS,2024-10-12,delivered,电子产品,358.64,30.47,389.11
1032,173,RS,2023-11-28,delivered,服饰,562.98,60.63,623.61
1033,174,SP,2024-06-23,delivered,服饰,307.51,24.89,332.4
1033,174,SP,2024-06-23,delivered,图书,483.83,58.01,541.84
1034,174,SP,2024-09-23,canceled,服饰,357.37,50.96,408.33
1034,174,SP,2024-09-23,canceled,美妆健康,493.53,91.11,584.64
1035,174,SP,2023-12-21,delivered,玩具,385.38,44.79,430.17
1035,174,SP,2023-12-21,delivered,电子产品,743.66,117.12,860.78
1036,174,SP,2024-02-10,delivered,家居家具,389.12,52.92,442.04
1036,174,SP,2024-02-10,delivered,电脑配件,600.1,56.85,656.95
1037,174,SP,2023-08-20,delivered,电脑配件,359.65,30.54,390.19
1037,174,SP,2023-08-20,delivered,电子产品,546.7,50.36,597.0600000000001
1037,174,SP,2023-08-20,delivered,运动休闲,386.29,29.03,415.32000000000005
1038,174,SP,2024-08-22,delivered,图书,751.17,95.79,846.9599999999999
1038,174,SP,2024-08-22,delivered,电脑配件,661.64,86.04,747.68
1039,174,SP,2023-11-19,delivered,电子产品,725.75,45.38,771.13
1039,174,SP,2023-11-19,delivered,电脑配件,529.89,27.32,557.21
1039,174,SP,2023-11-19,delivered,玩具,341.58,40.78,382.36
1040,174,SP,2024-10-15,delivered,图书,136.25,24.17,160.42000000000002
1040,174,SP,2024-10-15,delivered,电子产品,149.76,21.0,170.76
1041,174,SP,2024-03-16,delivered,服饰,603.41,109.16,712.5699999999999
1041,174,SP,2024-03-16,delivered,电子产品,690.51,90.79,781.3
1041,174,SP,2024-03-16,delivered,运动休闲,566.13,87.6,653.73
1042,174,SP,2023-12-20,delivered,电脑配件,103.71,17.94,121.64999999999999
1043,174,SP,2024-08-05,delivered,服饰,226.89,37.94,264.83
1044,174,SP,2024-01-08,delivered,家居家具,584.91,93.94,678.8499999999999
1045,174,SP,2024-07-04,delivered,玩具,512.3,36.37,548.67
1046,174,SP,2023-09-15,delivered,运动休闲,752.25,142.16,894.41
1046,174,SP,2023-09-15,delivered,运动休闲,246.81,14.61,261.42
1047,174,SP,2024-07-16,delivered,图书,105.5,10.73,116.23
1047,174,SP,2024-07-16,delivered,图书,55.04,9.23,64.27
1047,174,SP,2024-07-16,delivered,服饰,580.04,55.25,635.29
1048,174,SP,2024-04-01,delivered,图书,402.3,43.49,445.79
1048,174,SP,2024-04-01,delivered,电子产品,215.02,42.05,257.07
1049,174,SP,2023-07-27,delivered,厨具,585.44,53.32,638.7600000000001
1050,174,SP,2023-12-20,delivered,玩具,753.85,142.27,896.12
1050,174,SP,2023-12-20,delivered,玩具,362.5,54.43,416.93
1051,174,SP,2024-03-15,delivered,图书,723.01,94.64,817.65
1052,174,SP,2023-08-21,delivered,电子产品,741.64,147.64,889.28
1052,174,SP,2023-08-21,delivered,电脑配件,718.9,105.57,824.47
1053,174,SP,2023-04-28,delivered,家居家具,346.28,40.35,386.63
1054,174,SP,2024-11-08,delivered,厨具,427.18,23.57,450.75
1055,174,SP,2024-08-17,delivered,图书,668.25,89.22,757.47
1055,174,SP,2024-08-17,delivered,美妆健康,597.03,81.5,678.53
1056,174,SP,2024-11-03,delivered,宠物用品,273.87,14.28,288.15
1056,174,SP,2024-11-03,delivered,厨具,381.62,73.93,455.55
1057,174,SP,2023-07-15,canceled,运动休闲,462.16,60.18,522.34
1057,174,SP,2023-07-15,canceled,美妆健康,697.79,88.07,785.8599999999999
1057,174,SP,2023-07-15,canceled,电子产品,690.1,76.75,766.85
1058,174,SP,2023-11-14,delivered,图书,581.66,115.56,697.22
1058,174,SP,2023-11-14,delivered,运动休闲,303.14,31.4,334.53999999999996
1059,174,SP,2024-03-26,delivered,运动休闲,749.59,148.48,898.07
1059,174,SP,2024-03-26,delivered,运动休闲,532.0,68.32,600.3199999999999
1060,174,SP,2024-08-01,delivered,服饰,532.06,96.32,628.3799999999999
1061,174,SP,2023-09-27,delivered,运动休闲,428.39,37.11,465.5
1062,174,SP,2023-10-21,delivered,家居家具,74.74,6.33,81.07
1063,174,SP,2024-05-29,delivered,家居家具,306.88,42.48,349.36
1063,174,SP,2024-05-29,delivered,服饰,352.94,29.84,382.78
1063,174,SP,2024-05-29,delivered,电子产品,204.44,30.66,235.1
1064,174,SP,2023-05-21,delivered,家居家具,541.56,44.51,586.0699999999999
1065,174,SP,2024-08-06,delivered,玩具,698.92,93.17,792.0899999999999
1066,174,SP,2024-06-16,delivered,电脑配件,742.87,147.85,890.72
1066,174,SP,2024-06-16,delivered,图书,403.57,52.34,455.90999999999997
1067,174,SP,2023-06-28,delivered,电子产品,591.1,31.21,622.3100000000001
1068,174,SP,2024-05-16,delivered,厨具,332.25,40.67,372.92
1068,174,SP,2024-05-16,delivered,服饰,32.3,5.8,38.099999999999994
1069,174,SP,2023-11-27,delivered,玩具,442.04,31.42,473.46000000000004
1069,174,SP,2023-11-27,delivered,家居家具,646.38,99.44,745.8199999999999
1070,174,SP,2023-09-22,delivered,玩具,196.16,21.58,217.74
1071,174,SP,2024-08-14,delivered,电子产品,191.55,27.05,218.60000000000002
1071,174,SP,2024-08-14,delivered,运动休闲,62.57,9.12,71.69
1071,174,SP,2024-08-14,delivered,运动休闲,163.78,27.85,191.63
1072,174,SP,2024-08-26,delivered,服饰,485.11,47.55,532.66
1073,174,SP,2024-01-23,canceled,玩具,684.3,76.5,760.8
1074,174,SP,2023-05-07,delivered,电子产品,701.13,51.26,752.39
1075,174,SP,2023-08-12,delivered,服饰,118.07,9.2,127.27
1075,174,SP,2023-08-12,delivered,玩具,567.9,99.19,667.0899999999999
1076,174,SP,2023-12-27,delivered,厨具,517.97,42.69,560.6600000000001
1077,174,SP,2023-09-25,canceled,电脑配件,129.65,14.71,144.36
1077,174,SP,2023-09-25,canceled,服饰,262.84,22.79,285.63
1077,174,SP,2023-09-25,canceled,运动休闲,421.7,67.15,488.85
1078,174,SP,2023-04-22,delivered,图书,63.43,7.64,71.07
1078,174,SP,2023-04-22,delivered,图书,347.71,24.18,371.89
1079,174,SP,2024-04-20,delivered,家居家具,540.09,59.09,599.1800000000001
1080,174,SP,2024-01-26,delivered,宠物用品,495.68,73.51,569.19
1081,174,SP,2024-12-13,delivered,图书,491.85,64.58,556.4300000000001
1081,174,SP,2024-12-13,delivered,服饰,788.97,84.39,873.36
1082,174,SP,2024-10-24,delivered,图书,247.35,24.34,271.69
1082,174,SP,2024-10-24,delivered,厨具,339.67,22.96,362.63
1082,174,SP,2024-10-24,delivered,玩具,745.16,103.35,848.51
1083,174,SP,2024-10-10,delivered,美妆健康,394.84,61.99,456.83
1084,174,SP,2024-09-17,delivered,玩具,559.03,75.39,634.42
1084,174,SP,2024-09-17,delivered,美妆健康,441.87,73.32,515.19
1085,174,SP,2023-08-16,canceled,服饰,169.15,30.07,199.22
1085,174,SP,2023-08-16,canceled,运动休闲,275.23,26.86,302.09000000000003
1085,174,SP,2023-08-16,canceled,服饰,622.38,52.01,674.39
1086,174,SP,2024-12-12,canceled,运动休闲,483.71,73.27,556.98
1087,174,SP,2024-05-10,delivered,服饰,288.89,48.54,337.43
1087,174,SP,2024-05-10,delivered,厨具,329.04,35.98,365.02000000000004
1087,174,SP,2024-05-10,delivered,宠物用品,242.51,37.3,279.81
1088,174,SP,2024-04-18,delivered,玩具,254.46,20.07,274.53000000000003
1088,174,SP,2024-04-18,delivered,家居家具,730.15,38.19,768.3399999999999
1089,174,SP,2024-05-31,delivered,美妆健康,449.44,66.67,516.11
1089,174,SP,2024-05-31,delivered,宠物用品,108.13,10.86,118.99
1090,175,MG,2024-03-01,delivered,玩具,669.61,64.51,734.12
1090,175,MG,2024-03-01,delivered,电脑配件,90.87,16.88,107.75
1091,176,SC,2024-05-10,delivered,图书,214.89,29.88,244.76999999999998
1091,176,SC,2024-05-10,delivered,图书,234.01,38.78,272.78999999999996
1092,177,CE,2024-12-26,delivered,玩具,285.75,25.87,311.62
1092,177,CE,2024-12-26,delivered,玩具,234.04,42.41,276.45
1093,177,CE,2023-09-10,delivered,玩具,255.42,12.83,268.25
1093,177,CE,2023-09-10,delivered,运动休闲,487.06,57.22,544.28
1093,177,CE,2023-09-10,delivered,电子产品,770.7,70.93,841.6300000000001
1094,177,CE,2024-12-04,delivered,美妆健康,659.27,100.07,759.3399999999999
1094,177,CE,2024-12-04,delivered,电子产品,572.11,57.67,629.78
1094,177,CE,2024-12-04,delivered,电脑配件,225.37,17.76,243.13
1095,177,CE,2024-04-20,delivered,服饰,22.44,1.15,23.59
1095,177,CE,2024-04-20,delivered,厨具,712.03,55.13,767.16
1096,177,CE,2023-12-26,delivered,电子产品,441.15,36.36,477.51
1096,177,CE,2023-12-26,delivered,运动休闲,778.53,133.96,912.49
1096,177,CE,2023-12-26,delivered,玩具,306.87,40.36,347.23
1097,177,CE,2023-12-23,delivered,电脑配件,268.28,50.61,318.89
1097,177,CE,2023-12-23,delivered,玩具,792.87,79.59,872.46
1097,177,CE,2023-12-23,delivered,宠物用品,776.8,131.29,908.0899999999999
1098,177,CE,2024-07-14,delivered,美妆健康,275.23,38.83,314.06
1098,177,CE,2024-07-14,delivered,服饰,778.44,104.89,883.33
1098,177,CE,2024-07-14,delivered,家居家具,645.52,63.12,708.64
1099,177,CE,2023-11-23,delivered,厨具,578.57,59.45,638.0200000000001
1099,177,CE,2023-11-23,delivered,服饰,422.97,25.7,448.67
1100,177,CE,2023-02-14,delivered,服饰,310.08,34.88,344.96
1100,177,CE,2023-02-14,delivered,电子产品,430.56,56.99,487.55
1101,177,CE,2023-12-16,delivered,运动休闲,419.64,43.08,462.71999999999997
1101,177,CE,2023-12-16,delivered,电子产品,562.62,39.33,601.95
1101,177,CE,2023-12-16,delivered,服饰,241.9,13.57,255.47
1102,177,CE,2023-12-24,delivered,家居家具,412.03,38.55,450.58
1103,177,CE,2023-01-26,delivered,美妆健康,114.27,15.12,129.39
1103,177,CE,2023-01-26,delivered,厨具,128.33,13.88,142.21
1103,177,CE,2023-01-26,delivered,电脑配件,304.34,45.55,349.89
1104,177,CE,2024-01-15,delivered,玩具,683.15,65.38,748.53
1104,177,CE,2024-01-15,delivered,电子产品,550.61,92.15,642.76
1105,177,CE,2024-12-20,delivered,宠物用品,275.4,35.59,310.99
1106,177,CE,2024-05-22,delivered,运动休闲,229.09,42.02,271.11
1107,177,CE,2024-05-02,delivered,家居家具,584.16,100.42,684.5799999999999
1108,177,CE,2024-05-03,delivered,宠物用品,242.51,13.02,255.53
1108,177,CE,2024-05-03,delivered,玩具,495.68,79.49,575.17
1108,177,CE,2024-05-03,delivered,电脑配件,399.04,33.01,432.05
1109,177,CE,2023-04-09,delivered,厨具,74.89,9.13,84.02
1109,177,CE,2023-04-09,delivered,电子产品,396.26,49.07,445.33
1109,177,CE,2023-04-09,delivered,美妆健康,640.48,54.56,695.04
1110,177,CE,2024-11-10,delivered,厨具,755.65,71.39,827.04
1111,177,CE,2024-06-05,delivered,运动休闲,219.7,26.82,246.51999999999998
1111,177,CE,2024-06-05,delivered,电脑配件,88.59,17.65,106.24000000000001
1112,177,CE,2024-09-13,delivered,服饰,152.91,8.51,161.42
1113,177,CE,2024-02-28,canceled,美妆健康,756.54,53.45,809.99
1114,177,CE,2024-09-25,delivered,电脑配件,367.65,32.7,400.34999999999997
1114,177,CE,2024-09-25,delivered,运动休闲,430.32,66.12,496.44
1114,177,CE,2024-09-25,delivered,美妆健康,326.39,20.5,346.89
1115,177,CE,2023-09-24,delivered,运动休闲,712.04,77.22,789.26
1115,177,CE,2023-09-24,delivered,电子产品,81.5,8.83,90.33
1116,177,CE,2024-03-21,delivered,服饰,714.98,72.57,787.55
1116,177,CE,2024-03-21,delivered,服饰,739.03,95.83,834.86
1117,177,CE,2023-09-13,canceled,运动休闲,747.61,117.97,865.58
1117,177,CE,2023-09-13,canceled,图书,701.39,105.05,806.4399999999999
1117,177,CE,2023-09-13,canceled,家居家具,159.85,13.62,173.47
1118,177,CE,2024-07-16,delivered,玩具,695.12,104.31,799.4300000000001
1119,177,CE,2023-10-13,delivered,图书,115.06,18.19,133.25
1120,177,CE,2024-09-03,delivered,家居家具,175.47,18.99,194.46
1120,177,CE,2024-09-03,delivered,玩具,776.35,154.59,930.94
1121,177,CE,2024-11-21,delivered,玩具,116.71,10.69,127.39999999999999
1121,177,CE,2024-11-21,delivered,电子产品,418.27,79.34,497.61
1121,177,CE,2024-11-21,delivered,运动休闲,188.76,31.42,220.18
1122,177,CE,2023-03-17,delivered,电子产品,413.06,66.88,479.94
1122,177,CE,2023-03-17,delivered,图书,678.04,84.21,762.25
1122,177,CE,2023-03-17,delivered,图书,119.6,10.32,129.92
1123,177,CE,2023-11-14,delivered,运动休闲,147.62,16.84,164.46
1123,177,CE,2023-11-14,delivered,玩具,629.95,119.58,749.5300000000001
1124,178,PR,2023-07-11,delivered,服饰,778.38,124.24,902.62
1125,179,DF,2024-03-04,delivered,服饰,368.76,50.02,418.78
1125,179,DF,2024-03-04,delivered,厨具,728.87,60.63,789.5
1125,179,DF,2024-03-04,delivered,服饰,598.76,99.32,698.0799999999999
1126,180,DF,2024-08-31,delivered,服饰,773.79,43.32,817.11
1126,180,DF,2024-08-31,delivered,宠物用品,749.49,101.77,851.26
1127,181,PR,2024-10-30,delivered,运动休闲,313.66,28.52,342.18
1127,181,PR,2024-10-30,delivered,图书,519.79,49.27,569.06
1128,182,MG,2023-07-02,delivered,厨具,253.47,23.39,276.86
1129,183,PA,2024-03-13,delivered,电子产品,258.85,43.96,302.81
1129,183,PA,2024-03-13,delivered,厨具,772.86,118.2,891.0600000000001
1130,184,CE,2023-12-13,delivered,宠物用品,603.14,64.88,668.02
1131,185,DF,2023-02-19,delivered,服饰,140.2,18.14,158.33999999999997
1132,186,AM,2023-09-24,delivered,美妆健康,145.99,10.18,156.17000000000002
1132,186,AM,2023-09-24,delivered,玩具,444.61,74.22,518.83
1133,186,AM,2024-02-01,delivered,厨具,286.27,42.22,328.49
1133,186,AM,2024-02-01,delivered,运动休闲,99.58,17.48,117.06
1133,186,AM,2024-02-01,delivered,电脑配件,529.4,105.79,635.1899999999999
1134,186,AM,2024-05-28,delivered,服饰,528.77,72.69,601.46
1134,186,AM,2024-05-28,delivered,电脑配件,184.18,28.28,212.46
1134,186,AM,2024-05-28,delivered,厨具,200.52,28.26,228.78
1135,186,AM,2024-07-03,delivered,美妆健康,334.55,65.5,400.05
1135,186,AM,2024-07-03,delivered,电脑配件,284.66,51.75,336.41
1136,186,AM,2023-08-06,delivered,电脑配件,519.52,34.23,553.75
1136,186,AM,2023-08-06,delivered,玩具,106.15,14.08,120.23
1137,186,AM,2024-02-28,delivered,玩具,276.02,39.2,315.21999999999997
1137,186,AM,2024-02-28,delivered,宠物用品,185.19,26.53,211.72
1137,186,AM,2024-02-28,delivered,图书,128.13,25.17,153.3
1138,186,AM,2024-11-24,delivered,电脑配件,443.89,66.75,510.64
1138,186,AM,2024-11-24,delivered,电脑配件,380.01,53.83,433.84
1138,186,AM,2024-11-24,delivered,玩具,458.97,30.95,489.92
1139,187,AM,2023-10-10,delivered,家居家具,421.02,83.69,504.71
1139,187,AM,2023-10-10,delivered,玩具,542.43,61.43,603.8599999999999
1139,187,AM,2023-10-10,delivered,宠物用品,196.49,31.04,227.53
1140,188,PA,2023-12-06,delivered,运动休闲,71.08,7.19,78.27
1141,188,PA,2023-02-14,delivered,电子产品,122.6,19.62,142.22
1141,188,PA,2023-02-14,delivered,图书,240.05,23.54,263.59000000000003
1142,188,PA,2023-12-03,delivered,美妆健康,651.86,43.18,695.04
1143,188,PA,2024-07-05,delivered,玩具,415.25,26.88,442.13
1143,188,PA,2024-07-05,delivered,电子产品,422.06,49.62,471.68
1144,188,PA,2024-12-19,delivered,家居家具,114.38,7.26,121.64
1145,188,PA,2024-03-13,delivered,图书,232.75,18.23,250.98
1145,188,PA,2024-03-13,delivered,美妆健康,315.6,42.32,357.92
1146,188,PA,2024-09-29,delivered,美妆健康,674.66,67.08,741.74
1146,188,PA,2024-09-29,delivered,运动休闲,520.61,28.47,549.08
1146,188,PA,2024-09-29,delivered,图书,518.3,37.13,555.43
1147,188,PA,2024-06-27,delivered,图书,287.56,53.54,341.1
1148,188,PA,2023-01-03,delivered,电子产品,792.07,118.42,910.49
1149,188,PA,2024-12-26,delivered,玩具,211.28,34.99,246.27
1150,188,PA,2024-03-19,canceled,服饰,756.11,69.11,825.22
1150,188,PA,2024-03-19,canceled,美妆健康,248.63,35.03,283.65999999999997
1151,188,PA,2024-06-16,delivered,图书,41.57,2.48,44.05
1151,188,PA,2024-06-16,delivered,玩具,588.12,66.07,654.19
1151,188,PA,2024-06-16,delivered,服饰,410.37,61.32,471.69
1152,188,PA,2023-10-01,delivered,电子产品,463.99,42.1,506.09000000000003
1153,188,PA,2023-10-06,delivered,服饰,472.27,31.34,503.60999999999996
1153,188,PA,2023-10-06,delivered,美妆健康,748.69,127.6,876.2900000000001
1154,188,PA,2024-11-03,delivered,图书,366.7,32.88,399.58
1155,188,PA,2024-06-02,delivered,运动休闲,662.77,76.09,738.86
1156,188,PA,2024-03-07,delivered,图书,602.93,59.35,662.28
1157,188,PA,2024-05-08,delivered,厨具,208.12,30.78,238.9
1157,188,PA,2024-05-08,delivered,宠物用品,87.19,7.45,94.64
1158,188,PA,2024-11-08,delivered,美妆健康,746.26,60.45,806.71
1159,188,PA,2024-12-14,delivered,美妆健康,153.7,28.47,182.17
1159,188,PA,2024-12-14,delivered,运动休闲,267.64,41.69,309.33
1160,188,PA,2024-05-02,delivered,服饰,417.17,23.4,440.57
1160,188,PA,2024-05-02,delivered,厨具,87.1,16.27,103.36999999999999
1161,188,PA,2023-04-16,delivered,美妆健康,718.81,111.21,830.02
1162,188,PA,2024-07-25,delivered,图书,101.45,11.23,112.68
1163,188,PA,2024-04-08,delivered,美妆健康,229.94,43.14,273.08
1164,188,PA,2024-07-29,delivered,美妆健康,581.48,69.94,651.4200000000001
1165,188,PA,2023-08-09,delivered,厨具,733.07,131.42,864.49
1166,188,PA,2023-01-28,delivered,美妆健康,120.75,13.89,134.64
1166,188,PA,2023-01-28,delivered,运动休闲,212.65,32.57,245.22
1167,188,PA,2023-12-24,delivered,美妆健康,210.12,23.97,234.09
1167,188,PA,2023-12-24,delivered,图书,312.42,25.67,338.09000000000003
1167,188,PA,2023-12-24,delivered,厨具,430.63,82.93,513.56
1168,188,PA,2023-04-13,delivered,电脑配件,794.24,40.71,834.95
1169,188,PA,2024-06-02,delivered,电子产品,469.57,64.01,533.58
1169,188,PA,2024-06-02,delivered,电子产品,773.3,81.26,854.56
1169,188,PA,2024-06-02,delivered,玩具,521.04,100.81,621.8499999999999
1170,188,PA,2023-03-29,delivered,玩具,421.91,32.67,454.58000000000004
1170,188,PA,2023-03-29,delivered,电子产品,441.31,86.23,527.54
1170,188,PA,2023-03-29,delivered,电子产品,436.87,81.1,517.97
1171,188,PA,2023-05-17,delivered,家居家具,599.41,71.24,670.65
1172,188,PA,2024-05-26,delivered,运动休闲,401.81,21.03,422.84000000000003
1172,188,PA,2024-05-26,delivered,服饰,632.26,78.08,710.34
1172,188,PA,2024-05-26,delivered,服饰,321.07,22.67,343.74
1173,188,PA,2024-10-18,delivered,家居家具,349.67,69.7,419.37
1174,188,PA,2023-01-02,delivered,运动休闲,361.49,55.8,417.29
1174,188,PA,2023-01-02,delivered,玩具,72.52,13.06,85.58
1175,188,PA,2024-01-01,delivered,厨具,150.68,18.05,168.73000000000002
1175,188,PA,2024-01-01,delivered,厨具,104.2,10.76,114.96000000000001
1175,188,PA,2024-01-01,delivered,家居家具,190.19,9.62,199.81
1176,188,PA,2023-12-02,delivered,美妆健康,512.44,31.99,544.4300000000001
1177,188,PA,2023-05-24,canceled,家居家具,158.52,14.55,173.07000000000002
1177,188,PA,2023-05-24,canceled,运动休闲,759.77,59.9,819.67
1177,188,PA,2023-05-24,canceled,宠物用品,546.03,93.34,639.37
1178,188,PA,2024-01-17,delivered,图书,554.8,34.22,589.02
1179,188,PA,2024-07-17,delivered,电子产品,603.62,77.44,681.06
1179,188,PA,2024-07-17,delivered,厨具,592.01,58.5,650.51
1180,188,PA,2023-03-02,delivered,美妆健康,325.54,23.77,349.31
1180,188,PA,2023-03-02,delivered,玩具,764.62,122.94,887.56
1180,188,PA,2023-03-02,delivered,美妆健康,130.6,11.71,142.31
1181,188,PA,2024-07-22,delivered,运动休闲,20.43,2.64,23.07
1181,188,PA,2024-07-22,delivered,服饰,406.05,37.09,443.14
1182,188,PA,2023-12-16,delivered,美妆健康,147.98,21.14,169.12
1183,188,PA,2023-02-04,canceled,服饰,758.11,145.6,903.71
1183,188,PA,2023-02-04,canceled,服饰,601.97,87.4,689.37
1184,188,PA,2023-02-14,canceled,厨具,680.66,73.49,754.15
1184,188,PA,2023-02-14,canceled,服饰,770.56,65.31,835.8699999999999
1184,188,PA,2023-02-14,canceled,玩具,609.28,42.39,651.67
1185,188,PA,2023-07-18,delivered,运动休闲,341.06,26.93,367.99
1185,188,PA,2023-07-18,delivered,运动休闲,356.25,39.9,396.15
1186,188,PA,2024-05-05,delivered,宠物用品,49.96,4.16,54.120000000000005
1186,188,PA,2024-05-05,delivered,美妆健康,690.01,78.05,768.06
1187,188,PA,2024-11-06,delivered,运动休闲,462.32,58.59,520.91
1187,188,PA,2024-11-06,delivered,玩具,30.49,5.56,36.05
1187,188,PA,2024-11-06,delivered,美妆健康,160.54,29.66,190.2
1188,188,PA,2024-08-21,delivered,服饰,412.03,41.75,453.78
1188,188,PA,2024-08-21,delivered,运动休闲,145.71,15.68,161.39000000000001
1189,188,PA,2024-03-31,delivered,电脑配件,713.03,130.2,843.23
1189,188,PA,2024-03-31,delivered,家居家具,66.44,12.48,78.92
1189,188,PA,2024-03-31,delivered,厨具,635.93,104.45,740.38
1190,188,PA,2023-11-06,delivered,电子产品,256.82,22.07,278.89
1191,188,PA,2024-10-19,delivered,家居家具,285.13,55.85,340.98
1192,188,PA,2023-05-11,delivered,家居家具,355.3,30.12,385.42
1193,188,PA,2024-11-21,delivered,家居家具,623.22,53.09,676.3100000000001
1193,188,PA,2024-11-21,delivered,运动休闲,514.21,96.23,610.44
1193,188,PA,2024-11-21,delivered,运动休闲,534.07,67.97,602.0400000000001
1194,188,PA,2024-01-12,delivered,宠物用品,292.34,17.77,310.10999999999996
1194,188,PA,2024-01-12,delivered,运动休闲,344.36,61.83,406.19
1194,188,PA,2024-01-12,delivered,电子产品,57.73,4.38,62.11
1195,188,PA,2024-08-16,delivered,宠物用品,643.41,103.2,746.61
1195,188,PA,2024-08-16,delivered,厨具,406.13,42.45,448.58
1196,188,PA,2024-10-28,delivered,美妆健康,166.03,10.44,176.47
1196,188,PA,2024-10-28,delivered,服饰,597.53,33.41,630.9399999999999
1196,188,PA,2024-10-28,delivered,家居家具,238.74,30.75,269.49
1197,188,PA,2023-02-08,delivered,电脑配件,43.25,8.0,51.25
1197,188,PA,2023-02-08,delivered,玩具,615.85,50.25,666.1
1198,188,PA,2024-12-11,delivered,家居家具,448.47,44.78,493.25
1199,188,PA,2024-12-23,delivered,玩具,186.51,31.49,218.0
1200,188,PA,2023-01-16,delivered,玩具,684.59,90.0,774.59
1201,188,PA,2024-09-15,canceled,玩具,169.54,17.74,187.28
1201,188,PA,2024-09-15,canceled,运动休闲,279.32,53.27,332.59
1201,188,PA,2024-09-15,canceled,家居家具,604.75,46.4,651.15
1202,188,PA,2023-01-24,delivered,电脑配件,101.8,18.31,120.11
1202,188,PA,2023-01-24,delivered,家居家具,155.02,12.68,167.70000000000002
1202,188,PA,2023-01-24,delivered,厨具,484.05,66.58,550.63
1203,188,PA,2024-10-30,delivered,宠物用品,587.88,79.33,667.21
1203,188,PA,2024-10-30,delivered,厨具,545.95,54.57,600.5200000000001
1203,188,PA,2024-10-30,delivered,电脑配件,364.79,55.67,420.46000000000004
1204,188,PA,2023-08-05,delivered,电脑配件,129.72,8.77,138.49
1205,188,PA,2023-05-06,delivered,服饰,239.71,33.3,273.01
1205,188,PA,2023-05-06,delivered,图书,754.18,74.41,828.5899999999999
1205,188,PA,2023-05-06,delivered,美妆健康,86.96,5.8,92.75999999999999
1206,188,PA,2023-12-11,delivered,厨具,229.73,42.31,272.03999999999996
1206,188,PA,2023-12-11,delivered,电脑配件,169.83,23.52,193.35000000000002
1207,188,PA,2023-07-14,canceled,服饰,528.18,65.78,593.9599999999999
1208,188,PA,2024-04-28,delivered,家居家具,38.35,6.85,45.2
1209,188,PA,2023-12-01,delivered,厨具,90.49,5.05,95.53999999999999
1210,188,PA,2023-10-23,delivered,图书,194.17,24.99,219.16
1211,188,PA,2023-09-15,delivered,厨具,533.2,82.23,615.4300000000001
1211,188,PA,2023-09-15,delivered,电子产品,652.63,46.17,698.8
1212,188,PA,2024-03-26,delivered,图书,54.88,5.08,59.96
1212,188,PA,2024-03-26,delivered,家居家具,797.6,75.75,873.35
1212,188,PA,2024-03-26,delivered,玩具,421.96,54.62,476.58
1213,189,SP,2024-05-09,delivered,宠物用品,377.07,43.8,420.87
1213,189,SP,2024-05-09,delivered,运动休闲,579.96,89.84,669.8000000000001
1213,189,SP,2024-05-09,delivered,服饰,453.05,76.87,529.9200000000001
1214,190,PE,2024-03-13,delivered,图书,336.55,54.3,390.85
1214,190,PE,2024-03-13,delivered,服饰,798.05,97.51,895.56
1215,191,AM,2024-10-09,delivered,玩具,67.31,12.83,80.14
1215,191,AM,2024-10-09,delivered,玩具,622.63,63.74,686.37
1216,192,CE,2023-10-17,delivered,家居家具,20.32,3.54,23.86
1217,193,SC,2023-01-17,delivered,图书,786.5,92.43,878.9300000000001
1217,193,SC,2023-01-17,delivered,运动休闲,679.92,35.86,715.78
1217,193,SC,2023-01-17,delivered,服饰,147.15,26.04,173.19
1218,194,SC,2023-09-02,delivered,美妆健康,214.15,14.63,228.78
1218,194,SC,2023-09-02,delivered,图书,94.25,4.91,99.16
1219,195,SC,2023-05-19,delivered,运动休闲,181.5,34.47,215.97
1219,195,SC,2023-05-19,delivered,玩具,231.07,16.31,247.38
1220,196,SC,2023-10-01,delivered,电脑配件,122.67,15.62,138.29
1221,197,RJ,2024-01-15,delivered,运动休闲,758.42,41.32,799.74
1221,197,RJ,2024-01-15,delivered,玩具,531.7,71.42,603.12
1221,197,RJ,2024-01-15,delivered,电脑配件,173.3,32.43,205.73000000000002
1222,198,PE,2024-01-24,delivered,玩具,365.53,18.41,383.94
1222,198,PE,2024-01-24,delivered,玩具,487.34,44.24,531.5799999999999
1222,198,PE,2024-01-24,delivered,服饰,382.89,20.93,403.82
1223,199,AM,2023-12-10,delivered,图书,360.54,60.89,421.43
1224,200,SC,2023-09-07,delivered,电脑配件,750.75,47.46,798.21
1224,200,SC,2023-09-07,delivered,玩具,766.11,123.42,889.53
1224,200,SC,2023-09-07,delivered,服饰,292.56,27.7,320.26
1225,201,SP,2024-10-14,delivered,家居家具,613.32,107.86,721.1800000000001
1226,202,BA,2023-08-31,delivered,厨具,318.77,37.94,356.71
1226,202,BA,2023-08-31,delivered,服饰,661.37,64.65,726.02
1227,203,RJ,2024-01-10,delivered,玩具,405.25,21.55,426.8
1227,203,RJ,2024-01-10,delivered,家居家具,551.56,57.7,609.26
1227,203,RJ,2024-01-10,delivered,图书,240.03,28.29,268.32
1228,204,BA,2023-09-02,delivered,玩具,467.49,73.2,540.69
1228,204,BA,2023-09-02,delivered,图书,79.14,13.82,92.96000000000001
1228,204,BA,2023-09-02,delivered,美妆健康,680.91,115.09,796.0
1229,205,PE,2023-09-20,delivered,服饰,129.96,16.81,146.77
1230,206,MG,2023-04-14,delivered,美妆健康,784.49,103.05,887.54
1230,206,MG,2023-04-14,delivered,家居家具,559.27,60.45,619.72
1230,206,MG,2023-04-14,delivered,玩具,111.02,20.42,131.44
1231,207,RJ,2024-09-17,delivered,电子产品,745.26,65.03,810.29
1231,207,RJ,2024-09-17,delivered,图书,185.24,36.05,221.29000000000002
1231,207,RJ,2024-09-17,delivered,玩具,575.05,108.8,683.8499999999999
1232,208,PR,2023-08-20,delivered,电脑配件,724.03,40.08,764.11
1233,209,DF,2023-06-03,delivered,宠物用品,152.04,8.77,160.81
1233,209,DF,2023-06-03,delivered,厨具,390.39,31.96,422.34999999999997
1234,210,SP,2023-10-22,delivered,厨具,641.89,84.39,726.28
1234,210,SP,2023-10-22,delivered,玩具,270.35,15.7,286.05
1234,210,SP,2023-10-22,delivered,玩具,161.62,20.74,182.36
1235,211,RJ,2023-12-10,delivered,厨具,418.13,64.39,482.52
1236,212,SP,2024-08-12,delivered,宠物用品,230.73,17.08,247.81
1236,212,SP,2024-08-12,delivered,电子产品,306.76,28.72,335.48
1237,213,DF,2023-06-27,delivered,服饰,678.6,59.19,737.79
1238,214,MG,2024-11-12,delivered,美妆健康,351.29,68.02,419.31
1238,214,MG,2024-11-12,delivered,运动休闲,571.47,47.78,619.25
1239,215,CE,2023-01-25,delivered,电子产品,766.95,65.65,832.6
1239,215,CE,2023-01-25,delivered,玩具,233.58,17.96,251.54000000000002
1239,215,CE,2023-01-25,delivered,美妆健康,211.26,34.07,245.32999999999998
1240,216,RJ,2024-01-09,delivered,电子产品,609.14,98.4,707.54
1240,216,RJ,2024-01-09,delivered,服饰,748.54,106.27,854.81
1240,216,RJ,2024-01-09,delivered,美妆健康,173.04,21.82,194.85999999999999
1241,216,RJ,2024-11-25,delivered,电脑配件,580.52,62.28,642.8
1241,216,RJ,2024-11-25,delivered,电子产品,362.82,46.45,409.27
1242,216,RJ,2024-09-28,delivered,家居家具,547.39,72.59,619.98
1242,216,RJ,2024-09-28,delivered,玩具,207.52,24.91,232.43
1243,216,RJ,2023-09-06,delivered,宠物用品,223.16,36.89,260.05
1243,216,RJ,2023-09-06,delivered,玩具,222.54,41.57,264.11
1243,216,RJ,2023-09-06,delivered,电脑配件,81.95,11.29,93.24000000000001
1244,216,RJ,2024-05-17,delivered,电子产品,201.26,34.6,235.85999999999999
1244,216,RJ,2024-05-17,delivered,图书,331.95,44.46,376.40999999999997
1245,216,RJ,2024-12-04,delivered,宠物用品,735.64,53.77,789.41
1246,216,RJ,2023-09-08,delivered,家居家具,760.53,144.12,904.65
1247,216,RJ,2024-02-17,delivered,电脑配件,48.38,8.13,56.510000000000005
1248,216,RJ,2024-12-26,delivered,美妆健康,315.2,60.42,375.62
1248,216,RJ,2024-12-26,delivered,电脑配件,613.97,32.08,646.0500000000001
1248,216,RJ,2024-12-26,delivered,运动休闲,249.32,45.25,294.57
1249,216,RJ,2023-08-06,delivered,服饰,480.92,81.39,562.3100000000001
1250,216,RJ,2023-09-26,delivered,电脑配件,600.89,81.09,681.98
1250,216,RJ,2023-09-26,delivered,服饰,701.13,107.3,808.43
1250,216,RJ,2023-09-26,delivered,图书,629.62,121.83,751.45
1251,216,RJ,2023-08-31,delivered,服饰,286.38,54.95,341.33
1252,216,RJ,2023-10-10,delivered,家居家具,494.15,39.4,533.55
1253,216,RJ,2024-11-27,delivered,服饰,281.1,24.23,305.33000000000004
1254,216,RJ,2024-10-30,delivered,美妆健康,310.34,31.32,341.65999999999997
1254,216,RJ,2024-10-30,delivered,玩具,90.34,4.93,95.27000000000001
1255,216,RJ,2024-11-05,delivered,电脑配件,171.85,33.09,204.94
1256,216,RJ,2023-06-22,delivered,厨具,213.79,28.27,242.06
1256,216,RJ,2023-06-22,delivered,玩具,254.88,50.11,304.99
1256,216,RJ,2023-06-22,delivered,玩具,159.27,9.85,169.12
1257,216,RJ,2024-12-22,delivered,电子产品,491.17,59.65,550.82
1257,216,RJ,2024-12-22,delivered,家居家具,360.12,26.11,386.23
1257,216,RJ,2024-12-22,delivered,厨具,150.0,16.08,166.07999999999998
1258,216,RJ,2023-10-10,delivered,厨具,378.27,26.43,404.7
1258,216,RJ,2023-10-10,delivered,图书,278.27,54.37,332.64
1259,216,RJ,2024-06-08,delivered,玩具,614.08,61.2,675.2800000000001
1259,216,RJ,2024-06-08,delivered,厨具,595.15,38.45,633.6
1259,216,RJ,2024-06-08,delivered,家居家具,176.96,26.24,203.20000000000002
1260,216,RJ,2024-10-25,delivered,家居家具,677.32,66.27,743.59
1261,216,RJ,2023-01-17,delivered,玩具,177.62,13.32,190.94
1261,216,RJ,2023-01-17,delivered,玩具,658.6,126.3,784.9
1262,216,RJ,2023-11-12,delivered,图书,410.78,73.38,484.15999999999997
1263,216,RJ,2024-08-04,delivered,运动休闲,650.19,43.38,693.57
1264,216,RJ,2023-08-23,delivered,玩具,751.43,85.99,837.42
1264,216,RJ,2023-08-23,delivered,玩具,216.79,38.74,255.53
1264,216,RJ,2023-08-23,delivered,厨具,213.0,23.01,236.01
1265,216,RJ,2024-08-10,delivered,服饰,363.97,40.64,404.61
1265,216,RJ,2024-08-10,delivered,玩具,572.36,76.31,648.6700000000001
1265,216,RJ,2024-08-10,delivered,玩具,547.79,58.75,606.54
1266,216,RJ,2023-07-03,delivered,玩具,470.24,93.47,563.71
1267,216,RJ,2023-12-18,delivered,美妆健康,763.15,53.74,816.89
1268,216,RJ,2024-02-11,canceled,电脑配件,378.76,19.75,398.51
1268,216,RJ,2024-02-11,canceled,运动休闲,145.44,23.79,169.23
1269,216,RJ,2024-06-12,canceled,厨具,291.22,19.09,310.31
1269,216,RJ,2024-06-12,canceled,美妆健康,119.12,9.43,128.55
1270,216,RJ,2023-09-20,canceled,玩具,516.94,95.18,612.1200000000001
1270,216,RJ,2023-09-20,canceled,玩具,659.66,56.59,716.25
1271,216,RJ,2024-12-11,delivered,电子产品,653.55,111.9,765.4499999999999
1271,216,RJ,2024-12-11,delivered,宠物用品,298.77,39.25,338.02
1272,216,RJ,2024-09-19,delivered,电子产品,514.37,32.8,547.17
1273,216,RJ,2024-05-01,delivered,家居家具,631.57,58.28,689.85
1274,216,RJ,2024-02-25,delivered,家居家具,323.51,57.4,380.90999999999997
1274,216,RJ,2024-02-25,delivered,电脑配件,261.88,50.51,312.39
1274,216,RJ,2024-02-25,delivered,运动休闲,498.6,41.28,539.88
1275,216,RJ,2024-01-28,canceled,美妆健康,755.81,89.56,845.3699999999999
1276,216,RJ,2024-04-20,delivered,电子产品,720.99,70.22,791.21
1276,216,RJ,2024-04-20,delivered,家居家具,266.33,40.63,306.96
1276,216,RJ,2024-04-20,delivered,玩具,634.25,93.33,727.58
1277,216,RJ,2024-12-06,delivered,美妆健康,110.11,17.84,127.95
1277,216,RJ,2024-12-06,delivered,运动休闲,586.77,61.35,648.12
1277,216,RJ,2024-12-06,delivered,宠物用品,110.81,22.16,132.97
1278,216,RJ,2023-04-18,delivered,厨具,748.8,101.91,850.7099999999999
1279,216,RJ,2024-05-19,delivered,美妆健康,269.7,17.1,286.8
1279,216,RJ,2024-05-19,delivered,电脑配件,406.88,44.18,451.06
1280,216,RJ,2024-08-25,delivered,电脑配件,555.97,54.02,609.99
1280,216,RJ,2024-08-25,delivered,服饰,277.77,27.84,305.60999999999996
1280,216,RJ,2024-08-25,delivered,图书,328.83,39.11,367.94
1281,216,RJ,2024-12-07,delivered,玩具,50.09,9.81,59.900000000000006
1282,216,RJ,2024-11-24,delivered,运动休闲,484.49,66.35,550.84
1283,216,RJ,2024-01-29,delivered,服饰,675.14,128.59,803.73
1283,216,RJ,2024-01-29,delivered,电子产品,488.1,84.76,572.86
1284,216,RJ,2023-11-06,delivered,家居家具,248.67,14.81,263.47999999999996
1284,216,RJ,2023-11-06,delivered,图书,712.31,36.1,748.41
1284,216,RJ,2023-11-06,delivered,运动休闲,470.14,42.26,512.4
1285,216,RJ,2023-07-27,delivered,家居家具,153.75,18.43,172.18
1285,216,RJ,2023-07-27,delivered,宠物用品,588.56,80.91,669.4699999999999
1286,216,RJ,2023-01-15,delivered,美妆健康,588.1,47.08,635.1800000000001
1287,216,RJ,2023-07-08,delivered,玩具,288.4,19.43,307.83
1287,216,RJ,2023-07-08,delivered,玩具,772.91,151.67,924.5799999999999
1287,216,RJ,2023-07-08,delivered,电脑配件,593.43,85.92,679.3499999999999
1288,216,RJ,2023-03-11,canceled,宠物用品,492.08,65.72,557.8
1288,216,RJ,2023-03-11,canceled,服饰,429.43,32.54,461.97
1288,216,RJ,2023-03-11,canceled,厨具,329.55,42.63,372.18
1289,216,RJ,2023-08-11,delivered,宠物用品,739.4,43.44,782.8399999999999
1289,216,RJ,2023-08-11,delivered,家居家具,789.82,151.13,940.95
1290,216,RJ,2024-07-16,delivered,家居家具,76.59,8.97,85.56
1291,216,RJ,2023-12-06,delivered,宠物用品,620.06,45.19,665.25
1291,216,RJ,2023-12-06,delivered,服饰,415.85,40.49,456.34000000000003
1291,216,RJ,2023-12-06,delivered,玩具,743.41,107.53,850.9399999999999
1292,216,RJ,2023-09-10,delivered,宠物用品,526.62,73.83,600.45
1292,216,RJ,2023-09-10,delivered,运动休闲,625.38,94.04,719.42
1293,216,RJ,2024-03-31,delivered,玩具,693.27,110.62,803.89
1293,216,RJ,2024-03-31,delivered,家居家具,351.84,46.07,397.90999999999997
1293,216,RJ,2024-03-31,delivered,电脑配件,361.49,69.93,431.42
1294,216,RJ,2023-10-14,delivered,美妆健康,795.09,113.41,908.5
1294,216,RJ,2023-10-14,delivered,宠物用品,64.49,4.25,68.74
1295,216,RJ,2024-03-16,delivered,运动休闲,544.78,63.59,608.37
1295,216,RJ,2024-03-16,delivered,电脑配件,594.01,52.9,646.91
1296,216,RJ,2024-12-04,delivered,玩具,762.18,99.33,861.51
1297,216,RJ,2024-10-19,delivered,玩具,36.15,5.61,41.76
1298,216,RJ,2024-09-16,delivered,美妆健康,239.13,17.67,256.8
1298,216,RJ,2024-09-16,delivered,厨具,341.4,67.16,408.55999999999995
1299,216,RJ,2023-08-31,delivered,厨具,255.52,38.42,293.94
1300,216,RJ,2023-05-31,delivered,服饰,184.88,35.07,219.95
1301,216,RJ,2024-11-26,delivered,宠物用品,74.55,14.6,89.14999999999999
1301,216,RJ,2024-11-26,delivered,玩具,39.84,2.07,41.910000000000004
1301,216,RJ,2024-11-26,delivered,玩具,102.33,10.45,112.78
1302,216,RJ,2024-12-04,delivered,玩具,28.24,3.72,31.959999999999997
1303,216,RJ,2023-12-09,canceled,厨具,519.21,74.32,593.53
1303,216,RJ,2023-12-09,canceled,运动休闲,234.98,37.99,272.96999999999997
1303,216,RJ,2023-12-09,canceled,服饰,455.78,66.42,522.1999999999999
1304,216,RJ,2024-01-25,delivered,宠物用品,228.24,29.46,257.7
1304,216,RJ,2024-01-25,delivered,玩具,62.24,10.17,72.41
1304,216,RJ,2024-01-25,delivered,厨具,564.21,98.51,662.72
1305,216,RJ,2023-07-25,delivered,图书,205.51,19.49,225.0
1305,216,RJ,2023-07-25,delivered,厨具,795.22,102.27,897.49
1305,216,RJ,2023-07-25,delivered,电子产品,586.82,98.82,685.6400000000001
1306,217,PR,2023-04-11,delivered,厨具,462.33,89.8,552.13
1306,217,PR,2023-04-11,delivered,玩具,711.47,119.11,830.58
1307,217,PR,2023-07-09,delivered,美妆健康,362.85,24.45,387.3
1308,217,PR,2023-09-16,delivered,电脑配件,478.51,58.84,537.35
1309,217,PR,2023-03-01,delivered,服饰,738.17,69.03,807.1999999999999
1310,217,PR,2024-10-15,delivered,运动休闲,652.44,74.14,726.58
1310,217,PR,2024-10-15,delivered,厨具,501.02,64.19,565.21
1311,217,PR,2024-08-18,delivered,玩具,159.35,25.94,185.29
1311,217,PR,2024-08-18,delivered,家居家具,476.44,66.91,543.35
1311,217,PR,2024-08-18,delivered,家居家具,703.15,48.89,752.04
1312,217,PR,2023-02-26,delivered,美妆健康,765.93,63.3,829.2299999999999
1312,217,PR,2023-02-26,delivered,玩具,115.36,12.14,127.5
1313,217,PR,2023-12-01,delivered,图书,28.17,2.94,31.110000000000003
1313,217,PR,2023-12-01,delivered,图书,107.47,8.59,116.06
1314,217,PR,2024-12-22,delivered,图书,121.06,22.13,143.19
1315,217,PR,2024-02-18,delivered,服饰,416.8,77.63,494.43
1315,217,PR,2024-02-18,delivered,家居家具,69.69,9.7,79.39
1316,217,PR,2023-08-09,delivered,运动休闲,248.55,26.02,274.57
1316,217,PR,2023-08-09,delivered,电脑配件,305.76,49.18,354.94
1316,217,PR,2023-08-09,delivered,玩具,781.61,125.24,906.85
1317,217,PR,2023-11-23,delivered,宠物用品,307.13,48.26,355.39
1317,217,PR,2023-11-23,delivered,电子产品,788.26,91.49,879.75
1318,217,PR,2024-01-05,canceled,美妆健康,206.19,37.56,243.75
1318,217,PR,2024-01-05,canceled,电脑配件,205.84,40.74,246.58
1318,217,PR,2024-01-05,canceled,电子产品,649.19,101.99,751.1800000000001
1319,217,PR,2024-12-02,delivered,厨具,541.31,82.53,623.8399999999999
1319,217,PR,2024-12-02,delivered,电子产品,253.28,24.71,277.99
1320,217,PR,2024-10-06,canceled,服饰,415.95,30.67,446.62
1320,217,PR,2024-10-06,canceled,玩具,538.96,65.61,604.57
1320,217,PR,2024-10-06,canceled,家居家具,152.18,27.66,179.84
1321,217,PR,2023-10-25,delivered,运动休闲,123.02,11.94,134.96
1322,217,PR,2024-12-18,delivered,家居家具,111.86,13.48,125.34
1322,217,PR,2024-12-18,delivered,图书,698.6,69.21,767.8100000000001
1322,217,PR,2024-12-18,delivered,图书,419.42,75.98,495.40000000000003
1323,217,PR,2024-01-16,delivered,服饰,380.16,30.63,410.79
1323,217,PR,2024-01-16,delivered,电子产品,262.1,47.14,309.24
1323,217,PR,2024-01-16,delivered,电脑配件,639.01,40.66,679.67
1324,217,PR,2023-12-08,delivered,服饰,750.74,113.29,864.03
1324,217,PR,2023-12-08,delivered,服饰,269.87,20.84,290.71
1324,217,PR,2023-12-08,delivered,玩具,31.64,5.46,37.1
1325,217,PR,2023-07-16,canceled,美妆健康,94.26,16.6,110.86000000000001
1325,217,PR,2023-07-16,canceled,电子产品,544.09,53.99,598.08
1325,217,PR,2023-07-16,canceled,运动休闲,783.28,104.49,887.77
1326,217,PR,2023-11-04,delivered,图书,83.2,10.83,94.03
1327,217,PR,2023-10-14,delivered,图书,524.38,52.38,576.76
1327,217,PR,2023-10-14,delivered,玩具,77.79,14.92,92.71000000000001
1327,217,PR,2023-10-14,delivered,电脑配件,218.96,37.26,256.22
1328,217,PR,2024-08-09,delivered,厨具,305.8,50.52,356.32
1328,217,PR,2024-08-09,delivered,图书,616.45,98.69,715.1400000000001
1329,217,PR,2024-11-24,delivered,家居家具,406.2,27.36,433.56
1329,217,PR,2024-11-24,delivered,厨具,698.45,129.8,828.25
1329,217,PR,2024-11-24,delivered,图书,458.54,76.19,534.73
1330,217,PR,2024-05-22,delivered,电脑配件,45.87,2.63,48.5
1330,217,PR,2024-05-22,delivered,厨具,797.53,129.81,927.3399999999999
1330,217,PR,2024-05-22,delivered,宠物用品,118.99,16.32,135.31
1331,217,PR,2024-11-04,delivered,玩具,558.1,54.57,612.6700000000001
1332,217,PR,2023-02-11,delivered,厨具,408.87,51.06,459.93
1333,217,PR,2023-03-09,delivered,玩具,70.18,10.42,80.60000000000001
1333,217,PR,2023-03-09,delivered,服饰,532.26,66.93,599.19
1334,217,PR,2024-12-01,delivered,运动休闲,380.21,43.14,423.34999999999997
1335,217,PR,2023-06-26,delivered,家居家具,268.67,26.4,295.07
1335,217,PR,2023-06-26,delivered,玩具,790.71,60.37,851.08
1335,217,PR,2023-06-26,delivered,厨具,769.44,116.0,885.44
1336,217,PR,2024-11-14,delivered,电子产品,261.92,29.27,291.19
1336,217,PR,2024-11-14,delivered,玩具,169.71,21.95,191.66
1337,217,PR,2024-07-22,delivered,玩具,62.13,11.87,74.0
1338,217,PR,2023-12-18,delivered,家居家具,50.62,3.13,53.75
1339,217,PR,2023-05-15,delivered,电脑配件,595.95,79.04,674.99
1339,217,PR,2023-05-15,delivered,运动休闲,61.94,4.66,66.6
1339,217,PR,2023-05-15,delivered,服饰,142.51,26.76,169.26999999999998
1340,217,PR,2023-05-28,delivered,美妆健康,656.02,112.43,768.45
1340,217,PR,2023-05-28,delivered,厨具,741.64,62.31,803.95
1341,217,PR,2024-12-28,delivered,玩具,797.84,126.12,923.96
1341,217,PR,2024-12-28,delivered,玩具,576.85,58.47,635.32
1342,217,PR,2024-02-18,delivered,运动休闲,111.52,20.29,131.81
1343,217,PR,2023-04-21,delivered,服饰,89.41,9.27,98.67999999999999
1343,217,PR,2023-04-21,delivered,家居家具,616.11,101.73,717.84
1343,217,PR,2023-04-21,delivered,玩具,313.23,27.34,340.57
1344,217,PR,2024-11-23,delivered,服饰,223.3,35.82,259.12
1344,217,PR,2024-11-23,delivered,图书,599.98,59.11,659.09
1345,217,PR,2024-04-27,delivered,运动休闲,139.06,24.58,163.64
1345,217,PR,2024-04-27,delivered,服饰,706.42,122.26,828.68
1345,217,PR,2024-04-27,delivered,运动休闲,326.44,63.82,390.26
1346,217,PR,2024-03-08,canceled,服饰,309.68,22.5,332.18
1346,217,PR,2024-03-08,canceled,电子产品,317.05,53.06,370.11
1346,217,PR,2024-03-08,canceled,美妆健康,134.11,14.22,148.33
1347,217,PR,2023-11-28,delivered,厨具,437.61,52.18,489.79
1347,217,PR,2023-11-28,delivered,图书,795.87,44.42,840.29
1348,217,PR,2023-12-29,delivered,家居家具,230.66,25.31,255.97
1348,217,PR,2023-12-29,delivered,服饰,198.85,24.97,223.82
1349,217,PR,2024-01-04,canceled,玩具,105.68,10.67,116.35000000000001
1350,217,PR,2023-07-25,delivered,家居家具,463.71,60.02,523.73
1350,217,PR,2023-07-25,delivered,图书,264.71,31.86,296.57
1350,217,PR,2023-07-25,delivered,宠物用品,359.99,28.89,388.88
1351,217,PR,2024-03-26,delivered,美妆健康,681.84,53.19,735.03
1352,217,PR,2023-10-07,delivered,电脑配件,231.16,18.3,249.46
1352,217,PR,2023-10-07,delivered,玩具,746.31,134.87,881.18
1352,217,PR,2023-10-07,delivered,电子产品,228.91,23.41,252.32
1353,217,PR,2024-02-16,canceled,图书,503.59,78.9,582.49
1353,217,PR,2024-02-16,canceled,服饰,527.27,67.36,594.63
1353,217,PR,2024-02-16,canceled,玩具,36.65,5.32,41.97
1354,217,PR,2023-10-16,delivered,电脑配件,539.73,78.28,618.01
1354,217,PR,2023-10-16,delivered,运动休闲,257.69,31.12,288.81
1354,217,PR,2023-10-16,delivered,图书,474.72,41.85,516.57
1355,218,DF,2024-05-24,delivered,电脑配件,480.14,41.69,521.8299999999999
1356,219,SP,2024-11-01,delivered,厨具,48.15,7.82,55.97
1356,219,SP,2024-11-01,delivered,厨具,175.97,29.81,205.78
1356,219,SP,2024-11-01,delivered,家居家具,88.19,6.56,94.75
1357,220,RJ,2023-08-28,delivered,厨具,586.89,97.69,684.5799999999999
1358,220,RJ,2024-03-12,delivered,美妆健康,797.18,131.24,928.42
1358,220,RJ,2024-03-12,delivered,美妆健康,453.15,61.41,514.56
1358,220,RJ,2024-03-12,delivered,服饰,201.78,36.45,238.23000000000002
1359,220,RJ,2024-04-03,delivered,家居家具,356.75,56.32,413.07
1360,220,RJ,2024-08-20,delivered,家居家具,510.16,39.71,549.87
1361,220,RJ,2024-05-15,delivered,美妆健康,691.77,40.09,731.86
1362,220,RJ,2024-03-16,delivered,运动休闲,104.08,15.28,119.36
1362,220,RJ,2024-03-16,delivered,图书,33.0,1.75,34.75
1362,220,RJ,2024-03-16,delivered,美妆健康,536.38,27.01,563.39
1363,220,RJ,2024-02-25,canceled,玩具,271.25,21.38,292.63
1363,220,RJ,2024-02-25,canceled,美妆健康,101.53,14.71,116.24000000000001
1364,220,RJ,2023-05-25,delivered,玩具,791.44,71.21,862.6500000000001
1365,220,RJ,2024-01-18,delivered,图书,629.67,101.48,731.15
1365,220,RJ,2024-01-18,delivered,玩具,475.74,51.26,527.0
1365,220,RJ,2024-01-18,delivered,服饰,251.85,44.66,296.51
1366,220,RJ,2023-11-09,delivered,运动休闲,318.76,44.44,363.2
1367,220,RJ,2023-12-04,canceled,运动休闲,389.89,77.01,466.9
1367,220,RJ,2023-12-04,canceled,家居家具,31.8,5.94,37.74
1368,220,RJ,2023-05-22,delivered,美妆健康,242.0,36.56,278.56
1368,220,RJ,2023-05-22,delivered,厨具,181.36,15.28,196.64000000000001
1368,220,RJ,2023-05-22,delivered,家居家具,411.75,32.76,444.51
1369,220,RJ,2024-04-20,delivered,玩具,103.68,5.33,109.01
1370,220,RJ,2024-04-24,delivered,玩具,717.69,38.6,756.2900000000001
1370,220,RJ,2024-04-24,delivered,家居家具,334.75,41.8,376.55
1370,220,RJ,2024-04-24,delivered,家居家具,384.53,62.14,446.66999999999996
1371,220,RJ,2023-03-08,delivered,玩具,407.43,59.34,466.77
1372,220,RJ,2024-01-11,delivered,服饰,257.37,15.61,272.98
1372,220,RJ,2024-01-11,delivered,玩具,516.55,50.38,566.93
1373,220,RJ,2023-04-24,delivered,服饰,624.54,35.3,659.8399999999999
1373,220,RJ,2023-04-24,delivered,美妆健康,128.72,10.77,139.49
1373,220,RJ,2023-04-24,delivered,厨具,65.11,5.02,70.13
1374,220,RJ,2024-05-24,delivered,运动休闲,726.51,43.12,769.63
1374,220,RJ,2024-05-24,delivered,玩具,50.21,5.61,55.82
1375,220,RJ,2024-12-19,delivered,美妆健康,714.46,62.49,776.95
1375,220,RJ,2024-12-19,delivered,玩具,344.63,59.7,404.33
1376,220,RJ,2024-10-25,delivered,电子产品,583.55,105.78,689.3299999999999
1377,220,RJ,2024-11-26,delivered,电子产品,696.47,48.31,744.78
1377,220,RJ,2024-11-26,delivered,玩具,203.77,24.42,228.19
1378,220,RJ,2024-10-24,delivered,电脑配件,776.94,83.9,860.84
1378,220,RJ,2024-10-24,delivered,厨具,73.21,12.83,86.03999999999999
1379,220,RJ,2024-04-23,delivered,玩具,671.95,101.01,772.96
1379,220,RJ,2024-04-23,delivered,电脑配件,354.66,67.46,422.12
1379,220,RJ,2024-04-23,delivered,玩具,390.84,44.59,435.42999999999995
1380,220,RJ,2024-06-04,delivered,图书,794.8,53.29,848.0899999999999
1380,220,RJ,2024-06-04,delivered,家居家具,205.29,31.63,236.92
1380,220,RJ,2024-06-04,delivered,美妆健康,145.86,13.97,159.83
1381,220,RJ,2024-07-08,delivered,美妆健康,171.84,10.96,182.8
1381,220,RJ,2024-07-08,delivered,美妆健康,673.56,53.0,726.56
1382,220,RJ,2024-04-11,delivered,美妆健康,284.81,27.34,312.15
1383,221,BA,2024-12-04,canceled,美妆健康,762.43,141.71,904.14
1383,221,BA,2024-12-04,canceled,美妆健康,468.44,81.54,549.98
1383,221,BA,2024-12-04,canceled,运动休闲,710.03,100.79,810.8199999999999
1384,222,DF,2024-11-20,delivered,运动休闲,499.64,87.7,587.34
1384,222,DF,2024-11-20,delivered,宠物用品,375.41,69.37,444.78000000000003
1385,223,SC,2023-12-16,delivered,运动休闲,398.5,22.66,421.16
1386,224,MG,2024-10-20,delivered,玩具,295.52,34.75,330.27
1387,225,AM,2024-09-26,delivered,美妆健康,143.44,12.08,155.52
1388,226,RS,2024-10-23,canceled,宠物用品,76.33,13.39,89.72
1389,226,RS,2024-06-23,delivered,美妆健康,167.77,17.56,185.33
1389,226,RS,2024-06-23,delivered,玩具,555.7,53.86,609.5600000000001
1390,226,RS,2023-12-15,delivered,服饰,515.14,41.08,556.22
1391,226,RS,2024-11-14,delivered,玩具,316.19,50.05,366.24
1391,226,RS,2024-11-14,delivered,电子产品,231.47,16.33,247.8
1392,226,RS,2024-12-21,delivered,电子产品,476.55,67.92,544.47
1392,226,RS,2024-12-21,delivered,电子产品,643.53,94.45,737.98
1392,226,RS,2024-12-21,delivered,玩具,568.61,106.58,675.19
1393,226,RS,2024-05-25,delivered,电子产品,219.1,30.07,249.17
1394,226,RS,2024-08-21,delivered,图书,523.9,75.6,599.5
1394,226,RS,2024-08-21,delivered,玩具,342.83,46.96,389.78999999999996
1395,226,RS,2023-04-28,delivered,美妆健康,752.01,101.85,853.86
1395,226,RS,2023-04-28,delivered,电子产品,243.54,13.11,256.65
1396,226,RS,2024-07-07,delivered,美妆健康,364.11,54.3,418.41
1396,226,RS,2024-07-07,delivered,图书,397.19,72.65,469.84000000000003
1396,226,RS,2024-07-07,delivered,图书,529.73,71.7,601.4300000000001
1397,226,RS,2023-02-22,delivered,厨具,732.92,115.76,848.68
1397,226,RS,2023-02-22,delivered,电子产品,250.54,40.74,291.28
1397,226,RS,2023-02-22,delivered,厨具,452.25,85.54,537.79
1398,226,RS,2023-08-02,delivered,家居家具,192.32,19.05,211.37
1399,226,RS,2023-08-17,delivered,家居家具,783.44,85.51,868.95
1400,226,RS,2024-10-04,delivered,美妆健康,531.91,76.47,608.38
1400,226,RS,2024-10-04,delivered,电子产品,719.03,87.26,806.29
1400,226,RS,2024-10-04,delivered,玩具,641.27,122.99,764.26
1401,226,RS,2024-11-24,delivered,玩具,203.24,14.45,217.69
1402,226,RS,2023-05-03,delivered,厨具,250.31,44.64,294.95
1403,226,RS,2023-08-24,delivered,美妆健康,587.17,77.19,664.3599999999999
1404,226,RS,2023-02-03,delivered,电子产品,769.82,105.13,874.95
1405,226,RS,2024-05-29,delivered,家居家具,779.12,114.06,893.1800000000001
1405,226,RS,2024-05-29,delivered,服饰,382.85,60.04,442.89000000000004
1406,226,RS,2023-03-06,delivered,玩具,111.98,17.34,129.32
1406,226,RS,2023-03-06,delivered,电脑配件,435.75,26.05,461.8
1406,226,RS,2023-03-06,delivered,运动休闲,391.12,57.68,448.8
1407,226,RS,2023-03-03,delivered,厨具,418.74,28.14,446.88
1407,226,RS,2023-03-03,delivered,玩具,44.27,4.88,49.150000000000006
1408,226,RS,2023-08-20,canceled,图书,532.88,67.75,600.63
1408,226,RS,2023-08-20,canceled,图书,565.81,109.98,675.79
1409,226,RS,2023-04-11,delivered,美妆健康,447.16,68.86,516.02
1409,226,RS,2023-04-11,delivered,玩具,32.55,2.2,34.75
1410,226,RS,2024-09-18,delivered,家居家具,156.86,17.47,174.33
1410,226,RS,2024-09-18,delivered,美妆健康,311.49,53.45,364.94
1410,226,RS,2024-09-18,delivered,美妆健康,499.62,91.19,590.81
1411,226,RS,2024-08-26,delivered,厨具,495.85,38.77,534.62
1411,226,RS,2024-08-26,delivered,图书,394.09,59.53,453.62
1411,226,RS,2024-08-26,delivered,玩具,548.98,85.12,634.1
1412,226,RS,2024-06-01,delivered,家居家具,143.58,11.44,155.02
1412,226,RS,2024-06-01,delivered,厨具,789.53,45.01,834.54
1412,226,RS,2024-06-01,delivered,运动休闲,35.21,4.1,39.31
1413,226,RS,2024-10-12,delivered,图书,90.11,16.01,106.12
1413,226,RS,2024-10-12,delivered,服饰,375.88,29.1,404.98
1413,226,RS,2024-10-12,delivered,厨具,169.73,15.75,185.48
1414,226,RS,2024-04-10,delivered,厨具,681.71,81.06,762.77
1415,226,RS,2023-12-31,delivered,家居家具,181.62,22.52,204.14000000000001
1415,226,RS,2023-12-31,delivered,运动休闲,235.65,22.98,258.63
1416,226,RS,2024-01-26,delivered,电子产品,103.68,18.74,122.42
1416,226,RS,2024-01-26,delivered,家居家具,169.27,25.87,195.14000000000001
1417,226,RS,2023-08-14,delivered,玩具,151.55,12.97,164.52
1417,226,RS,2023-08-14,delivered,电子产品,722.38,104.9,827.28
1418,226,RS,2024-01-13,delivered,玩具,683.6,72.52,756.12
1419,226,RS,2024-02-09,canceled,图书,207.71,16.7,224.41
1420,226,RS,2024-10-08,delivered,电子产品,195.36,30.35,225.71
1421,226,RS,2024-12-22,delivered,厨具,428.48,52.91,481.39
1421,226,RS,2024-12-22,delivered,玩具,67.55,4.79,72.34
1421,226,RS,2024-12-22,delivered,厨具,253.2,18.45,271.65
1422,226,RS,2023-08-07,delivered,运动休闲,554.08,33.51,587.59
1422,226,RS,2023-08-07,delivered,美妆健康,418.77,83.07,501.84
1422,226,RS,2023-08-07,delivered,运动休闲,75.57,12.92,88.49
1423,226,RS,2024-12-23,delivered,运动休闲,510.72,78.01,588.73
1423,226,RS,2024-12-23,delivered,玩具,227.64,19.56,247.2
1424,226,RS,2024-08-19,delivered,家居家具,691.47,113.4,804.87
1424,226,RS,2024-08-19,delivered,家居家具,365.97,42.41,408.38
1424,226,RS,2024-08-19,delivered,电子产品,773.35,148.84,922.19
1425,226,RS,2024-05-25,delivered,美妆健康,236.51,31.28,267.78999999999996
1426,226,RS,2024-07-27,delivered,服饰,97.73,7.6,105.33
1426,226,RS,2024-07-27,delivered,电脑配件,736.86,115.92,852.78
1427,226,RS,2023-05-14,delivered,电子产品,242.7,43.5,286.2
1427,226,RS,2023-05-14,delivered,美妆健康,167.6,33.51,201.10999999999999
1428,226,RS,2024-12-14,delivered,厨具,259.72,37.66,297.38
1429,226,RS,2023-01-07,canceled,玩具,690.46,35.07,725.5300000000001
1429,226,RS,2023-01-07,canceled,电脑配件,640.51,61.68,702.1899999999999
1430,226,RS,2024-07-16,delivered,电子产品,222.79,40.68,263.46999999999997
1430,226,RS,2024-07-16,delivered,服饰,733.95,104.53,838.48
1431,226,RS,2024-06-22,delivered,玩具,40.6,4.42,45.02
1431,226,RS,2024-06-22,delivered,运动休闲,740.05,77.13,817.18
1431,226,RS,2024-06-22,delivered,运动休闲,752.81,105.51,858.3199999999999
1432,226,RS,2023-07-25,delivered,运动休闲,307.28,16.91,324.19
1433,226,RS,2024-08-26,delivered,家居家具,625.5,84.24,709.74
1433,226,RS,2024-08-26,delivered,运动休闲,602.12,30.63,632.75
1433,226,RS,2024-08-26,delivered,服饰,30.24,3.87,34.11
1434,226,RS,2024-09-03,delivered,服饰,753.87,114.55,868.42
1434,226,RS,2024-09-03,delivered,玩具,496.17,37.72,533.89
1435,226,RS,2023-05-31,delivered,服饰,466.97,52.15,519.12
1436,226,RS,2023-02-04,delivered,运动休闲,70.91,8.43,79.34
1436,226,RS,2023-02-04,delivered,厨具,291.27,56.03,347.29999999999995
1436,226,RS,2023-02-04,delivered,电子产品,504.48,85.08,589.5600000000001
1437,226,RS,2023-11-29,delivered,家居家具,761.04,85.42,846.4599999999999
1437,226,RS,2023-11-29,delivered,服饰,124.99,12.33,137.32
1437,226,RS,2023-11-29,delivered,图书,357.44,21.14,378.58
1438,226,RS,2023-08-31,delivered,电子产品,142.56,13.6,156.16
1438,226,RS,2023-08-31,delivered,服饰,54.85,3.94,58.79
1438,226,RS,2023-08-31,delivered,家居家具,634.97,48.63,683.6
1439,226,RS,2024-07-09,canceled,图书,192.68,33.91,226.59
1439,226,RS,2024-07-09,canceled,美妆健康,384.43,61.06,445.49
1439,226,RS,2024-07-09,canceled,服饰,716.65,105.42,822.0699999999999
1440,226,RS,2024-05-18,delivered,服饰,485.06,63.45,548.51
1440,226,RS,2024-05-18,delivered,服饰,91.77,13.78,105.55
1441,226,RS,2023-12-30,delivered,电子产品,440.77,54.45,495.21999999999997
1441,226,RS,2023-12-30,delivered,电子产品,673.87,89.2,763.07
1442,226,RS,2024-07-21,delivered,电子产品,754.54,57.86,812.4
1443,226,RS,2023-06-04,delivered,电脑配件,59.55,7.13,66.67999999999999
1443,226,RS,2023-06-04,delivered,宠物用品,308.05,18.49,326.54
1443,226,RS,2023-06-04,delivered,运动休闲,582.13,112.77,694.9
1444,226,RS,2023-10-11,delivered,运动休闲,680.15,135.66,815.81
1444,226,RS,2023-10-11,delivered,电脑配件,626.42,72.04,698.4599999999999
1445,226,RS,2023-03-16,delivered,电脑配件,793.92,136.2,930.1199999999999
1445,226,RS,2023-03-16,delivered,家居家具,318.33,47.66,365.99
1445,226,RS,2023-03-16,delivered,图书,675.75,132.02,807.77
1446,226,RS,2023-03-09,canceled,电子产品,335.84,48.03,383.87
1446,226,RS,2023-03-09,canceled,玩具,741.1,40.3,781.4
1447,226,RS,2023-12-11,delivered,图书,784.56,99.84,884.4
1447,226,RS,2023-12-11,delivered,玩具,165.35,11.76,177.10999999999999
1447,226,RS,2023-12-11,delivered,服饰,53.5,3.09,56.59
1448,226,RS,2023-10-13,delivered,美妆健康,519.35,99.54,618.89
1449,226,RS,2024-04-09,delivered,运动休闲,357.81,47.75,405.56
1449,226,RS,2024-04-09,delivered,服饰,321.03,19.52,340.54999999999995
1450,226,RS,2024-11-12,canceled,服饰,661.57,76.16,737.73
1450,226,RS,2024-11-12,canceled,家居家具,204.31,20.28,224.59
1451,226,RS,2023-08-23,delivered,服饰,542.41,54.36,596.77
1451,226,RS,2023-08-23,delivered,美妆健康,563.48,50.29,613.77
1451,226,RS,2023-08-23,delivered,家居家具,336.05,30.02,366.07
1452,226,RS,2024-07-27,delivered,美妆健康,354.84,22.64,377.47999999999996
1452,226,RS,2024-07-27,delivered,电子产品,97.41,12.48,109.89
1452,226,RS,2024-07-27,delivered,美妆健康,443.32,63.7,507.02
1453,226,RS,2023-10-02,delivered,服饰,167.75,22.09,189.84
1453,226,RS,2023-10-02,delivered,家居家具,363.93,51.55,415.48
1454,226,RS,2024-05-07,delivered,玩具,545.17,60.46,605.63
1455,226,RS,2024-04-28,delivered,厨具,176.09,16.33,192.42000000000002
1455,226,RS,2024-04-28,delivered,家居家具,278.19,49.24,327.43
1456,226,RS,2023-10-09,delivered,图书,312.13,48.62,360.75
1456,226,RS,2023-10-09,delivered,厨具,177.07,35.14,212.20999999999998
1457,226,RS,2024-12-04,delivered,服饰,256.15,17.78,273.92999999999995
1457,226,RS,2024-12-04,delivered,玩具,665.75,40.92,706.67
1457,226,RS,2024-12-04,delivered,美妆健康,642.96,89.07,732.03
1458,227,PR,2024-12-29,delivered,电子产品,33.64,4.01,37.65
1458,227,PR,2024-12-29,delivered,宠物用品,333.73,65.38,399.11
1459,228,DF,2023-12-17,delivered,运动休闲,60.08,9.41,69.49
1460,229,PR,2023-08-06,delivered,玩具,23.45,3.64,27.09
1461,230,PE,2023-05-21,delivered,电子产品,566.97,38.89,605.86
1461,230,PE,2023-05-21,delivered,厨具,458.75,90.24,548.99
1461,230,PE,2023-05-21,delivered,电脑配件,264.16,16.42,280.58000000000004
1462,231,RJ,2024-08-28,canceled,运动休闲,37.91,5.0,42.91
1462,231,RJ,2024-08-28,canceled,运动休闲,47.85,4.01,51.86
1462,231,RJ,2024-08-28,canceled,服饰,428.31,38.26,466.57
1463,232,RJ,2024-11-15,delivered,玩具,275.55,18.98,294.53000000000003
1463,232,RJ,2024-11-15,delivered,运动休闲,655.26,123.8,779.06
1464,232,RJ,2023-05-25,delivered,图书,160.18,20.54,180.72
1465,232,RJ,2024-01-13,delivered,服饰,326.07,44.29,370.36
1465,232,RJ,2024-01-13,delivered,家居家具,153.01,23.72,176.73
1465,232,RJ,2024-01-13,delivered,图书,260.18,49.03,309.21000000000004
1466,232,RJ,2023-12-22,delivered,电脑配件,436.32,68.22,504.53999999999996
1467,232,RJ,2024-07-22,delivered,运动休闲,768.93,140.29,909.2199999999999
1467,232,RJ,2024-07-22,delivered,厨具,84.78,9.6,94.38
1467,232,RJ,2024-07-22,delivered,服饰,690.25,63.69,753.94
1468,232,RJ,2024-01-11,delivered,玩具,336.71,40.66,377.37
1468,232,RJ,2024-01-11,delivered,电脑配件,448.53,74.37,522.9
1468,232,RJ,2024-01-11,delivered,服饰,343.74,26.05,369.79
1469,233,PE,2023-02-15,delivered,美妆健康,584.77,71.7,656.47
1470,234,PE,2023-07-02,delivered,美妆健康,260.66,35.74,296.40000000000003
1470,234,PE,2023-07-02,delivered,玩具,676.87,96.6,773.47
1470,234,PE,2023-07-02,delivered,图书,488.69,39.3,527.99
1471,234,PE,2024-10-29,delivered,家居家具,323.55,18.2,341.75
1472,234,PE,2024-08-28,delivered,电子产品,372.38,39.61,411.99
1472,234,PE,2024-08-28,delivered,电脑配件,261.83,51.87,313.7
1473,234,PE,2024-11-27,delivered,宠物用品,768.93,41.38,810.31
1473,234,PE,2024-11-27,delivered,电脑配件,560.16,109.04,669.1999999999999
1473,234,PE,2024-11-27,delivered,电脑配件,713.56,97.98,811.54
1474,234,PE,2023-02-09,delivered,电脑配件,44.34,2.26,46.6
1474,234,PE,2023-02-09,delivered,电子产品,786.06,48.01,834.0699999999999
1474,234,PE,2023-02-09,delivered,玩具,698.52,92.12,790.64
1475,234,PE,2024-12-07,delivered,家居家具,385.78,62.63,448.40999999999997
1475,234,PE,2024-12-07,delivered,宠物用品,738.43,120.09,858.52
1475,234,PE,2024-12-07,delivered,电子产品,466.41,47.61,514.02
1476,234,PE,2023-12-12,delivered,服饰,298.41,54.94,353.35
1477,234,PE,2024-05-06,delivered,家居家具,666.82,79.43,746.25
1477,234,PE,2024-05-06,delivered,图书,81.66,9.03,90.69
1477,234,PE,2024-05-06,delivered,电脑配件,794.45,71.98,866.4300000000001
1478,234,PE,2024-12-11,delivered,家居家具,459.61,81.95,541.5600000000001
1478,234,PE,2024-12-11,delivered,服饰,775.9,86.56,862.46
1478,234,PE,2024-12-11,delivered,电子产品,659.34,51.37,710.71
1479,234,PE,2024-09-07,delivered,电脑配件,527.5,78.78,606.28
1479,234,PE,2024-09-07,delivered,图书,560.25,60.26,620.51
1480,234,PE,2024-03-13,delivered,电子产品,210.68,18.45,229.13
1481,234,PE,2024-09-28,delivered,运动休闲,426.43,80.8,507.23
1482,234,PE,2024-10-29,delivered,服饰,798.95,78.39,877.34
1483,234,PE,2024-12-11,canceled,美妆健康,741.06,128.21,869.27
1483,234,PE,2024-12-11,canceled,电脑配件,342.44,47.02,389.46
1483,234,PE,2024-12-11,canceled,玩具,755.55,136.0,891.55
1484,234,PE,2023-08-05,delivered,电子产品,320.36,49.54,369.90000000000003
1484,234,PE,2023-08-05,delivered,玩具,106.74,15.47,122.21
1484,234,PE,2023-08-05,delivered,玩具,587.86,30.1,617.96
1485,234,PE,2023-08-15,delivered,电脑配件,638.26,31.97,670.23
1486,234,PE,2023-08-09,delivered,玩具,88.42,7.87,96.29
1486,234,PE,2023-08-09,delivered,玩具,639.06,53.35,692.41
1486,234,PE,2023-08-09,delivered,运动休闲,656.45,82.51,738.96
1487,234,PE,2024-12-12,delivered,家居家具,781.62,109.17,890.79
1488,234,PE,2024-07-22,delivered,图书,346.69,27.72,374.40999999999997
1489,234,PE,2024-12-23,delivered,服饰,415.26,76.8,492.06
1489,234,PE,2024-12-23,delivered,宠物用品,250.64,17.59,268.22999999999996
1490,234,PE,2023-04-06,delivered,玩具,91.08,12.42,103.5
1490,234,PE,2023-04-06,delivered,玩具,183.78,11.5,195.28
1490,234,PE,2023-04-06,delivered,厨具,361.46,22.48,383.94
1491,234,PE,2023-07-29,delivered,美妆健康,191.22,21.4,212.62
1492,234,PE,2024-07-31,delivered,服饰,109.89,14.34,124.23
1493,234,PE,2024-01-23,delivered,厨具,246.82,47.78,294.6
1494,234,PE,2024-08-02,delivered,电子产品,289.47,33.47,322.94000000000005
1495,234,PE,2024-01-04,delivered,服饰,706.49,138.67,845.16
1496,234,PE,2024-12-21,delivered,服饰,444.88,57.68,502.56
1496,234,PE,2024-12-21,delivered,宠物用品,279.81,47.47,327.28
1496,234,PE,2024-12-21,delivered,厨具,161.45,23.95,185.39999999999998
1497,234,PE,2024-11-13,delivered,玩具,744.71,87.25,831.96
1497,234,PE,2024-11-13,delivered,电子产品,583.99,40.46,624.45
1498,234,PE,2024-11-26,delivered,玩具,764.13,135.44,899.5699999999999
1498,234,PE,2024-11-26,delivered,电脑配件,379.87,27.61,407.48
1498,234,PE,2024-11-26,delivered,家居家具,315.48,45.32,360.8
1499,234,PE,2023-08-31,delivered,美妆健康,95.99,10.58,106.57
1499,234,PE,2023-08-31,delivered,美妆健康,206.27,20.79,227.06
1500,234,PE,2023-07-23,canceled,玩具,236.02,28.65,264.67
1500,234,PE,2023-07-23,canceled,美妆健康,631.05,123.13,754.18
1501,234,PE,2023-04-09,delivered,美妆健康,262.52,49.82,312.34
1501,234,PE,2023-04-09,delivered,服饰,120.44,14.78,135.22
1502,234,PE,2024-09-17,canceled,家居家具,151.66,13.3,164.96
1502,234,PE,2024-09-17,canceled,运动休闲,75.5,12.39,87.89
1503,234,PE,2024-03-05,delivered,玩具,25.51,3.58,29.090000000000003
1503,234,PE,2024-03-05,delivered,运动休闲,79.17,13.18,92.35
1504,234,PE,2024-01-26,delivered,宠物用品,269.99,15.91,285.90000000000003
1504,234,PE,2024-01-26,delivered,玩具,667.22,38.41,705.63
1505,234,PE,2023-05-28,delivered,电子产品,613.83,119.68,733.51
1505,234,PE,2023-05-28,delivered,家居家具,485.68,96.69,582.37
1506,234,PE,2023-11-25,delivered,图书,383.68,26.36,410.04
1506,234,PE,2023-11-25,delivered,电子产品,584.75,92.99,677.74
1506,234,PE,2023-11-25,delivered,电脑配件,506.46,90.85,597.31
1507,234,PE,2024-02-15,delivered,玩具,74.9,14.08,88.98
1508,234,PE,2023-12-20,canceled,图书,790.89,68.94,859.8299999999999
1509,234,PE,2024-12-22,delivered,玩具,95.64,16.6,112.24000000000001
1509,234,PE,2024-12-22,delivered,运动休闲,737.92,130.47,868.39
1509,234,PE,2024-12-22,delivered,运动休闲,764.43,75.91,840.3399999999999
1510,234,PE,2023-05-25,delivered,厨具,392.64,35.38,428.02
1510,234,PE,2023-05-25,delivered,玩具,426.93,83.77,510.7
1510,234,PE,2023-05-25,delivered,服饰,763.3,126.41,889.7099999999999
1511,234,PE,2023-02-09,delivered,服饰,483.75,64.18,547.9300000000001
1511,234,PE,2023-02-09,delivered,图书,134.07,21.96,156.03
1512,234,PE,2024-12-04,delivered,电子产品,315.81,36.35,352.16
1512,234,PE,2024-12-04,delivered,运动休闲,338.0,59.63,397.63
1513,234,PE,2024-04-13,delivered,图书,237.54,26.69,264.23
1513,234,PE,2024-04-13,delivered,电脑配件,90.88,12.58,103.46
1514,234,PE,2023-09-10,delivered,厨具,640.03,118.1,758.13
1514,234,PE,2023-09-10,delivered,美妆健康,610.9,102.55,713.4499999999999
1515,234,PE,2024-08-02,delivered,玩具,558.15,39.2,597.35
1515,234,PE,2024-08-02,delivered,美妆健康,304.64,38.55,343.19
1515,234,PE,2024-08-02,delivered,美妆健康,103.64,7.55,111.19
1516,234,PE,2024-01-23,canceled,运动休闲,369.1,35.06,404.16
1516,234,PE,2024-01-23,canceled,电子产品,757.62,50.67,808.29
1517,234,PE,2024-03-27,delivered,图书,652.81,104.01,756.8199999999999
1517,234,PE,2024-03-27,delivered,服饰,334.1,37.0,371.1
1517,234,PE,2024-03-27,delivered,图书,438.18,22.01,460.19
1518,234,PE,2024-05-16,delivered,家居家具,667.6,81.69,749.29
1519,234,PE,2024-08-24,delivered,图书,537.69,90.81,628.5
1519,234,PE,2024-08-24,delivered,服饰,504.27,57.47,561.74
1519,234,PE,2024-08-24,delivered,电子产品,448.36,77.86,526.22
1520,234,PE,2023-02-05,canceled,家居家具,453.87,56.04,509.91
1521,234,PE,2024-09-09,delivered,厨具,660.27,60.67,720.9399999999999
1521,234,PE,2024-09-09,delivered,玩具,744.68,127.11,871.79
1522,234,PE,2024-12-23,delivered,服饰,114.86,21.22,136.07999999999998
1522,234,PE,2024-12-23,delivered,服饰,638.61,101.09,739.7
1523,234,PE,2023-01-19,delivered,图书,546.66,53.98,600.64
1524,234,PE,2024-11-27,delivered,图书,259.6,42.42,302.02000000000004
1525,234,PE,2024-07-03,delivered,电子产品,425.02,65.86,490.88
1526,234,PE,2024-06-02,delivered,电脑配件,94.73,10.82,105.55000000000001
1526,234,PE,2024-06-02,delivered,电子产品,577.3,97.31,674.6099999999999
1527,234,PE,2024-11-19,canceled,玩具,445.27,53.72,498.99
1528,234,PE,2023-09-30,delivered,电脑配件,431.23,47.75,478.98
1528,234,PE,2023-09-30,delivered,宠物用品,333.6,56.56,390.16
1528,234,PE,2023-09-30,delivered,家居家具,154.73,20.56,175.29
1529,234,PE,2024-10-14,canceled,美妆健康,601.99,66.17,668.16
1530,234,PE,2024-09-21,canceled,玩具,316.35,45.67,362.02000000000004
1530,234,PE,2024-09-21,canceled,厨具,694.18,116.51,810.6899999999999
1530,234,PE,2024-09-21,canceled,服饰,350.46,51.27,401.72999999999996
1531,234,PE,2023-07-03,delivered,运动休闲,286.21,36.73,322.94
1532,234,PE,2024-06-27,delivered,服饰,716.93,57.1,774.03
1532,234,PE,2024-06-27,delivered,美妆健康,587.85,55.0,642.85
1532,234,PE,2024-06-27,delivered,美妆健康,360.22,22.23,382.45000000000005
1533,234,PE,2023-08-15,delivered,电脑配件,653.06,51.87,704.93
1533,234,PE,2023-08-15,delivered,宠物用品,426.37,61.98,488.35
1533,234,PE,2023-08-15,delivered,宠物用品,569.29,31.52,600.81
1534,234,PE,2024-09-04,delivered,服饰,370.27,46.54,416.81
1534,234,PE,2024-09-04,delivered,运动休闲,108.94,17.21,126.15
1534,234,PE,2024-09-04,delivered,电子产品,488.81,75.67,564.48
1535,234,PE,2023-01-16,delivered,玩具,366.72,25.86,392.58000000000004
1536,234,PE,2024-12-29,delivered,美妆健康,434.65,75.77,510.41999999999996
1537,234,PE,2023-12-02,delivered,电脑配件,355.46,50.95,406.40999999999997
1538,234,PE,2023-11-24,delivered,家居家具,754.14,83.53,837.67
1538,234,PE,2023-11-24,delivered,家居家具,786.85,50.72,837.57
1539,234,PE,2023-12-08,delivered,美妆健康,797.55,85.75,883.3
1539,234,PE,2023-12-08,delivered,电脑配件,702.08,115.07,817.1500000000001
1540,234,PE,2023-05-26,delivered,厨具,640.62,116.12,756.74
1540,234,PE,2023-05-26,delivered,宠物用品,49.48,3.39,52.87
1541,234,PE,2023-08-30,delivered,玩具,270.82,38.87,309.69
1541,234,PE,2023-08-30,delivered,电脑配件,213.02,39.44,252.46
1542,234,PE,2023-12-06,delivered,宠物用品,466.52,79.52,546.04
1543,234,PE,2023-11-11,delivered,运动休闲,557.87,40.06,597.9300000000001
1543,234,PE,2023-11-11,delivered,运动休闲,146.81,12.5,159.31
1544,234,PE,2023-11-27,delivered,服饰,188.67,18.52,207.19
1545,234,PE,2023-11-30,delivered,电脑配件,203.54,16.99,220.53
1545,234,PE,2023-11-30,delivered,宠物用品,74.99,4.55,79.53999999999999
1545,234,PE,2023-11-30,delivered,宠物用品,134.98,21.64,156.62
1546,234,PE,2024-04-27,delivered,电子产品,796.67,59.03,855.6999999999999
1546,234,PE,2024-04-27,delivered,服饰,212.35,20.04,232.39
1547,234,PE,2023-08-07,delivered,家居家具,588.59,54.12,642.71
1547,234,PE,2023-08-07,delivered,电子产品,749.41,110.18,859.5899999999999
1547,234,PE,2023-08-07,delivered,厨具,183.8,20.47,204.27
1548,235,PE,2024-03-07,delivered,服饰,595.25,94.0,689.25
1548,235,PE,2024-03-07,delivered,运动休闲,85.82,5.75,91.57
1549,235,PE,2023-12-14,delivered,服饰,67.08,10.03,77.11
1549,235,PE,2023-12-14,delivered,宠物用品,351.22,24.4,375.62
1549,235,PE,2023-12-14,delivered,电子产品,543.11,93.02,636.13
1550,235,PE,2023-12-19,delivered,美妆健康,90.81,18.11,108.92
1551,235,PE,2023-10-21,delivered,运动休闲,613.69,74.86,688.5500000000001
1551,235,PE,2023-10-21,delivered,厨具,271.11,51.22,322.33000000000004
1551,235,PE,2023-10-21,delivered,厨具,686.96,100.12,787.08
1552,235,PE,2024-01-19,canceled,家居家具,620.53,42.88,663.41
1553,235,PE,2024-02-26,delivered,服饰,572.62,101.87,674.49
1554,235,PE,2024-03-14,delivered,电子产品,223.87,37.15,261.02
1554,235,PE,2024-03-14,delivered,服饰,186.37,14.72,201.09
1555,235,PE,2024-07-30,delivered,服饰,639.51,121.82,761.3299999999999
1555,235,PE,2024-07-30,delivered,服饰,363.67,30.46,394.13
1556,235,PE,2024-01-20,delivered,玩具,423.15,75.06,498.21
1556,235,PE,2024-01-20,delivered,电子产品,772.47,80.8,853.27
1557,235,PE,2024-05-16,delivered,美妆健康,485.76,29.14,514.9
1557,235,PE,2024-05-16,delivered,家居家具,626.59,101.42,728.01
1558,236,PE,2024-01-16,delivered,美妆健康,341.28,27.29,368.57
1559,236,PE,2024-11-29,delivered,运动休闲,489.35,79.23,568.58
1559,236,PE,2024-11-29,delivered,家居家具,778.1,109.34,887.44
1560,236,PE,2024-04-23,delivered,服饰,269.89,26.41,296.3
1561,236,PE,2023-05-10,delivered,宠物用品,565.15,48.37,613.52
1561,236,PE,2023-05-10,delivered,家居家具,534.59,58.5,593.09
1562,236,PE,2024-09-15,delivered,玩具,452.05,83.94,535.99
1562,236,PE,2024-09-15,delivered,家居家具,368.07,22.59,390.65999999999997
1562,236,PE,2024-09-15,delivered,玩具,375.52,24.67,400.19
1563,236,PE,2023-01-09,delivered,服饰,778.41,68.68,847.0899999999999
1563,236,PE,2023-01-09,delivered,玩具,130.29,23.81,154.1
1563,236,PE,2023-01-09,delivered,宠物用品,162.08,24.63,186.71
1564,236,PE,2024-08-29,delivered,家居家具,611.85,107.0,718.85
1564,236,PE,2024-08-29,delivered,服饰,587.71,71.13,658.84
1564,236,PE,2024-08-29,delivered,图书,588.04,57.4,645.4399999999999
1565,236,PE,2024-04-23,delivered,宠物用品,498.82,41.38,540.2
1566,236,PE,2024-11-06,delivered,图书,235.84,25.52,261.36
1567,236,PE,2024-08-14,delivered,玩具,397.71,58.62,456.33
1567,236,PE,2024-08-14,delivered,服饰,168.33,22.06,190.39000000000001
1567,236,PE,2024-08-14,delivered,美妆健康,242.59,44.71,287.3
1568,236,PE,2023-02-02,delivered,家居家具,156.26,11.96,168.22
1568,236,PE,2023-02-02,delivered,厨具,493.55,62.99,556.54
1569,237,RS,2023-09-03,delivered,图书,309.05,35.86,344.91
1570,238,RJ,2023-10-19,delivered,美妆健康,509.43,51.58,561.01
1570,238,RJ,2023-10-19,delivered,电子产品,140.71,7.12,147.83
1571,239,MG,2023-10-30,delivered,电脑配件,46.36,4.23,50.59
1571,239,MG,2023-10-30,delivered,玩具,78.07,4.18,82.25
1571,239,MG,2023-10-30,delivered,服饰,164.82,13.72,178.54
1572,239,MG,2023-01-25,delivered,服饰,135.08,23.73,158.81
1572,239,MG,2023-01-25,delivered,电脑配件,197.48,24.91,222.39
1573,239,MG,2024-04-26,canceled,运动休闲,645.48,55.37,700.85
1573,239,MG,2024-04-26,canceled,图书,187.72,24.34,212.06
1573,239,MG,2024-04-26,canceled,图书,298.8,37.87,336.67
1574,239,MG,2024-06-21,delivered,电脑配件,606.14,69.76,675.9
1574,239,MG,2024-06-21,delivered,服饰,401.54,66.11,467.65000000000003
1574,239,MG,2024-06-21,delivered,服饰,458.44,27.0,485.44
1575,239,MG,2023-10-23,delivered,运动休闲,69.22,7.17,76.39
1576,239,MG,2024-08-16,delivered,电脑配件,705.29,94.78,800.0699999999999
1576,239,MG,2024-08-16,delivered,图书,241.21,13.79,255.0
1577,239,MG,2024-09-29,delivered,服饰,165.92,23.62,189.54
1578,239,MG,2023-12-10,canceled,宠物用品,323.15,53.95,377.09999999999997
1579,239,MG,2024-05-19,canceled,厨具,487.98,42.26,530.24
1579,239,MG,2024-05-19,canceled,运动休闲,593.81,75.04,668.8499999999999
1580,239,MG,2023-05-02,delivered,服饰,271.53,53.97,325.5
1580,239,MG,2023-05-02,delivered,玩具,495.93,38.15,534.08
1581,239,MG,2024-04-02,delivered,宠物用品,120.84,8.6,129.44
1581,239,MG,2024-04-02,delivered,服饰,53.4,9.82,63.22
1582,239,MG,2024-12-30,delivered,运动休闲,288.88,49.31,338.19
1582,239,MG,2024-12-30,delivered,服饰,304.2,17.79,321.99
1582,239,MG,2024-12-30,delivered,玩具,529.05,82.91,611.9599999999999
1583,239,MG,2023-12-02,delivered,玩具,466.58,67.69,534.27
1583,239,MG,2023-12-02,delivered,厨具,410.03,55.5,465.53
1583,239,MG,2023-12-02,delivered,美妆健康,770.78,73.18,843.96
1584,239,MG,2023-04-11,delivered,运动休闲,273.04,35.93,308.97
1584,239,MG,2023-04-11,delivered,玩具,564.67,70.61,635.28
1585,240,RJ,2023-12-20,delivered,运动休闲,112.84,19.78,132.62
1586,241,PA,2023-08-29,delivered,家居家具,305.07,56.25,361.32
1587,242,PR,2023-09-27,delivered,宠物用品,299.09,28.9,327.98999999999995
1587,242,PR,2023-09-27,delivered,电子产品,649.57,126.57,776.1400000000001
1588,243,PA,2024-03-08,delivered,玩具,578.56,88.92,667.4799999999999
1589,244,RS,2024-12-14,delivered,运动休闲,313.45,24.63,338.08
1590,245,PE,2024-06-23,delivered,厨具,681.61,72.56,754.1700000000001
1590,245,PE,2024-06-23,delivered,电子产品,660.61,35.1,695.71
1590,245,PE,2024-06-23,delivered,电脑配件,684.37,125.94,810.31
1591,246,PA,2024-01-24,delivered,美妆健康,226.15,13.64,239.79000000000002
1591,246,PA,2024-01-24,delivered,厨具,780.44,60.44,840.8800000000001
1592,246,PA,2023-04-02,delivered,玩具,757.38,70.64,828.02
1592,246,PA,2023-04-02,delivered,家居家具,100.04,15.92,115.96000000000001
1593,246,PA,2023-03-21,delivered,运动休闲,717.66,77.16,794.8199999999999
1594,246,PA,2024-02-25,delivered,玩具,395.39,65.45,460.84
1595,246,PA,2023-11-16,delivered,厨具,494.55,92.04,586.59
1595,246,PA,2023-11-16,delivered,玩具,138.06,25.31,163.37
1595,246,PA,2023-11-16,delivered,服饰,687.34,68.4,755.74
1596,246,PA,2023-08-23,delivered,电脑配件,790.12,79.44,869.56
1596,246,PA,2023-08-23,delivered,图书,560.66,79.86,640.52
1597,246,PA,2023-08-15,canceled,玩具,662.07,117.95,780.0200000000001
1597,246,PA,2023-08-15,canceled,运动休闲,591.75,94.04,685.79
1598,246,PA,2024-10-05,delivered,运动休闲,738.23,47.06,785.29
1598,246,PA,2024-10-05,delivered,电子产品,164.26,23.73,187.98999999999998
1599,246,PA,2024-04-19,delivered,运动休闲,389.4,60.05,449.45
1600,246,PA,2024-12-28,delivered,厨具,240.91,19.25,260.15999999999997
1601,246,PA,2024-02-15,delivered,家居家具,163.71,27.72,191.43
1601,246,PA,2024-02-15,delivered,美妆健康,60.13,10.91,71.04
1601,246,PA,2024-02-15,delivered,服饰,596.58,95.0,691.58
1602,246,PA,2024-09-17,delivered,图书,516.59,82.79,599.38
1602,246,PA,2024-09-17,delivered,美妆健康,567.13,68.75,635.88
1603,246,PA,2024-12-07,delivered,电脑配件,583.42,61.2,644.62
1603,246,PA,2024-12-07,delivered,电子产品,419.99,65.29,485.28000000000003
1603,246,PA,2024-12-07,delivered,服饰,463.59,74.44,538.03
1604,246,PA,2024-08-18,delivered,玩具,432.78,52.63,485.40999999999997
1604,246,PA,2024-08-18,delivered,家居家具,651.51,96.96,748.47
1604,246,PA,2024-08-18,delivered,图书,671.25,107.56,778.81
1605,246,PA,2024-03-07,delivered,电子产品,416.95,81.68,498.63
1605,246,PA,2024-03-07,delivered,服饰,371.68,44.2,415.88
1605,246,PA,2024-03-07,delivered,运动休闲,465.22,58.28,523.5
1606,246,PA,2024-10-21,delivered,家居家具,259.57,49.81,309.38
1606,246,PA,2024-10-21,delivered,图书,392.13,50.0,442.13
1607,246,PA,2023-11-01,delivered,服饰,102.43,5.53,107.96000000000001
1607,246,PA,2023-11-01,delivered,运动休闲,652.43,43.42,695.8499999999999
1607,246,PA,2023-11-01,delivered,美妆健康,237.82,38.34,276.15999999999997
1608,246,PA,2023-11-03,canceled,厨具,278.32,40.87,319.19
1609,247,MG,2024-10-13,delivered,服饰,562.59,79.56,642.1500000000001
1609,247,MG,2024-10-13,delivered,运动休闲,492.79,37.56,530.35
1610,248,CE,2023-08-26,delivered,家居家具,265.23,38.64,303.87
1611,249,SP,2023-11-25,delivered,家居家具,407.79,58.88,466.67
1611,249,SP,2023-11-25,delivered,家居家具,436.28,43.01,479.28999999999996
1612,250,BA,2024-06-03,delivered,电子产品,203.96,34.05,238.01
1613,251,CE,2023-06-13,delivered,图书,446.09,60.92,507.01
1613,251,CE,2023-06-13,delivered,电子产品,130.03,14.18,144.21
1613,251,CE,2023-06-13,delivered,电子产品,564.8,64.83,629.63
1614,252,PR,2024-03-26,delivered,玩具,250.97,42.7,293.67
1614,252,PR,2024-03-26,delivered,宠物用品,376.21,44.98,421.19
1615,252,PR,2024-05-01,delivered,运动休闲,400.26,61.51,461.77
1616,252,PR,2024-08-15,delivered,玩具,499.22,33.69,532.9100000000001
1616,252,PR,2024-08-15,delivered,美妆健康,35.01,6.38,41.39
1617,252,PR,2024-10-01,delivered,电脑配件,520.6,94.99,615.59
1617,252,PR,2024-10-01,delivered,电子产品,110.74,7.13,117.86999999999999
1618,252,PR,2024-06-26,delivered,电子产品,303.5,47.12,350.62
1618,252,PR,2024-06-26,delivered,厨具,784.14,40.32,824.46
1619,252,PR,2024-12-11,delivered,厨具,442.45,72.06,514.51
1620,252,PR,2024-07-28,delivered,家居家具,499.9,77.19,577.0899999999999
1621,252,PR,2024-08-04,canceled,服饰,47.6,9.44,57.04
1621,252,PR,2024-08-04,canceled,运动休闲,344.19,61.61,405.8
1621,252,PR,2024-08-04,canceled,服饰,222.21,27.56,249.77
1622,252,PR,2023-12-10,delivered,美妆健康,423.17,51.78,474.95000000000005
1623,252,PR,2023-04-24,delivered,电脑配件,707.73,98.94,806.6700000000001
1623,252,PR,2023-04-24,delivered,宠物用品,350.58,43.97,394.54999999999995
1623,252,PR,2023-04-24,delivered,玩具,496.05,86.8,582.85
1624,252,PR,2024-12-15,canceled,美妆健康,85.93,10.76,96.69000000000001
1624,252,PR,2024-12-15,canceled,玩具,716.83,121.15,837.98
1624,252,PR,2024-12-15,canceled,电子产品,508.6,51.18,559.78
1625,252,PR,2024-11-22,delivered,玩具,526.57,86.64,613.21
1626,252,PR,2024-07-01,delivered,运动休闲,223.58,22.71,246.29000000000002
1626,252,PR,2024-07-01,delivered,玩具,616.96,60.94,677.9000000000001
1627,252,PR,2023-06-04,delivered,图书,233.13,43.57,276.7
1627,252,PR,2023-06-04,delivered,电子产品,396.86,52.86,449.72
1627,252,PR,2023-06-04,delivered,电子产品,369.21,23.05,392.26
1628,252,PR,2023-12-08,delivered,厨具,518.85,78.46,597.3100000000001
1629,252,PR,2023-12-25,canceled,运动休闲,104.44,8.99,113.42999999999999
1629,252,PR,2023-12-25,canceled,服饰,156.77,30.36,187.13
1629,252,PR,2023-12-25,canceled,玩具,400.18,37.74,437.92
1630,252,PR,2024-12-11,delivered,电子产品,289.24,29.26,318.5
1630,252,PR,2024-12-11,delivered,电脑配件,127.27,16.48,143.75
1631,252,PR,2024-11-26,delivered,运动休闲,315.42,58.27,373.69
1631,252,PR,2024-11-26,delivered,厨具,357.6,63.27,420.87
1632,252,PR,2024-05-06,delivered,电脑配件,328.26,23.7,351.96
1633,252,PR,2024-11-17,delivered,家居家具,498.53,69.96,568.49
1633,252,PR,2024-11-17,delivered,运动休闲,413.32,59.55,472.87
1633,252,PR,2024-11-17,delivered,服饰,326.42,24.76,351.18
1634,252,PR,2023-08-22,delivered,厨具,25.69,4.88,30.57
1634,252,PR,2023-08-22,delivered,运动休闲,637.97,68.61,706.58
1634,252,PR,2023-08-22,delivered,玩具,209.83,32.86,242.69
1635,252,PR,2023-05-18,delivered,图书,292.29,17.03,309.32000000000005
1635,252,PR,2023-05-18,delivered,电脑配件,369.85,51.26,421.11
1635,252,PR,2023-05-18,delivered,家居家具,528.89,94.71,623.6
1636,252,PR,2023-03-07,delivered,电子产品,220.84,38.63,259.47
1636,252,PR,2023-03-07,delivered,运动休闲,85.46,14.89,100.35
1637,252,PR,2024-12-23,delivered,家居家具,284.19,25.57,309.76
1638,252,PR,2024-04-06,canceled,家居家具,731.6,125.17,856.77
1638,252,PR,2024-04-06,canceled,玩具,605.56,111.99,717.55
1638,252,PR,2024-04-06,canceled,电脑配件,489.14,57.08,546.22
1639,252,PR,2023-10-21,delivered,厨具,536.94,83.84,620.7800000000001
1640,252,PR,2023-12-24,delivered,运动休闲,263.73,29.41,293.14000000000004
1640,252,PR,2023-12-24,delivered,家居家具,85.05,5.66,90.71
1641,252,PR,2024-07-03,delivered,服饰,190.11,16.65,206.76000000000002
1641,252,PR,2024-07-03,delivered,服饰,345.32,57.72,403.03999999999996
1642,252,PR,2023-12-04,delivered,家居家具,152.68,23.22,175.9
1642,252,PR,2023-12-04,delivered,宠物用品,608.62,33.28,641.9
1642,252,PR,2023-12-04,delivered,美妆健康,186.61,21.34,207.95000000000002
1643,252,PR,2024-11-22,delivered,电子产品,173.69,25.66,199.35
1643,252,PR,2024-11-22,delivered,玩具,770.39,47.29,817.68
1643,252,PR,2024-11-22,delivered,厨具,20.8,2.61,23.41
1644,252,PR,2024-12-13,delivered,玩具,254.51,40.16,294.66999999999996
1645,252,PR,2024-08-11,delivered,电子产品,452.66,51.82,504.48
1646,252,PR,2023-02-06,delivered,图书,416.58,34.58,451.15999999999997
1646,252,PR,2023-02-06,delivered,服饰,461.7,61.87,523.5699999999999
1647,252,PR,2023-10-31,delivered,玩具,659.95,55.61,715.5600000000001
1647,252,PR,2023-10-31,delivered,玩具,378.72,48.54,427.26000000000005
1647,252,PR,2023-10-31,delivered,电子产品,68.89,3.83,72.72
1648,252,PR,2024-08-14,delivered,图书,113.58,12.24,125.82
1649,252,PR,2023-04-30,delivered,电脑配件,364.53,61.59,426.12
1649,252,PR,2023-04-30,delivered,家居家具,625.49,89.77,715.26
1649,252,PR,2023-04-30,delivered,电脑配件,341.58,23.76,365.34
1650,252,PR,2024-01-27,delivered,家居家具,662.78,44.19,706.97
1651,252,PR,2024-04-12,delivered,服饰,405.54,62.83,468.37
1651,252,PR,2024-04-12,delivered,宠物用品,236.84,45.4,282.24
1652,252,PR,2024-01-25,delivered,图书,600.4,99.83,700.23
1653,252,PR,2024-11-28,delivered,图书,492.2,90.63,582.8299999999999
1653,252,PR,2024-11-28,delivered,运动休闲,699.51,89.41,788.92
1654,252,PR,2023-10-19,canceled,图书,729.25,41.77,771.02
1655,252,PR,2023-03-29,delivered,服饰,246.17,37.64,283.81
1655,252,PR,2023-03-29,delivered,电脑配件,234.48,25.47,259.95
1656,252,PR,2024-08-09,delivered,玩具,434.39,25.27,459.65999999999997
1657,252,PR,2023-12-18,delivered,电子产品,782.55,138.52,921.0699999999999
1657,252,PR,2023-12-18,delivered,服饰,678.1,129.99,808.09
1657,252,PR,2023-12-18,delivered,电子产品,509.92,55.2,565.12
1658,252,PR,2024-10-18,delivered,玩具,522.39,94.9,617.29
1658,252,PR,2024-10-18,delivered,厨具,36.26,4.15,40.41
1658,252,PR,2024-10-18,delivered,玩具,679.52,58.84,738.36
1659,252,PR,2023-12-17,delivered,服饰,244.91,30.21,275.12
1659,252,PR,2023-12-17,delivered,电脑配件,428.39,38.42,466.81
1660,252,PR,2024-04-10,delivered,美妆健康,677.49,124.8,802.29
1660,252,PR,2024-04-10,delivered,玩具,347.07,29.2,376.27
1661,252,PR,2024-05-31,delivered,服饰,728.86,102.43,831.29
1661,252,PR,2024-05-31,delivered,宠物用品,190.59,13.27,203.86
1661,252,PR,2024-05-31,delivered,厨具,74.04,12.37,86.41000000000001
1662,252,PR,2023-06-20,canceled,电脑配件,744.71,142.61,887.32
1662,252,PR,2023-06-20,canceled,玩具,422.71,47.56,470.27
1662,252,PR,2023-06-20,canceled,电脑配件,517.56,37.63,555.1899999999999
1663,252,PR,2023-09-19,delivered,图书,702.57,130.07,832.6400000000001
1664,252,PR,2023-07-06,delivered,运动休闲,584.01,50.64,634.65
1664,252,PR,2023-07-06,delivered,厨具,262.36,15.17,277.53000000000003
1665,252,PR,2024-03-05,delivered,家居家具,758.12,143.7,901.8199999999999
1666,252,PR,2024-11-12,delivered,图书,410.01,51.4,461.40999999999997
1667,253,MG,2023-01-30,delivered,玩具,688.47,95.1,783.57
1668,254,PA,2024-11-10,delivered,图书,104.19,10.84,115.03
1668,254,PA,2024-11-10,delivered,电子产品,590.2,95.31,685.51
1668,254,PA,2024-11-10,delivered,玩具,254.98,25.73,280.71
1669,255,CE,2023-04-01,delivered,电子产品,359.4,68.15,427.54999999999995
1669,255,CE,2023-04-01,delivered,美妆健康,515.95,90.17,606.12
1670,256,SP,2023-06-28,delivered,电子产品,187.23,10.01,197.23999999999998
1670,256,SP,2023-06-28,delivered,服饰,155.97,26.65,182.62
1671,257,CE,2023-12-08,delivered,电脑配件,460.19,57.16,517.35
1671,257,CE,2023-12-08,delivered,电子产品,739.92,68.29,808.2099999999999
1672,258,RS,2024-12-11,delivered,厨具,554.14,79.69,633.8299999999999
1672,258,RS,2024-12-11,delivered,运动休闲,146.78,10.99,157.77
1673,259,AM,2023-05-11,delivered,图书,181.86,23.39,205.25
1673,259,AM,2023-05-11,delivered,电子产品,411.0,77.08,488.08
1674,260,RJ,2023-03-07,canceled,家居家具,514.79,59.19,573.98
1674,260,RJ,2023-03-07,canceled,厨具,368.57,51.92,420.49
1675,261,PA,2024-01-09,delivered,运动休闲,125.16,17.53,142.69
1676,262,RS,2023-09-01,delivered,服饰,732.81,144.33,877.14
1677,262,RS,2024-05-17,delivered,电子产品,203.49,28.9,232.39000000000001
1678,262,RS,2023-06-12,delivered,电脑配件,799.49,76.79,876.28
1678,262,RS,2023-06-12,delivered,服饰,557.92,110.8,668.7199999999999
1678,262,RS,2023-06-12,delivered,玩具,657.42,69.55,726.9699999999999
1679,262,RS,2024-10-01,delivered,图书,461.42,65.64,527.0600000000001
1679,262,RS,2024-10-01,delivered,电脑配件,722.11,121.18,843.29
1679,262,RS,2024-10-01,delivered,家居家具,494.14,87.45,581.59
1680,262,RS,2023-11-10,delivered,运动休闲,478.22,37.48,515.7
1680,262,RS,2023-11-10,delivered,电脑配件,705.1,40.48,745.58
1680,262,RS,2023-11-10,delivered,运动休闲,480.21,73.31,553.52
1681,262,RS,2024-06-29,delivered,图书,301.5,57.96,359.46
1681,262,RS,2024-06-29,delivered,运动休闲,654.29,101.62,755.91
1681,262,RS,2024-06-29,delivered,家居家具,329.55,50.17,379.72
1682,262,RS,2023-07-26,delivered,厨具,450.58,70.54,521.12
1683,262,RS,2023-11-24,delivered,厨具,752.84,54.72,807.5600000000001
1683,262,RS,2023-11-24,delivered,家居家具,306.76,38.59,345.35
1683,262,RS,2023-11-24,delivered,家居家具,658.87,120.48,779.35
1684,262,RS,2023-09-13,delivered,运动休闲,660.33,85.65,745.98
1684,262,RS,2023-09-13,delivered,家居家具,171.59,19.12,190.71
1685,262,RS,2024-06-23,delivered,服饰,280.29,31.64,311.93
1685,262,RS,2024-06-23,delivered,服饰,106.54,10.37,116.91000000000001
1686,262,RS,2023-03-16,delivered,电脑配件,406.62,53.12,459.74
1686,262,RS,2023-03-16,delivered,宠物用品,793.51,56.89,850.4
1686,262,RS,2023-03-16,delivered,服饰,638.9,56.35,695.25
1687,262,RS,2023-08-22,delivered,图书,117.37,15.48,132.85
1687,262,RS,2023-08-22,delivered,服饰,224.21,42.51,266.72
1687,262,RS,2023-08-22,delivered,电脑配件,671.28,126.21,797.49
1688,262,RS,2024-11-01,delivered,运动休闲,406.7,77.72,484.41999999999996
1689,262,RS,2024-12-14,delivered,服饰,651.32,77.93,729.25
1690,262,RS,2024-11-20,delivered,玩具,482.87,78.66,561.53
1690,262,RS,2024-11-20,delivered,家居家具,61.67,11.9,73.57000000000001
1691,262,RS,2024-04-15,delivered,厨具,569.06,98.2,667.26
1692,262,RS,2023-06-15,delivered,厨具,496.41,80.32,576.73
1692,262,RS,2023-06-15,delivered,服饰,442.0,30.38,472.38
1692,262,RS,2023-06-15,delivered,玩具,292.59,41.18,333.77
1693,262,RS,2023-08-19,delivered,电子产品,601.44,44.08,645.5200000000001
1693,262,RS,2023-08-19,delivered,玩具,538.98,70.39,609.37
1694,262,RS,2024-01-17,delivered,电子产品,457.23,85.59,542.82
1694,262,RS,2024-01-17,delivered,宠物用品,789.46,103.15,892.61
1695,262,RS,2023-08-04,delivered,服饰,383.81,40.89,424.7
1695,262,RS,2023-08-04,delivered,服饰,594.96,93.2,688.1600000000001
1695,262,RS,2023-08-04,delivered,家居家具,501.4,60.87,562.27
1696,262,RS,2023-02-07,canceled,宠物用品,328.13,46.15,374.28
1696,262,RS,2023-02-07,canceled,厨具,348.85,32.36,381.21000000000004
1696,262,RS,2023-02-07,canceled,玩具,192.56,10.69,203.25
1697,262,RS,2024-01-04,delivered,服饰,710.4,115.75,826.15
1697,262,RS,2024-01-04,delivered,厨具,171.13,24.76,195.89
1697,262,RS,2024-01-04,delivered,电子产品,156.12,11.01,167.13
1698,262,RS,2023-09-23,delivered,电脑配件,679.92,117.13,797.05
1699,262,RS,2023-02-04,delivered,图书,543.3,54.79,598.0899999999999
1699,262,RS,2023-02-04,delivered,电脑配件,470.3,54.59,524.89
1699,262,RS,2023-02-04,delivered,美妆健康,657.28,54.59,711.87
1700,262,RS,2024-07-23,delivered,服饰,28.0,4.81,32.81
1701,262,RS,2024-09-05,delivered,家居家具,419.52,23.56,443.08
1701,262,RS,2024-09-05,delivered,电子产品,254.03,44.02,298.05
1701,262,RS,2024-09-05,delivered,厨具,288.99,51.25,340.24
1702,262,RS,2023-11-28,delivered,图书,548.71,92.89,641.6
1703,262,RS,2023-01-07,delivered,厨具,107.29,19.42,126.71000000000001
1703,262,RS,2023-01-07,delivered,玩具,360.8,68.86,429.66
1704,262,RS,2024-05-27,delivered,电子产品,378.31,55.63,433.94
1705,262,RS,2024-01-12,delivered,家居家具,206.46,25.43,231.89000000000001
1706,262,RS,2024-06-21,delivered,玩具,330.5,60.2,390.7
1707,262,RS,2023-11-02,delivered,玩具,317.83,61.55,379.38
1707,262,RS,2023-11-02,delivered,宠物用品,411.28,26.36,437.64
1708,262,RS,2023-04-23,canceled,运动休闲,339.68,66.45,406.13
1708,262,RS,2023-04-23,canceled,厨具,449.28,67.42,516.6999999999999
1709,262,RS,2024-05-21,delivered,厨具,189.48,15.93,205.41
1709,262,RS,2024-05-21,delivered,美妆健康,723.79,142.21,866.0
1709,262,RS,2024-05-21,delivered,美妆健康,769.38,123.2,892.58
1710,262,RS,2024-05-11,delivered,玩具,663.44,88.71,752.1500000000001
1710,262,RS,2024-05-11,delivered,服饰,741.15,111.09,852.24
1710,262,RS,2024-05-11,delivered,宠物用品,102.93,11.54,114.47
1711,262,RS,2023-10-13,delivered,电脑配件,775.8,62.7,838.5
1712,262,RS,2023-05-17,delivered,图书,56.1,10.44,66.54
1712,262,RS,2023-05-17,delivered,玩具,528.74,67.35,596.09
1713,262,RS,2024-04-23,delivered,玩具,84.44,8.64,93.08
1713,262,RS,2024-04-23,delivered,厨具,679.65,90.12,769.77
1714,262,RS,2024-06-05,delivered,家居家具,486.5,71.63,558.13
1715,262,RS,2024-09-01,delivered,服饰,726.11,126.97,853.08
1716,262,RS,2023-02-11,delivered,玩具,611.47,41.79,653.26
1716,262,RS,2023-02-11,delivered,电脑配件,280.12,27.61,307.73
1716,262,RS,2023-02-11,delivered,厨具,155.84,12.08,167.92000000000002
1717,262,RS,2023-04-25,canceled,电子产品,623.92,83.15,707.0699999999999
1717,262,RS,2023-04-25,canceled,家居家具,68.32,5.97,74.28999999999999
1718,262,RS,2024-09-22,delivered,电子产品,559.62,81.11,640.73
1718,262,RS,2024-09-22,delivered,图书,636.93,43.48,680.41
1718,262,RS,2024-09-22,delivered,宠物用品,613.36,43.91,657.27
1719,262,RS,2023-06-07,delivered,电子产品,59.87,3.59,63.459999999999994
1719,262,RS,2023-06-07,delivered,运动休闲,591.35,93.09,684.44
1720,262,RS,2024-08-17,delivered,家居家具,569.58,98.55,668.13
1721,262,RS,2024-04-11,delivered,电子产品,478.43,36.01,514.44
1721,262,RS,2024-04-11,delivered,运动休闲,555.03,58.04,613.0699999999999
1721,262,RS,2024-04-11,delivered,玩具,517.35,101.87,619.22
1722,262,RS,2023-08-15,delivered,电子产品,58.71,9.7,68.41
1722,262,RS,2023-08-15,delivered,玩具,310.9,55.95,366.84999999999997
1723,262,RS,2024-05-14,delivered,服饰,221.38,16.83,238.20999999999998
1723,262,RS,2024-05-14,delivered,运动休闲,176.79,29.86,206.64999999999998
1724,262,RS,2024-07-10,delivered,厨具,662.56,99.72,762.28
1725,262,RS,2024-04-12,delivered,美妆健康,224.02,29.21,253.23000000000002
1725,262,RS,2024-04-12,delivered,宠物用品,726.92,100.1,827.02
1725,262,RS,2024-04-12,delivered,运动休闲,128.72,19.26,147.98
1726,262,RS,2024-11-24,delivered,电子产品,741.82,45.78,787.6
1726,262,RS,2024-11-24,delivered,厨具,467.28,86.03,553.31
1726,262,RS,2024-11-24,delivered,图书,48.99,6.44,55.43
1727,262,RS,2024-11-29,delivered,运动休闲,155.08,30.64,185.72000000000003
1728,262,RS,2023-12-21,delivered,宠物用品,792.22,61.54,853.76
1729,262,RS,2024-03-12,delivered,家居家具,536.75,87.51,624.26
1729,262,RS,2024-03-12,delivered,服饰,504.31,77.85,582.16
1729,262,RS,2024-03-12,delivered,电脑配件,250.59,19.25,269.84000000000003
1730,262,RS,2024-12-10,delivered,电子产品,771.4,91.32,862.72
1730,262,RS,2024-12-10,delivered,电脑配件,718.07,53.9,771.97
1731,262,RS,2024-04-21,delivered,图书,352.85,28.39,381.24
1731,262,RS,2024-04-21,delivered,运动休闲,787.0,42.49,829.49
1731,262,RS,2024-04-21,delivered,电子产品,387.81,36.06,423.87
1732,262,RS,2024-09-10,delivered,电脑配件,82.26,4.5,86.76
1732,262,RS,2024-09-10,delivered,电脑配件,279.19,14.77,293.96
1732,262,RS,2024-09-10,delivered,服饰,414.19,80.71,494.9
1733,262,RS,2024-05-15,delivered,服饰,687.73,119.23,806.96
1733,262,RS,2024-05-15,delivered,美妆健康,255.2,28.93,284.13
1733,262,RS,2024-05-15,delivered,厨具,514.95,26.5,541.45
1734,262,RS,2024-01-02,delivered,服饰,256.96,21.82,278.78
1734,262,RS,2024-01-02,delivered,玩具,672.23,102.4,774.63
1735,262,RS,2023-02-18,delivered,服饰,418.54,82.66,501.20000000000005
1736,262,RS,2024-04-22,canceled,电子产品,605.17,91.89,697.06
1736,262,RS,2024-04-22,canceled,服饰,538.21,98.76,636.97
1737,262,RS,2024-09-02,delivered,玩具,197.27,14.22,211.49
1737,262,RS,2024-09-02,delivered,图书,716.28,38.03,754.31
1738,262,RS,2024-01-31,delivered,玩具,227.24,24.44,251.68
1738,262,RS,2024-01-31,delivered,美妆健康,475.43,65.17,540.6
1739,262,RS,2024-02-08,delivered,美妆健康,190.71,24.09,214.8
1740,262,RS,2024-06-19,delivered,电脑配件,38.46,7.33,45.79
1741,263,CE,2023-04-04,delivered,图书,427.03,85.22,512.25
1741,263,CE,2023-04-04,delivered,电子产品,681.52,80.43,761.95
1741,263,CE,2023-04-04,delivered,厨具,770.44,106.05,876.49
1742,264,PR,2024-11-04,delivered,宠物用品,795.78,109.82,905.5999999999999
1742,264,PR,2024-11-04,delivered,电脑配件,199.79,31.06,230.85
1742,264,PR,2024-11-04,delivered,玩具,694.48,62.56,757.04
1743,265,MG,2023-05-02,delivered,美妆健康,226.91,27.33,254.24
1743,265,MG,2023-05-02,delivered,美妆健康,787.06,153.0,940.06
1743,265,MG,2023-05-02,delivered,服饰,297.88,32.37,330.25
1744,266,PR,2024-09-18,delivered,服饰,434.38,40.45,474.83
1745,267,BA,2024-10-27,delivered,服饰,613.88,84.84,698.72
1745,267,BA,2024-10-27,delivered,宠物用品,269.55,20.83,290.38
1746,268,CE,2024-03-22,delivered,美妆健康,706.85,38.33,745.1800000000001
1746,268,CE,2024-03-22,delivered,图书,329.19,23.18,352.37
1746,268,CE,2024-03-22,delivered,厨具,641.6,97.74,739.34
1747,269,CE,2023-11-04,canceled,家居家具,339.59,25.58,365.16999999999996
1747,269,CE,2023-11-04,canceled,运动休闲,798.53,133.68,932.21
1747,269,CE,2023-11-04,canceled,服饰,779.42,90.69,870.1099999999999
1748,270,CE,2024-12-30,delivered,家居家具,79.42,6.81,86.23
1748,270,CE,2024-12-30,delivered,厨具,663.94,76.42,740.36
1749,271,PR,2024-10-09,delivered,玩具,224.7,39.63,264.33
1749,271,PR,2024-10-09,delivered,家居家具,503.38,98.1,601.48
1750,272,AM,2023-10-15,delivered,电脑配件,694.73,62.0,756.73
1751,273,BA,2024-12-01,delivered,家居家具,85.67,13.77,99.44
1752,274,DF,2023-11-28,delivered,厨具,46.08,4.36,50.44
1752,274,DF,2023-11-28,delivered,美妆健康,349.92,24.98,374.90000000000003
1752,274,DF,2023-11-28,delivered,电脑配件,555.83,65.79,621.62
1753,275,BA,2023-10-01,delivered,服饰,270.61,25.51,296.12
1753,275,BA,2023-10-01,delivered,家居家具,729.82,92.67,822.49
1753,275,BA,2023-10-01,delivered,运动休闲,371.64,38.12,409.76
1754,276,BA,2023-11-27,canceled,电子产品,225.69,18.4,244.09
1754,276,BA,2023-11-27,canceled,图书,316.81,32.41,349.22
1755,277,SC,2024-12-06,delivered,电脑配件,666.37,54.42,720.79
1755,277,SC,2024-12-06,delivered,电子产品,529.37,56.77,586.14
1756,278,PA,2024-10-17,delivered,宠物用品,472.49,49.25,521.74
1756,278,PA,2024-10-17,delivered,玩具,666.2,52.57,718.7700000000001
1757,279,BA,2024-06-16,delivered,玩具,132.75,22.06,154.81
1757,279,BA,2024-06-16,delivered,电脑配件,682.17,63.99,746.16
1757,279,BA,2024-06-16,delivered,宠物用品,719.19,78.07,797.26
1758,280,BA,2024-09-03,delivered,宠物用品,252.46,24.73,277.19
1758,280,BA,2024-09-03,delivered,美妆健康,147.48,21.69,169.17
1759,281,CE,2023-12-16,delivered,宠物用品,140.7,22.51,163.20999999999998
1759,281,CE,2023-12-16,delivered,服饰,163.08,10.13,173.21
1759,281,CE,2023-12-16,delivered,运动休闲,311.97,38.41,350.38
1760,282,PE,2024-09-16,delivered,厨具,48.88,3.09,51.97
1761,283,PR,2024-03-02,delivered,家居家具,62.84,8.01,70.85000000000001
1761,283,PR,2024-03-02,delivered,玩具,743.5,136.41,879.91
1761,283,PR,2024-03-02,delivered,厨具,192.12,11.48,203.6
1762,283,PR,2024-02-22,delivered,厨具,798.81,156.53,955.3399999999999
1763,283,PR,2023-11-10,delivered,宠物用品,204.42,36.56,240.98
1763,283,PR,2023-11-10,delivered,美妆健康,772.26,83.33,855.59
1764,283,PR,2024-02-27,delivered,玩具,532.14,100.53,632.67
1764,283,PR,2024-02-27,delivered,服饰,472.57,72.51,545.08
1765,283,PR,2024-02-19,delivered,运动休闲,262.43,15.37,277.8
1766,283,PR,2023-09-28,canceled,厨具,706.43,114.6,821.03
1766,283,PR,2023-09-28,canceled,家居家具,549.32,55.65,604.97
1767,283,PR,2024-10-16,delivered,图书,555.2,81.15,636.35
1767,283,PR,2024-10-16,delivered,美妆健康,203.74,11.37,215.11
1768,283,PR,2023-08-07,delivered,美妆健康,216.94,11.32,228.26
1769,283,PR,2024-11-09,delivered,运动休闲,518.0,90.02,608.02
1769,283,PR,2024-11-09,delivered,玩具,53.39,7.98,61.370000000000005
1769,283,PR,2024-11-09,delivered,家居家具,70.72,8.41,79.13
1770,283,PR,2023-08-25,delivered,电脑配件,520.12,52.81,572.9300000000001
1770,283,PR,2023-08-25,delivered,玩具,218.48,42.74,261.21999999999997
1770,283,PR,2023-08-25,delivered,电子产品,195.84,25.06,220.9
1771,283,PR,2023-05-12,delivered,电子产品,651.78,34.59,686.37
1771,283,PR,2023-05-12,delivered,家居家具,694.95,82.66,777.61
1771,283,PR,2023-05-12,delivered,厨具,53.88,7.14,61.02
1772,283,PR,2023-11-28,delivered,电脑配件,790.26,57.46,847.72
1772,283,PR,2023-11-28,delivered,运动休闲,706.3,131.05,837.3499999999999
1772,283,PR,2023-11-28,delivered,服饰,679.76,79.23,758.99
1773,283,PR,2023-12-16,delivered,图书,174.63,27.38,202.01
1773,283,PR,2023-12-16,delivered,运动休闲,187.38,14.71,202.09
1774,283,PR,2024-02-15,delivered,美妆健康,414.04,66.3,480.34000000000003
1774,283,PR,2024-02-15,delivered,厨具,372.94,63.89,436.83
1774,283,PR,2024-02-15,delivered,电子产品,397.24,29.62,426.86
1775,283,PR,2024-03-31,delivered,服饰,243.4,31.64,275.04
1775,283,PR,2024-03-31,delivered,电子产品,300.81,44.08,344.89
1775,283,PR,2024-03-31,delivered,厨具,797.78,137.16,934.9399999999999
1776,283,PR,2023-06-23,delivered,图书,223.18,13.74,236.92000000000002
1776,283,PR,2023-06-23,delivered,电子产品,616.07,102.14,718.21
1776,283,PR,2023-06-23,delivered,玩具,649.3,84.12,733.42
1777,283,PR,2024-11-09,canceled,玩具,118.72,7.32,126.03999999999999
1777,283,PR,2024-11-09,canceled,电子产品,449.82,86.82,536.64
1778,283,PR,2024-07-26,delivered,图书,599.44,118.74,718.1800000000001
1778,283,PR,2024-07-26,delivered,图书,500.89,66.85,567.74
1778,283,PR,2024-07-26,delivered,厨具,560.39,95.29,655.68
1779,283,PR,2023-12-02,delivered,运动休闲,677.6,57.85,735.45
1780,283,PR,2023-06-17,delivered,电脑配件,32.94,6.2,39.14
1780,283,PR,2023-06-17,delivered,宠物用品,287.26,46.16,333.41999999999996
1780,283,PR,2023-06-17,delivered,电脑配件,293.42,54.42,347.84000000000003
1781,283,PR,2024-12-12,delivered,图书,47.63,5.6,53.230000000000004
1782,283,PR,2024-12-01,delivered,厨具,646.93,112.11,759.04
1782,283,PR,2024-12-01,delivered,厨具,319.39,45.62,365.01
1783,283,PR,2023-07-07,delivered,电脑配件,548.23,93.15,641.38
1783,283,PR,2023-07-07,delivered,服饰,272.22,44.56,316.78000000000003
1783,283,PR,2023-07-07,delivered,玩具,208.48,37.15,245.63
1784,283,PR,2024-04-30,delivered,图书,663.74,58.48,722.22
1785,283,PR,2024-08-15,delivered,厨具,467.85,29.95,497.8
1785,283,PR,2024-08-15,delivered,电子产品,697.14,69.5,766.64
1785,283,PR,2024-08-15,delivered,厨具,696.93,129.97,826.9
1786,283,PR,2023-11-18,delivered,家居家具,386.84,52.96,439.79999999999995
1786,283,PR,2023-11-18,delivered,家居家具,43.74,2.93,46.67
1786,283,PR,2023-11-18,delivered,电脑配件,341.66,55.76,397.42
1787,283,PR,2024-09-14,delivered,玩具,335.99,55.37,391.36
1787,283,PR,2024-09-14,delivered,玩具,24.9,4.1,29.0
1787,283,PR,2024-09-14,delivered,美妆健康,364.48,48.45,412.93
1788,283,PR,2023-05-10,delivered,宠物用品,141.15,11.3,152.45000000000002
1789,283,PR,2024-11-14,delivered,运动休闲,604.59,71.99,676.58
1790,283,PR,2023-05-08,delivered,电脑配件,58.99,10.59,69.58
1790,283,PR,2023-05-08,delivered,运动休闲,66.92,5.59,72.51
1790,283,PR,2023-05-08,delivered,运动休闲,178.13,14.74,192.87
1791,283,PR,2023-08-25,delivered,运动休闲,408.96,77.2,486.15999999999997
1791,283,PR,2023-08-25,delivered,家居家具,121.13,18.31,139.44
1791,283,PR,2023-08-25,delivered,运动休闲,658.76,87.43,746.19
1792,283,PR,2023-12-13,delivered,厨具,142.04,25.65,167.69
1793,283,PR,2024-05-31,delivered,电子产品,268.6,50.27,318.87
1793,283,PR,2024-05-31,delivered,服饰,712.35,134.23,846.58
1793,283,PR,2024-05-31,delivered,运动休闲,763.89,139.52,903.41
1794,283,PR,2023-07-18,delivered,家居家具,544.95,68.53,613.48
1794,283,PR,2023-07-18,delivered,厨具,484.72,40.53,525.25
1795,283,PR,2024-03-17,delivered,图书,162.19,13.22,175.41
1795,283,PR,2024-03-17,delivered,电子产品,185.31,20.56,205.87
1796,283,PR,2024-01-16,delivered,服饰,329.81,60.21,390.02
1796,283,PR,2024-01-16,delivered,宠物用品,311.96,31.98,343.94
1797,283,PR,2023-09-13,delivered,玩具,204.82,16.7,221.51999999999998
1797,283,PR,2023-09-13,delivered,宠物用品,264.75,35.41,300.15999999999997
1798,283,PR,2023-05-22,delivered,运动休闲,746.19,137.38,883.57
1799,283,PR,2024-03-05,delivered,服饰,79.1,15.55,94.64999999999999
1799,283,PR,2024-03-05,delivered,运动休闲,769.25,86.74,855.99
1800,283,PR,2024-11-12,delivered,家居家具,55.05,7.51,62.559999999999995
1800,283,PR,2024-11-12,delivered,服饰,279.07,25.2,304.27
1801,283,PR,2024-03-14,delivered,电子产品,759.16,143.26,902.42
1801,283,PR,2024-03-14,delivered,美妆健康,539.83,49.73,589.5600000000001
1802,283,PR,2024-11-15,delivered,美妆健康,790.59,75.14,865.73
1802,283,PR,2024-11-15,delivered,宠物用品,623.27,103.46,726.73
1802,283,PR,2024-11-15,delivered,宠物用品,755.13,69.38,824.51
1803,283,PR,2023-12-11,delivered,电脑配件,395.23,71.77,467.0
1804,283,PR,2023-12-21,delivered,服饰,609.44,40.62,650.0600000000001
1805,283,PR,2023-10-14,delivered,运动休闲,620.1,51.7,671.8000000000001
1806,284,PA,2024-02-20,delivered,家居家具,786.38,143.41,929.79
1807,284,PA,2023-12-30,delivered,家居家具,355.62,63.98,419.6
1807,284,PA,2023-12-30,delivered,服饰,796.61,155.34,951.95
1807,284,PA,2023-12-30,delivered,运动休闲,530.07,90.3,620.37
1808,284,PA,2023-04-18,delivered,厨具,168.43,30.01,198.44
1808,284,PA,2023-04-18,delivered,家居家具,582.17,68.48,650.65
1808,284,PA,2023-04-18,delivered,图书,172.79,30.38,203.17
1809,284,PA,2024-11-24,delivered,图书,439.85,82.65,522.5
1809,284,PA,2024-11-24,delivered,美妆健康,154.42,17.31,171.73
1809,284,PA,2024-11-24,delivered,玩具,702.15,89.63,791.78
1810,284,PA,2024-03-22,canceled,服饰,538.59,79.1,617.69
1810,284,PA,2024-03-22,canceled,运动休闲,633.01,100.55,733.56
1811,284,PA,2023-06-10,delivered,玩具,170.23,30.69,200.92
1812,284,PA,2024-03-16,delivered,电子产品,381.21,30.05,411.26
1812,284,PA,2024-03-16,delivered,美妆健康,104.53,16.42,120.95
1813,284,PA,2023-06-16,delivered,电子产品,238.98,32.91,271.89
1814,284,PA,2024-08-07,delivered,玩具,785.97,64.41,850.38
1814,284,PA,2024-08-07,delivered,电子产品,430.35,85.83,516.1800000000001
1814,284,PA,2024-08-07,delivered,服饰,28.24,5.25,33.489999999999995
1815,284,PA,2023-10-14,delivered,电脑配件,634.75,115.41,750.16
1815,284,PA,2023-10-14,delivered,运动休闲,543.27,55.97,599.24
1815,284,PA,2023-10-14,delivered,电子产品,405.55,35.11,440.66
1816,284,PA,2024-05-17,delivered,电脑配件,73.67,9.79,83.46000000000001
1817,284,PA,2024-01-15,canceled,图书,25.46,3.97,29.43
1817,284,PA,2024-01-15,canceled,宠物用品,351.21,46.3,397.51
1818,284,PA,2023-03-11,canceled,美妆健康,744.3,113.63,857.93
1818,284,PA,2023-03-11,canceled,电脑配件,188.8,32.76,221.56
1818,284,PA,2023-03-11,canceled,家居家具,544.41,27.95,572.36
1819,284,PA,2023-05-13,delivered,运动休闲,266.35,40.89,307.24
1819,284,PA,2023-05-13,delivered,电脑配件,788.64,70.67,859.31
1820,284,PA,2024-09-23,delivered,服饰,717.47,108.26,825.73
1821,284,PA,2024-01-24,delivered,玩具,157.96,16.16,174.12
1822,284,PA,2024-12-22,delivered,家居家具,644.21,39.54,683.75
1823,284,PA,2024-05-06,delivered,运动休闲,186.13,31.79,217.92
1824,284,PA,2023-09-14,delivered,宠物用品,449.56,67.14,516.7
1825,284,PA,2024-03-30,delivered,电子产品,409.11,48.04,457.15000000000003
1825,284,PA,2024-03-30,delivered,运动休闲,356.2,36.56,392.76
1826,284,PA,2024-05-24,delivered,玩具,721.1,52.27,773.37
1827,284,PA,2024-08-10,delivered,宠物用品,188.23,14.89,203.12
1827,284,PA,2024-08-10,delivered,电脑配件,553.74,47.1,600.84
1828,284,PA,2024-12-10,canceled,电子产品,586.45,86.85,673.3000000000001
1828,284,PA,2024-12-10,canceled,厨具,411.76,75.47,487.23
1829,285,SP,2024-08-28,delivered,玩具,545.49,46.35,591.84
1830,286,SP,2024-11-16,delivered,美妆健康,242.0,31.77,273.77
1830,286,SP,2024-11-16,delivered,电子产品,714.34,40.46,754.8000000000001
1831,287,RS,2024-08-28,delivered,厨具,90.39,13.87,104.26
1832,288,PE,2023-09-21,delivered,电脑配件,189.18,25.43,214.61
1832,288,PE,2023-09-21,delivered,电脑配件,625.87,65.14,691.01
1832,288,PE,2023-09-21,delivered,电子产品,522.34,43.7,566.0400000000001
1833,289,RS,2023-11-01,delivered,家居家具,626.0,122.19,748.19
1834,290,BA,2024-07-05,delivered,服饰,720.25,96.65,816.9
1834,290,BA,2024-07-05,delivered,电脑配件,302.97,20.93,323.90000000000003
1834,290,BA,2024-07-05,delivered,服饰,536.19,54.75,590.94
1835,291,PA,2023-02-23,delivered,运动休闲,647.33,104.96,752.2900000000001
1835,291,PA,2023-02-23,delivered,家居家具,133.02,24.61,157.63
1836,292,DF,2024-11-27,delivered,玩具,675.09,51.04,726.13
1837,293,PR,2024-09-11,delivered,玩具,411.22,45.59,456.81000000000006
1837,293,PR,2024-09-11,delivered,厨具,170.07,30.62,200.69
1838,294,PE,2023-12-12,delivered,厨具,500.37,82.6,582.97
1838,294,PE,2023-12-12,delivered,电脑配件,146.07,13.1,159.17
1839,295,PA,2023-12-23,delivered,美妆健康,623.71,42.05,665.76
1839,295,PA,2023-12-23,delivered,服饰,799.18,88.9,888.0799999999999
1840,295,PA,2024-11-09,delivered,家居家具,536.42,40.2,576.62
1840,295,PA,2024-11-09,delivered,厨具,128.1,23.93,152.03
1840,295,PA,2024-11-09,delivered,玩具,49.2,3.97,53.17
1841,295,PA,2024-02-25,delivered,电子产品,77.25,6.19,83.44
1841,295,PA,2024-02-25,delivered,服饰,172.58,32.16,204.74
1841,295,PA,2024-02-25,delivered,运动休闲,215.88,11.58,227.46
1842,295,PA,2024-07-12,delivered,电子产品,63.6,11.94,75.54
1842,295,PA,2024-07-12,delivered,电子产品,481.62,75.44,557.06
1843,295,PA,2024-03-13,delivered,厨具,325.53,26.04,351.57
1844,295,PA,2024-03-25,delivered,服饰,434.25,82.43,516.6800000000001
1844,295,PA,2024-03-25,delivered,厨具,183.35,14.15,197.5
1844,295,PA,2024-03-25,delivered,服饰,699.05,137.19,836.24
1845,295,PA,2023-07-08,delivered,美妆健康,566.8,54.8,621.5999999999999
1846,295,PA,2024-05-27,delivered,厨具,304.75,36.08,340.83
1846,295,PA,2024-05-27,delivered,服饰,237.82,26.11,263.93
1847,295,PA,2023-03-04,delivered,厨具,92.23,16.64,108.87
1847,295,PA,2023-03-04,delivered,玩具,340.92,35.49,376.41
1848,295,PA,2024-05-07,delivered,服饰,351.18,32.23,383.41
1849,295,PA,2023-12-09,delivered,厨具,163.52,18.9,182.42000000000002
1850,295,PA,2024-10-19,delivered,图书,104.53,7.25,111.78
1850,295,PA,2024-10-19,delivered,电脑配件,521.99,86.72,608.71
1850,295,PA,2024-10-19,delivered,服饰,563.5,97.77,661.27
1851,295,PA,2024-07-24,delivered,玩具,228.68,26.96,255.64000000000001
1851,295,PA,2024-07-24,delivered,图书,552.09,62.29,614.38
1852,295,PA,2024-09-01,delivered,电脑配件,396.03,39.6,435.63
1853,295,PA,2024-05-08,canceled,美妆健康,784.87,119.67,904.54
1853,295,PA,2024-05-08,canceled,运动休闲,477.12,63.09,540.21
1853,295,PA,2024-05-08,canceled,家居家具,212.28,25.19,237.47
1854,295,PA,2023-03-20,delivered,服饰,173.96,33.78,207.74
1855,295,PA,2023-09-30,delivered,家居家具,260.03,33.69,293.71999999999997
1855,295,PA,2023-09-30,delivered,玩具,515.97,47.41,563.38
1856,295,PA,2024-02-08,delivered,图书,749.55,142.21,891.76
1856,295,PA,2024-02-08,delivered,玩具,95.71,16.46,112.16999999999999
1857,295,PA,2023-09-12,delivered,运动休闲,422.28,64.2,486.47999999999996
1858,295,PA,2024-10-15,delivered,服饰,480.09,61.99,542.0799999999999
1859,295,PA,2024-12-28,delivered,玩具,670.62,69.38,740.0
1859,295,PA,2024-12-28,delivered,运动休闲,167.04,29.52,196.56
1859,295,PA,2024-12-28,delivered,电脑配件,306.32,17.46,323.78
1860,295,PA,2024-09-30,delivered,厨具,799.4,133.71,933.11
1860,295,PA,2024-09-30,delivered,宠物用品,745.85,66.83,812.6800000000001
1861,295,PA,2024-07-15,delivered,电子产品,239.84,23.08,262.92
1861,295,PA,2024-07-15,delivered,图书,152.47,23.57,176.04
1861,295,PA,2024-07-15,delivered,运动休闲,376.06,67.14,443.2
1862,295,PA,2023-06-07,delivered,运动休闲,325.64,22.17,347.81
1862,295,PA,2023-06-07,delivered,宠物用品,515.47,76.37,591.84
1863,295,PA,2023-02-23,delivered,电子产品,633.59,60.98,694.57
1863,295,PA,2023-02-23,delivered,电脑配件,571.03,63.7,634.73
1864,295,PA,2023-11-15,delivered,家居家具,268.0,21.23,289.23
1864,295,PA,2023-11-15,delivered,服饰,340.81,35.43,376.24
1865,295,PA,2024-07-03,delivered,家居家具,341.12,42.01,383.13
1865,295,PA,2024-07-03,delivered,运动休闲,798.4,124.41,922.81
1865,295,PA,2024-07-03,delivered,家居家具,738.4,104.78,843.18
1866,295,PA,2024-07-19,delivered,厨具,718.38,41.83,760.21
1866,295,PA,2024-07-19,delivered,家居家具,55.61,2.97,58.58
1866,295,PA,2024-07-19,delivered,玩具,37.0,5.85,42.85
1867,295,PA,2023-06-26,delivered,服饰,283.46,51.83,335.28999999999996
1868,295,PA,2024-11-28,delivered,玩具,551.55,78.07,629.6199999999999
1868,295,PA,2024-11-28,delivered,电子产品,321.4,23.12,344.52
1869,295,PA,2023-12-28,delivered,厨具,286.12,48.84,334.96000000000004
1870,295,PA,2024-09-30,delivered,电子产品,366.76,62.8,429.56
1870,295,PA,2024-09-30,delivered,玩具,307.19,38.35,345.54
1870,295,PA,2024-09-30,delivered,玩具,129.36,24.95,154.31
1871,295,PA,2024-08-14,delivered,图书,581.18,112.94,694.1199999999999
1872,295,PA,2024-08-27,delivered,美妆健康,727.29,137.65,864.9399999999999
1872,295,PA,2024-08-27,delivered,玩具,425.57,55.9,481.46999999999997
1872,295,PA,2024-08-27,delivered,图书,101.31,18.81,120.12
1873,295,PA,2023-12-31,delivered,图书,490.82,51.79,542.61
1873,295,PA,2023-12-31,delivered,家居家具,586.73,88.35,675.08
1874,295,PA,2024-10-15,delivered,电子产品,633.09,41.45,674.5400000000001
1874,295,PA,2024-10-15,delivered,电子产品,558.99,43.0,601.99
1875,295,PA,2024-04-24,delivered,玩具,342.63,26.34,368.96999999999997
1875,295,PA,2024-04-24,delivered,电脑配件,124.97,10.83,135.8
1876,295,PA,2024-06-15,delivered,宠物用品,710.21,88.05,798.26
1876,295,PA,2024-06-15,delivered,电脑配件,580.23,82.7,662.9300000000001
1876,295,PA,2024-06-15,delivered,电子产品,775.51,154.01,929.52
1877,295,PA,2024-12-08,delivered,服饰,659.36,50.13,709.49
1877,295,PA,2024-12-08,delivered,厨具,273.14,37.83,310.96999999999997
1878,295,PA,2024-04-29,delivered,家居家具,473.32,89.37,562.69
1879,295,PA,2024-03-11,delivered,家居家具,610.37,54.32,664.69
1879,295,PA,2024-03-11,delivered,服饰,761.16,139.64,900.8
1880,295,PA,2024-06-09,delivered,电脑配件,479.36,95.78,575.14
1880,295,PA,2024-06-09,delivered,厨具,174.74,31.66,206.4
1880,295,PA,2024-06-09,delivered,电脑配件,794.8,67.91,862.7099999999999
1881,295,PA,2023-11-04,delivered,美妆健康,527.9,83.61,611.51
1882,295,PA,2023-05-06,delivered,玩具,574.13,42.83,616.96
1882,295,PA,2023-05-06,delivered,图书,758.55,147.8,906.3499999999999
1883,295,PA,2023-02-14,delivered,家居家具,473.87,42.56,516.4300000000001
1883,295,PA,2023-02-14,delivered,厨具,437.98,36.09,474.07000000000005
1884,295,PA,2024-03-24,delivered,运动休闲,158.96,19.49,178.45000000000002
1884,295,PA,2024-03-24,delivered,美妆健康,724.59,105.86,830.45
1884,295,PA,2024-03-24,delivered,图书,508.02,25.61,533.63
1885,295,PA,2024-03-30,delivered,服饰,255.59,22.24,277.83
1886,295,PA,2024-12-15,delivered,服饰,120.41,6.62,127.03
1886,295,PA,2024-12-15,delivered,服饰,307.02,25.54,332.56
1887,295,PA,2024-09-14,delivered,电脑配件,645.03,53.49,698.52
1888,295,PA,2024-05-15,delivered,服饰,343.78,43.29,387.07
1888,295,PA,2024-05-15,delivered,电脑配件,70.71,4.33,75.03999999999999
1888,295,PA,2024-05-15,delivered,电脑配件,104.45,16.09,120.54
1889,295,PA,2023-01-26,delivered,厨具,442.16,47.11,489.27000000000004
1890,295,PA,2023-07-04,delivered,电子产品,387.97,36.23,424.20000000000005
1891,295,PA,2024-11-02,delivered,电脑配件,304.77,16.69,321.46
1892,295,PA,2024-11-20,delivered,家居家具,747.23,69.26,816.49
1892,295,PA,2024-11-20,delivered,服饰,677.12,51.99,729.11
1892,295,PA,2024-11-20,delivered,服饰,491.62,86.33,577.95
1893,295,PA,2023-05-31,delivered,家居家具,232.32,35.89,268.21
1894,295,PA,2024-06-18,delivered,图书,363.75,50.5,414.25
1894,295,PA,2024-06-18,delivered,玩具,796.9,59.19,856.0899999999999
1895,295,PA,2023-11-11,delivered,玩具,412.88,62.52,475.4
1896,295,PA,2024-09-07,delivered,家居家具,75.31,4.26,79.57000000000001
1896,295,PA,2024-09-07,delivered,家居家具,84.81,8.85,93.66
1897,295,PA,2024-12-25,delivered,服饰,216.27,31.1,247.37
1898,295,PA,2024-07-14,delivered,服饰,21.62,2.73,24.35
1898,295,PA,2024-07-14,delivered,家居家具,686.35,116.67,803.02
1898,295,PA,2024-07-14,delivered,服饰,175.53,15.18,190.71
1899,295,PA,2023-10-27,delivered,服饰,258.07,27.1,285.17
1899,295,PA,2023-10-27,delivered,美妆健康,55.92,8.07,63.99
1900,295,PA,2023-01-06,delivered,运动休闲,588.35,88.76,677.11
1900,295,PA,2023-01-06,delivered,玩具,207.9,10.46,218.36
1901,296,PR,2024-07-19,delivered,厨具,521.01,92.62,613.63
1902,297,PR,2024-04-02,delivered,电子产品,625.51,81.43,706.94
1903,297,PR,2023-03-05,delivered,服饰,735.82,101.64,837.46
1903,297,PR,2023-03-05,delivered,电脑配件,135.41,21.94,157.35
1904,297,PR,2023-03-19,delivered,图书,577.51,75.01,652.52
1904,297,PR,2023-03-19,delivered,宠物用品,278.46,25.64,304.09999999999997
1905,297,PR,2024-09-11,delivered,玩具,499.55,54.12,553.67
1905,297,PR,2024-09-11,delivered,服饰,485.56,96.36,581.92
1905,297,PR,2024-09-11,delivered,图书,647.51,66.63,714.14
1906,297,PR,2024-07-15,delivered,图书,176.91,31.25,208.16
1906,297,PR,2024-07-15,delivered,服饰,708.2,37.65,745.85
1907,297,PR,2023-04-21,delivered,图书,234.01,41.19,275.2
1908,297,PR,2024-12-18,delivered,电子产品,715.73,128.44,844.1700000000001
1908,297,PR,2024-12-18,delivered,图书,739.47,134.22,873.69
1908,297,PR,2024-12-18,delivered,家居家具,562.54,45.89,608.43
1909,297,PR,2023-11-15,delivered,电子产品,596.54,98.38,694.92
1909,297,PR,2023-11-15,delivered,玩具,423.16,72.81,495.97
1910,297,PR,2024-12-22,delivered,厨具,324.44,22.11,346.55
1910,297,PR,2024-12-22,delivered,厨具,222.54,12.03,234.57
1910,297,PR,2024-12-22,delivered,图书,588.4,62.83,651.23
1911,297,PR,2024-09-28,delivered,厨具,597.47,90.23,687.7
1912,297,PR,2024-03-30,delivered,玩具,528.57,95.27,623.84
1913,297,PR,2023-09-01,delivered,玩具,376.76,23.29,400.05
1913,297,PR,2023-09-01,delivered,服饰,517.5,52.6,570.1
1914,297,PR,2023-01-03,delivered,运动休闲,782.95,49.45,832.4000000000001
1914,297,PR,2023-01-03,delivered,厨具,219.97,38.54,258.51
1915,297,PR,2024-04-08,delivered,厨具,387.21,20.69,407.9
1915,297,PR,2024-04-08,delivered,运动休闲,65.6,9.9,75.5
1916,297,PR,2024-11-13,delivered,运动休闲,95.73,16.11,111.84
1917,297,PR,2024-01-25,delivered,玩具,649.65,111.39,761.04
1917,297,PR,2024-01-25,delivered,图书,135.3,15.08,150.38000000000002
1917,297,PR,2024-01-25,delivered,电脑配件,754.41,100.82,855.23
1918,297,PR,2023-08-30,delivered,运动休闲,241.87,14.04,255.91
1918,297,PR,2023-08-30,delivered,家居家具,284.58,19.4,303.97999999999996
1918,297,PR,2023-08-30,delivered,服饰,114.09,16.24,130.33
1919,297,PR,2024-10-29,delivered,厨具,628.5,35.58,664.08
1919,297,PR,2024-10-29,delivered,运动休闲,332.47,57.83,390.3
1919,297,PR,2024-10-29,delivered,宠物用品,466.4,71.63,538.03
1920,297,PR,2024-10-15,canceled,运动休闲,565.26,78.45,643.71
1921,297,PR,2023-06-02,delivered,服饰,172.34,31.24,203.58
1922,297,PR,2023-05-09,delivered,服饰,265.34,51.12,316.46
1923,297,PR,2024-11-15,delivered,运动休闲,122.01,12.88,134.89000000000001
1923,297,PR,2024-11-15,delivered,电脑配件,435.86,60.19,496.05
1923,297,PR,2024-11-15,delivered,玩具,441.13,65.47,506.6
1924,297,PR,2024-09-03,delivered,运动休闲,670.27,43.88,714.15
1924,297,PR,2024-09-03,delivered,电脑配件,466.53,67.08,533.61
1925,297,PR,2024-08-11,delivered,宠物用品,83.87,7.26,91.13000000000001
1926,297,PR,2024-08-03,delivered,美妆健康,289.05,56.69,345.74
1926,297,PR,2024-08-03,delivered,服饰,280.03,23.3,303.33
1926,297,PR,2024-08-03,delivered,运动休闲,258.76,32.91,291.66999999999996
1927,297,PR,2023-03-16,delivered,服饰,52.77,9.56,62.330000000000005
1927,297,PR,2023-03-16,delivered,家居家具,484.68,90.13,574.81
1928,297,PR,2024-08-07,delivered,服饰,789.59,110.93,900.52
1928,297,PR,2024-08-07,delivered,电子产品,43.04,4.11,47.15
1928,297,PR,2024-08-07,delivered,家居家具,628.08,42.08,670.1600000000001
1929,297,PR,2024-09-13,canceled,运动休闲,65.06,11.93,76.99000000000001
1929,297,PR,2024-09-13,canceled,玩具,274.34,36.96,311.29999999999995
1929,297,PR,2024-09-13,canceled,服饰,702.83,97.9,800.73
1930,297,PR,2024-11-19,delivered,服饰,46.49,5.33,51.82
1930,297,PR,2024-11-19,delivered,玩具,496.75,32.46,529.21
1931,297,PR,2024-04-23,delivered,电子产品,46.44,6.48,52.92
1932,297,PR,2023-04-20,delivered,电脑配件,168.54,19.98,188.51999999999998
1932,297,PR,2023-04-20,delivered,玩具,397.06,59.41,456.47
1932,297,PR,2023-04-20,delivered,电脑配件,590.59,69.55,660.14
1933,297,PR,2023-06-09,delivered,宠物用品,164.18,21.25,185.43
1933,297,PR,2023-06-09,delivered,电脑配件,114.95,21.61,136.56
1934,297,PR,2024-08-21,delivered,厨具,549.15,89.38,638.53
1934,297,PR,2024-08-21,delivered,宠物用品,222.69,16.79,239.48
1934,297,PR,2024-08-21,delivered,厨具,85.85,12.55,98.39999999999999
1935,297,PR,2023-10-22,delivered,电子产品,608.28,41.12,649.4
1936,297,PR,2024-12-07,delivered,美妆健康,136.97,12.92,149.89
1937,297,PR,2023-08-30,delivered,玩具,648.63,111.8,760.43
1938,297,PR,2024-12-12,delivered,电子产品,581.69,111.14,692.83
1938,297,PR,2024-12-12,delivered,电子产品,492.11,77.41,569.52
1938,297,PR,2024-12-12,delivered,厨具,304.97,33.75,338.72
1939,297,PR,2023-12-30,delivered,服饰,790.59,40.27,830.86
1939,297,PR,2023-12-30,delivered,家居家具,265.74,40.15,305.89
1940,297,PR,2023-03-25,delivered,服饰,206.31,25.29,231.6
1940,297,PR,2023-03-25,delivered,电脑配件,424.48,34.5,458.98
1940,297,PR,2023-03-25,delivered,图书,127.2,22.82,150.02
1941,297,PR,2024-09-04,delivered,电脑配件,549.47,99.08,648.5500000000001
1941,297,PR,2024-09-04,delivered,图书,40.23,5.75,45.98
1942,297,PR,2024-05-01,delivered,电子产品,722.61,117.35,839.96
1942,297,PR,2024-05-01,delivered,家居家具,253.68,44.35,298.03000000000003
1942,297,PR,2024-05-01,delivered,电子产品,635.01,74.49,709.5
1943,297,PR,2024-11-11,delivered,电脑配件,424.17,76.95,501.12
1943,297,PR,2024-11-11,delivered,玩具,147.41,13.58,160.99
1944,297,PR,2024-01-13,delivered,服饰,215.35,12.8,228.15
1944,297,PR,2024-01-13,delivered,玩具,57.94,7.44,65.38
1945,297,PR,2024-05-08,delivered,家居家具,658.97,58.24,717.21
1945,297,PR,2024-05-08,delivered,电子产品,784.19,84.1,868.2900000000001
1946,297,PR,2024-01-31,delivered,电子产品,148.91,22.62,171.53
1946,297,PR,2024-01-31,delivered,服饰,780.91,149.92,930.8299999999999
1947,297,PR,2023-10-08,delivered,宠物用品,732.63,122.57,855.2
1947,297,PR,2023-10-08,delivered,图书,799.2,133.99,933.19
1948,297,PR,2023-12-02,delivered,服饰,516.83,30.88,547.71
1949,297,PR,2024-11-17,delivered,宠物用品,354.92,21.09,376.01
1950,297,PR,2024-07-16,delivered,服饰,728.54,98.79,827.3299999999999
1951,297,PR,2023-11-27,delivered,美妆健康,357.22,28.75,385.97
1951,297,PR,2023-11-27,delivered,玩具,313.09,60.4,373.48999999999995
1951,297,PR,2023-11-27,delivered,宠物用品,240.17,31.92,272.09
1952,297,PR,2023-03-19,delivered,美妆健康,81.35,8.99,90.33999999999999
1952,297,PR,2023-03-19,delivered,家居家具,596.25,93.32,689.5699999999999
1953,297,PR,2023-10-16,delivered,电脑配件,788.19,90.42,878.61
1954,297,PR,2023-02-08,delivered,家居家具,578.17,107.92,686.0899999999999
1954,297,PR,2023-02-08,delivered,玩具,771.02,64.64,835.66
1955,297,PR,2023-10-18,delivered,电脑配件,479.5,65.38,544.88
1956,298,RJ,2024-12-15,delivered,服饰,474.06,66.14,540.2
1956,298,RJ,2024-12-15,delivered,图书,787.59,106.2,893.7900000000001
1956,298,RJ,2024-12-15,delivered,美妆健康,619.45,103.83,723.2800000000001
1957,299,BA,2024-05-05,delivered,家居家具,603.77,106.94,710.71
1957,299,BA,2024-05-05,delivered,电子产品,121.99,18.67,140.66
1957,299,BA,2024-05-05,delivered,玩具,71.45,5.66,77.11
1958,300,RJ,2024-04-16,delivered,图书,451.32,89.53,540.85
1958,300,RJ,2024-04-16,delivered,图书,447.94,49.68,497.62
1959,301,BA,2023-10-24,delivered,宠物用品,590.15,117.81,707.96
1959,301,BA,2023-10-24,delivered,家居家具,316.57,62.89,379.46
1959,301,BA,2023-10-24,delivered,服饰,38.6,7.66,46.260000000000005
1960,302,PE,2024-03-23,delivered,电子产品,564.99,56.61,621.6
1961,303,BA,2023-01-19,delivered,服饰,490.55,54.6,545.15
1961,303,BA,2023-01-19,delivered,玩具,113.16,7.46,120.61999999999999
1961,303,BA,2023-01-19,delivered,家居家具,249.87,41.18,291.05
1962,304,PR,2024-11-15,delivered,运动休闲,178.9,32.7,211.60000000000002
1963,305,BA,2023-08-18,delivered,玩具,77.71,9.22,86.92999999999999
1963,305,BA,2023-08-18,delivered,美妆健康,71.49,7.87,79.36
1963,305,BA,2023-08-18,delivered,电子产品,582.23,71.91,654.14
1964,306,PE,2023-12-11,delivered,电脑配件,480.9,35.15,516.05
1964,306,PE,2023-12-11,delivered,运动休闲,470.41,86.65,557.0600000000001
1965,307,DF,2024-07-07,delivered,电子产品,239.86,29.38,269.24
1965,307,DF,2024-07-07,delivered,服饰,489.44,46.87,536.31
1966,308,DF,2023-02-23,delivered,家居家具,622.24,35.84,658.08
1966,308,DF,2023-02-23,delivered,美妆健康,105.22,17.29,122.50999999999999
1966,308,DF,2023-02-23,delivered,电脑配件,300.16,15.05,315.21000000000004
1967,309,SP,2024-06-18,delivered,厨具,105.21,15.2,120.41
1967,309,SP,2024-06-18,delivered,美妆健康,328.71,59.76,388.46999999999997
1968,310,PE,2024-08-29,delivered,厨具,120.61,17.62,138.23
1968,310,PE,2024-08-29,delivered,运动休闲,663.58,48.03,711.61
1969,311,AM,2024-11-13,delivered,宠物用品,199.52,29.78,229.3
1970,312,PR,2023-12-27,delivered,玩具,319.52,31.7,351.21999999999997
1971,313,AM,2024-07-26,delivered,家居家具,94.61,16.26,110.87
1971,313,AM,2024-07-26,delivered,电脑配件,601.94,45.67,647.61
1971,313,AM,2024-07-26,delivered,运动休闲,132.23,6.93,139.16
1972,313,AM,2024-07-15,delivered,玩具,74.68,4.16,78.84
1972,313,AM,2024-07-15,delivered,厨具,536.19,71.11,607.3000000000001
1972,313,AM,2024-07-15,delivered,电子产品,616.09,65.8,681.89
1973,313,AM,2024-01-23,delivered,厨具,585.36,82.14,667.5
1973,313,AM,2024-01-23,delivered,图书,628.87,102.35,731.22
1973,313,AM,2024-01-23,delivered,图书,739.38,119.49,858.87
1974,313,AM,2023-11-22,delivered,运动休闲,532.33,86.69,619.02
1974,313,AM,2023-11-22,delivered,玩具,521.56,31.05,552.6099999999999
1975,313,AM,2024-12-17,delivered,图书,186.03,36.7,222.73000000000002
1975,313,AM,2024-12-17,delivered,运动休闲,35.96,2.06,38.02
1975,313,AM,2024-12-17,delivered,玩具,71.77,8.94,80.71
1976,313,AM,2023-05-08,delivered,玩具,524.81,30.1,554.91
1977,313,AM,2024-11-01,delivered,玩具,682.58,36.9,719.48
1978,313,AM,2024-04-05,delivered,美妆健康,115.74,8.68,124.41999999999999
1978,313,AM,2024-04-05,delivered,玩具,576.17,102.5,678.67
1979,313,AM,2023-11-16,delivered,电脑配件,452.76,64.9,517.66
1979,313,AM,2023-11-16,delivered,运动休闲,657.82,94.53,752.35
1980,313,AM,2023-07-12,delivered,电脑配件,118.77,18.56,137.32999999999998
1980,313,AM,2023-07-12,delivered,图书,623.24,48.49,671.73
1980,313,AM,2023-07-12,delivered,厨具,718.28,112.3,830.5799999999999
1981,313,AM,2024-03-12,delivered,电脑配件,352.29,49.01,401.3
1981,313,AM,2024-03-12,delivered,服饰,328.26,33.37,361.63
1981,313,AM,2024-03-12,delivered,玩具,436.9,33.46,470.35999999999996
1982,313,AM,2023-03-23,canceled,美妆健康,133.4,15.5,148.9
1982,313,AM,2023-03-23,canceled,厨具,604.85,77.4,682.25
1983,313,AM,2024-12-18,delivered,家居家具,378.49,58.18,436.67
1984,313,AM,2024-04-05,delivered,美妆健康,529.82,103.67,633.49
1984,313,AM,2024-04-05,delivered,玩具,277.49,51.09,328.58000000000004
1985,313,AM,2024-07-03,delivered,运动休闲,317.27,54.77,372.03999999999996
1985,313,AM,2024-07-03,delivered,玩具,198.48,17.35,215.82999999999998
1985,313,AM,2024-07-03,delivered,厨具,609.0,69.69,678.69
1986,313,AM,2024-12-27,delivered,图书,53.47,9.13,62.6
1987,313,AM,2023-11-14,delivered,电脑配件,481.93,27.99,509.92
1987,313,AM,2023-11-14,delivered,厨具,300.08,19.77,319.84999999999997
1987,313,AM,2023-11-14,delivered,电脑配件,725.35,119.34,844.69
1988,313,AM,2024-07-02,delivered,服饰,21.68,2.13,23.81
1988,313,AM,2024-07-02,delivered,电子产品,507.28,26.47,533.75
1988,313,AM,2024-07-02,delivered,厨具,365.2,35.63,400.83
1989,313,AM,2024-09-09,delivered,电子产品,513.02,43.8,556.8199999999999
1989,313,AM,2024-09-09,delivered,厨具,135.53,18.16,153.69
1989,313,AM,2024-09-09,delivered,电脑配件,287.13,17.44,304.57
1990,314,RJ,2024-05-12,delivered,服饰,702.68,75.9,778.5799999999999
1990,314,RJ,2024-05-12,delivered,运动休闲,766.83,134.57,901.4000000000001
1990,314,RJ,2024-05-12,delivered,美妆健康,570.97,56.9,627.87
1991,315,AM,2023-09-26,delivered,宠物用品,47.46,7.99,55.45
1991,315,AM,2023-09-26,delivered,电脑配件,124.65,19.85,144.5
1991,315,AM,2023-09-26,delivered,厨具,626.57,69.27,695.84
1992,316,RJ,2024-05-15,delivered,厨具,185.48,32.55,218.02999999999997
1993,317,SC,2023-10-10,delivered,电子产品,329.07,59.47,388.53999999999996
1993,317,SC,2023-10-10,delivered,服饰,378.64,73.54,452.18
1993,317,SC,2023-10-10,delivered,电脑配件,404.62,61.77,466.39
1994,318,PA,2024-07-03,delivered,服饰,251.55,27.09,278.64
1995,319,BA,2023-05-04,delivered,服饰,394.22,68.87,463.09000000000003
1996,320,PE,2024-05-12,delivered,图书,774.49,145.67,920.16
1996,320,PE,2024-05-12,delivered,服饰,153.82,29.5,183.32
1997,321,MG,2024-11-15,delivered,服饰,281.55,49.36,330.91
1997,321,MG,2024-11-15,delivered,电脑配件,632.38,82.91,715.29
1997,321,MG,2024-11-15,delivered,服饰,496.74,72.84,569.58
1998,322,SC,2024-12-25,delivered,玩具,737.8,91.88,829.68
1998,322,SC,2024-12-25,delivered,服饰,697.96,86.52,784.48
1998,322,SC,2024-12-25,delivered,美妆健康,496.74,80.75,577.49
1999,323,AM,2024-06-22,delivered,美妆健康,86.8,10.75,97.55
1999,323,AM,2024-06-22,delivered,电子产品,41.09,5.14,46.230000000000004
1999,323,AM,2024-06-22,delivered,美妆健康,96.57,11.34,107.91
2000,324,PR,2024-10-20,delivered,服饰,45.41,2.39,47.8
2000,324,PR,2024-10-20,delivered,家居家具,534.54,44.74,579.28
2001,325,RJ,2024-02-18,delivered,玩具,83.36,4.42,87.78
2001,325,RJ,2024-02-18,delivered,图书,43.67,2.25,45.92
2002,326,PA,2024-09-25,delivered,图书,661.38,92.44,753.8199999999999
2003,327,SC,2024-03-25,delivered,玩具,426.25,70.5,496.75
2004,328,PE,2024-11-02,delivered,运动休闲,612.7,42.43,655.13
2005,329,SC,2024-12-29,delivered,电子产品,111.4,10.84,122.24000000000001
2005,329,SC,2024-12-29,delivered,服饰,246.0,23.8,269.8
2005,329,SC,2024-12-29,delivered,电子产品,496.2,81.5,577.7
2006,329,SC,2024-11-24,delivered,服饰,706.16,69.05,775.2099999999999
2006,329,SC,2024-11-24,delivered,图书,83.46,15.83,99.28999999999999
2006,329,SC,2024-11-24,delivered,电子产品,305.83,30.23,336.06
2007,329,SC,2023-05-04,delivered,服饰,754.19,88.02,842.21
2007,329,SC,2023-05-04,delivered,家居家具,252.89,39.64,292.53
2007,329,SC,2023-05-04,delivered,电子产品,555.85,110.79,666.64
2008,329,SC,2024-05-11,delivered,运动休闲,699.81,81.15,780.9599999999999
2008,329,SC,2024-05-11,delivered,运动休闲,506.75,71.39,578.14
2009,329,SC,2023-01-16,canceled,玩具,588.35,93.05,681.4
2009,329,SC,2023-01-16,canceled,厨具,554.84,56.32,611.1600000000001
2010,329,SC,2023-10-30,delivered,服饰,688.97,71.89,760.86
2010,329,SC,2023-10-30,delivered,运动休闲,372.26,67.99,440.25
2011,329,SC,2024-05-11,delivered,服饰,410.3,56.95,467.25
2012,329,SC,2023-11-24,delivered,运动休闲,373.02,25.85,398.87
2012,329,SC,2023-11-24,delivered,美妆健康,259.18,15.94,275.12
2012,329,SC,2023-11-24,delivered,电脑配件,470.52,39.02,509.53999999999996
2013,329,SC,2024-05-13,delivered,美妆健康,520.93,92.46,613.39
2013,329,SC,2024-05-13,delivered,家居家具,421.31,58.24,479.55
2014,329,SC,2024-12-30,delivered,家居家具,370.31,72.26,442.57
2014,329,SC,2024-12-30,delivered,服饰,544.79,94.98,639.77
2015,329,SC,2024-05-26,delivered,宠物用品,786.99,48.96,835.95
2015,329,SC,2024-05-26,delivered,图书,325.2,24.09,349.28999999999996
2016,329,SC,2023-02-12,delivered,图书,87.75,14.72,102.47
2016,329,SC,2023-02-12,delivered,图书,376.42,60.35,436.77000000000004
2017,329,SC,2023-03-20,delivered,美妆健康,310.42,24.43,334.85
2018,329,SC,2024-05-09,delivered,玩具,244.91,29.54,274.45
2018,329,SC,2024-05-09,delivered,图书,297.09,34.57,331.65999999999997
2019,329,SC,2024-11-18,delivered,玩具,48.03,4.41,52.44
2020,329,SC,2024-03-22,canceled,家居家具,215.85,32.74,248.59
2021,329,SC,2023-01-02,delivered,图书,792.45,117.22,909.6700000000001
2022,329,SC,2024-02-08,delivered,家居家具,511.22,62.28,573.5
2022,329,SC,2024-02-08,delivered,服饰,207.45,40.11,247.56
2023,329,SC,2024-08-05,delivered,运动休闲,486.68,39.31,525.99
2024,329,SC,2024-01-21,delivered,厨具,632.0,52.12,684.12
2024,329,SC,2024-01-21,delivered,家居家具,260.44,16.32,276.76
2024,329,SC,2024-01-21,delivered,图书,326.85,63.1,389.95000000000005
2025,329,SC,2024-07-29,delivered,服饰,298.33,19.42,317.75
2026,329,SC,2024-05-30,delivered,电脑配件,412.38,78.98,491.36
2026,329,SC,2024-05-30,delivered,家居家具,327.75,52.73,380.48
2026,329,SC,2024-05-30,delivered,运动休闲,213.01,12.8,225.81
2027,329,SC,2024-06-09,delivered,电脑配件,119.81,8.35,128.16
2027,329,SC,2024-06-09,delivered,玩具,156.46,8.68,165.14000000000001
2027,329,SC,2024-06-09,delivered,电脑配件,27.19,2.54,29.73
2028,329,SC,2024-05-02,delivered,电脑配件,696.98,65.09,762.07
2028,329,SC,2024-05-02,delivered,服饰,547.67,46.94,594.6099999999999
2029,329,SC,2023-05-11,delivered,电脑配件,389.13,29.99,419.12
2029,329,SC,2023-05-11,delivered,厨具,755.91,104.12,860.03
2030,329,SC,2024-07-08,delivered,运动休闲,486.53,31.46,517.99
2030,329,SC,2024-07-08,delivered,家居家具,547.25,97.51,644.76
2030,329,SC,2024-07-08,delivered,运动休闲,745.81,66.18,811.99
2031,329,SC,2023-07-14,delivered,图书,498.0,76.1,574.1
2031,329,SC,2023-07-14,delivered,电子产品,710.26,100.56,810.8199999999999
2032,329,SC,2023-11-12,delivered,厨具,536.1,34.19,570.29
2033,329,SC,2024-05-06,delivered,服饰,392.65,74.13,466.78
2033,329,SC,2024-05-06,delivered,厨具,632.54,37.28,669.8199999999999
2034,329,SC,2024-12-16,delivered,家居家具,577.65,110.35,688.0
2034,329,SC,2024-12-16,delivered,玩具,365.19,29.78,394.97
2034,329,SC,2024-12-16,delivered,图书,501.54,62.28,563.82
2035,329,SC,2023-10-25,delivered,运动休闲,635.98,60.13,696.11
2035,329,SC,2023-10-25,delivered,图书,760.27,116.54,876.81
2036,329,SC,2024-12-23,delivered,家居家具,303.03,57.75,360.78
2036,329,SC,2024-12-23,delivered,厨具,32.33,5.7,38.03
2036,329,SC,2024-12-23,delivered,运动休闲,666.78,131.77,798.55
2037,329,SC,2023-06-17,delivered,电子产品,577.74,44.4,622.14
2038,329,SC,2024-08-31,delivered,家居家具,59.92,4.67,64.59
2039,329,SC,2023-12-13,delivered,运动休闲,564.1,35.4,599.5
2040,329,SC,2024-11-02,delivered,宠物用品,709.86,108.29,818.15
2040,329,SC,2024-11-02,delivered,服饰,541.91,81.72,623.63
2041,329,SC,2024-06-30,delivered,电脑配件,789.78,117.86,907.64
2042,329,SC,2024-08-16,delivered,美妆健康,296.11,38.29,334.40000000000003
2043,329,SC,2024-05-27,delivered,美妆健康,757.96,68.96,826.9200000000001
2044,329,SC,2024-12-11,delivered,美妆健康,642.83,86.21,729.0400000000001
2045,329,SC,2024-08-26,delivered,图书,561.79,102.04,663.8299999999999
2045,329,SC,2024-08-26,delivered,服饰,104.56,14.41,118.97
2046,329,SC,2023-12-02,delivered,服饰,740.44,57.47,797.9100000000001
2046,329,SC,2023-12-02,delivered,图书,561.82,109.77,671.59
2047,329,SC,2024-09-21,delivered,美妆健康,581.32,57.17,638.49
2047,329,SC,2024-09-21,delivered,服饰,114.77,16.17,130.94
2047,329,SC,2024-09-21,delivered,服饰,250.3,13.95,264.25
2048,329,SC,2023-11-19,delivered,厨具,619.49,93.98,713.47
2049,329,SC,2024-10-28,delivered,运动休闲,200.66,15.34,216.0
2049,329,SC,2024-10-28,delivered,玩具,581.08,61.51,642.59
2049,329,SC,2024-10-28,delivered,运动休闲,412.56,32.14,444.7
2050,329,SC,2024-06-30,delivered,服饰,403.91,67.55,471.46000000000004
2050,329,SC,2024-06-30,delivered,服饰,568.9,86.79,655.6899999999999
2051,329,SC,2023-12-24,delivered,厨具,120.69,19.8,140.49
2052,330,PA,2024-11-06,delivered,美妆健康,260.1,29.54,289.64000000000004
2053,331,RJ,2023-03-20,delivered,运动休闲,312.93,25.22,338.15
2053,331,RJ,2023-03-20,delivered,厨具,191.33,37.91,229.24
2054,332,PA,2024-12-17,delivered,家居家具,636.95,84.89,721.84
2054,332,PA,2024-12-17,delivered,家居家具,658.36,49.7,708.0600000000001
2055,333,MG,2024-08-30,delivered,玩具,651.0,122.6,773.6
2055,333,MG,2024-08-30,delivered,电脑配件,529.34,88.66,618.0
2056,334,MG,2024-11-07,delivered,电子产品,101.65,12.54,114.19
2056,334,MG,2024-11-07,delivered,服饰,660.91,131.44,792.3499999999999
2056,334,MG,2024-11-07,delivered,服饰,747.5,136.33,883.83
2057,335,MG,2024-05-10,delivered,家居家具,521.26,31.24,552.5
2057,335,MG,2024-05-10,delivered,电子产品,21.32,1.54,22.86
2057,335,MG,2024-05-10,delivered,服饰,788.84,94.25,883.09
2058,336,SP,2024-12-09,delivered,图书,573.72,53.37,627.09
2058,336,SP,2024-12-09,delivered,厨具,188.64,19.42,208.06
2059,337,MG,2023-11-13,delivered,厨具,644.7,54.74,699.44
2059,337,MG,2023-11-13,delivered,宠物用品,106.81,5.6,112.41
2059,337,MG,2023-11-13,delivered,运动休闲,394.11,30.76,424.87
2060,338,DF,2023-10-04,canceled,电脑配件,781.81,145.65,927.4599999999999
2060,338,DF,2023-10-04,canceled,图书,787.61,150.22,937.83
2061,339,PE,2024-12-16,delivered,电脑配件,790.36,44.0,834.36
2062,340,AM,2023-11-03,delivered,家居家具,50.69,6.78,57.47
2063,341,MG,2023-06-07,delivered,厨具,453.6,61.51,515.11
2063,341,MG,2023-06-07,delivered,运动休闲,557.16,70.98,628.14
2063,341,MG,2023-06-07,delivered,图书,441.41,81.66,523.07
2064,342,DF,2023-11-11,delivered,厨具,426.16,40.15,466.31
2065,343,DF,2024-05-15,delivered,家居家具,107.06,14.76,121.82000000000001
2065,343,DF,2024-05-15,delivered,电脑配件,278.37,54.57,332.94
2065,343,DF,2024-05-15,delivered,厨具,291.42,28.72,320.14
2066,344,PE,2024-08-03,delivered,服饰,738.05,93.67,831.7199999999999
2066,344,PE,2024-08-03,delivered,运动休闲,446.02,64.72,510.74
2067,345,AM,2024-10-14,delivered,玩具,520.58,46.02,566.6
2068,346,PR,2023-06-21,canceled,服饰,76.09,7.01,83.10000000000001
2069,347,MG,2024-09-10,delivered,家居家具,472.84,34.89,507.72999999999996
2069,347,MG,2024-09-10,delivered,运动休闲,253.38,21.69,275.07
2069,347,MG,2024-09-10,delivered,电脑配件,233.22,15.12,248.34
2070,348,CE,2024-01-02,delivered,图书,544.56,88.75,633.31
2070,348,CE,2024-01-02,delivered,服饰,570.09,66.05,636.14
2071,348,CE,2024-11-12,delivered,运动休闲,598.26,63.08,661.34
2071,348,CE,2024-11-12,delivered,厨具,598.31,67.36,665.67
2072,348,CE,2023-05-19,delivered,美妆健康,746.99,96.01,843.0
2072,348,CE,2023-05-19,delivered,家居家具,62.09,7.78,69.87
2072,348,CE,2023-05-19,delivered,宠物用品,553.11,37.8,590.91
2073,348,CE,2023-05-20,delivered,玩具,489.68,29.24,518.92
2073,348,CE,2023-05-20,delivered,运动休闲,708.52,77.98,786.5
2074,348,CE,2023-11-01,canceled,服饰,452.34,71.09,523.43
2074,348,CE,2023-11-01,canceled,宠物用品,85.0,13.03,98.03
2074,348,CE,2023-11-01,canceled,服饰,26.55,3.05,29.6
2075,348,CE,2024-03-18,delivered,美妆健康,387.93,29.82,417.75
2075,348,CE,2024-03-18,delivered,玩具,190.43,19.43,209.86
2076,348,CE,2024-03-21,delivered,电子产品,791.57,50.2,841.7700000000001
2077,348,CE,2023-06-03,delivered,玩具,49.3,6.25,55.55
2077,348,CE,2023-06-03,delivered,电子产品,28.72,4.53,33.25
2077,348,CE,2023-06-03,delivered,运动休闲,604.57,37.27,641.84
2078,348,CE,2024-03-11,delivered,电脑配件,282.04,43.94,325.98
2078,348,CE,2024-03-11,delivered,家居家具,30.36,3.08,33.44
2079,348,CE,2023-08-06,canceled,服饰,612.4,50.98,663.38
2079,348,CE,2023-08-06,canceled,厨具,542.16,106.84,649.0
2079,348,CE,2023-08-06,canceled,服饰,708.05,132.21,840.26
2080,348,CE,2024-01-01,delivered,服饰,250.69,19.33,270.02
2081,348,CE,2024-10-19,delivered,玩具,707.17,132.24,839.41
2081,348,CE,2024-10-19,delivered,服饰,575.8,70.51,646.31
2081,348,CE,2024-10-19,delivered,运动休闲,169.56,29.23,198.79
2082,348,CE,2023-11-01,delivered,服饰,677.13,60.61,737.74
2083,348,CE,2023-12-04,delivered,运动休闲,574.56,89.97,664.53
2083,348,CE,2023-12-04,delivered,电脑配件,725.95,81.72,807.6700000000001
2083,348,CE,2023-12-04,delivered,家居家具,66.35,13.07,79.41999999999999
2084,348,CE,2023-07-30,delivered,家居家具,97.42,6.75,104.17
2084,348,CE,2023-07-30,delivered,服饰,75.97,10.77,86.74
2085,348,CE,2023-12-09,delivered,运动休闲,568.67,82.72,651.39
2085,348,CE,2023-12-09,delivered,家居家具,461.91,51.41,513.32
2085,348,CE,2023-12-09,delivered,电脑配件,187.11,20.97,208.08
2086,348,CE,2024-02-02,delivered,玩具,620.49,33.38,653.87
2086,348,CE,2024-02-02,delivered,图书,394.21,24.04,418.25
2087,348,CE,2024-07-21,delivered,服饰,517.99,101.88,619.87
2088,348,CE,2023-11-29,delivered,家居家具,704.42,117.69,822.1099999999999
2088,348,CE,2023-11-29,delivered,电子产品,392.17,23.97,416.14
2088,348,CE,2023-11-29,delivered,玩具,439.49,51.85,491.34000000000003
2089,348,CE,2024-01-06,delivered,图书,137.8,20.81,158.61
2089,348,CE,2024-01-06,delivered,运动休闲,508.84,67.44,576.28
2090,348,CE,2023-02-11,delivered,运动休闲,314.23,48.32,362.55
2090,348,CE,2023-02-11,delivered,家居家具,180.26,11.76,192.01999999999998
2091,348,CE,2024-11-07,delivered,厨具,357.48,67.03,424.51
2091,348,CE,2024-11-07,delivered,厨具,224.99,34.1,259.09000000000003
2091,348,CE,2024-11-07,delivered,图书,686.79,113.07,799.8599999999999
2092,348,CE,2024-09-19,delivered,服饰,296.23,22.69,318.92
2093,348,CE,2024-12-03,delivered,厨具,463.45,85.91,549.36
2093,348,CE,2024-12-03,delivered,图书,619.94,51.58,671.5200000000001
2094,348,CE,2024-06-10,delivered,服饰,750.36,142.18,892.54
2094,348,CE,2024-06-10,delivered,玩具,300.0,22.99,322.99
2095,348,CE,2023-02-28,delivered,运动休闲,288.81,49.14,337.95
2095,348,CE,2023-02-28,delivered,家居家具,369.36,27.48,396.84000000000003
2096,348,CE,2023-01-12,delivered,美妆健康,449.2,54.24,503.44
2096,348,CE,2023-01-12,delivered,服饰,799.82,98.77,898.59
2097,348,CE,2024-11-14,delivered,厨具,334.08,38.25,372.33
2098,348,CE,2023-05-21,delivered,宠物用品,43.0,6.57,49.57
2099,348,CE,2024-05-02,delivered,美妆健康,643.54,90.5,734.04
2099,348,CE,2024-05-02,delivered,电子产品,275.53,27.17,302.7
2099,348,CE,2024-05-02,delivered,电脑配件,775.52,104.88,880.4
2100,348,CE,2024-04-11,delivered,电子产品,356.95,69.86,426.81
2101,348,CE,2024-12-20,delivered,图书,339.68,18.55,358.23
2101,348,CE,2024-12-20,delivered,电子产品,737.26,87.95,825.21
2101,348,CE,2024-12-20,delivered,服饰,421.75,77.82,499.57
2102,348,CE,2023-12-14,delivered,服饰,170.98,9.93,180.91
2102,348,CE,2023-12-14,delivered,电脑配件,62.59,5.37,67.96000000000001
2103,348,CE,2024-01-31,delivered,服饰,482.96,36.84,519.8
2103,348,CE,2024-01-31,delivered,电脑配件,793.63,134.51,928.14
2103,348,CE,2024-01-31,delivered,宠物用品,20.17,2.17,22.340000000000003
2104,348,CE,2023-11-04,delivered,厨具,430.68,34.84,465.52
2105,348,CE,2024-02-13,delivered,玩具,101.66,11.44,113.1
2105,348,CE,2024-02-13,delivered,运动休闲,545.0,89.23,634.23
2106,348,CE,2023-04-04,delivered,图书,713.56,74.73,788.29
2106,348,CE,2023-04-04,delivered,运动休闲,32.13,2.82,34.95
2106,348,CE,2023-04-04,delivered,服饰,417.27,48.63,465.9
2107,348,CE,2023-12-28,delivered,服饰,751.55,55.69,807.24
2107,348,CE,2023-12-28,delivered,电脑配件,593.75,72.29,666.04
2108,348,CE,2024-08-21,delivered,服饰,144.14,14.77,158.91
2108,348,CE,2024-08-21,delivered,服饰,483.6,83.45,567.0500000000001
2108,348,CE,2024-08-21,delivered,电子产品,111.0,6.39,117.39
2109,348,CE,2024-10-08,delivered,玩具,560.94,56.21,617.1500000000001
2109,348,CE,2024-10-08,delivered,玩具,41.19,8.14,49.33
2110,348,CE,2023-04-29,delivered,家居家具,69.4,11.74,81.14
2111,348,CE,2024-12-26,delivered,家居家具,733.74,96.36,830.1
2112,348,CE,2024-05-02,delivered,运动休闲,459.32,65.02,524.34
2112,348,CE,2024-05-02,delivered,图书,715.85,39.77,755.62
2112,348,CE,2024-05-02,delivered,玩具,151.57,12.52,164.09
2113,348,CE,2024-07-14,delivered,厨具,721.83,88.39,810.22
2114,348,CE,2023-11-25,delivered,服饰,286.98,22.68,309.66
2114,348,CE,2023-11-25,delivered,运动休闲,41.92,3.62,45.54
2114,348,CE,2023-11-25,delivered,宠物用品,365.75,26.03,391.78
2115,348,CE,2024-02-07,delivered,玩具,490.96,67.68,558.64
2115,348,CE,2024-02-07,delivered,玩具,614.94,43.94,658.8800000000001
2115,348,CE,2024-02-07,delivered,厨具,331.1,23.26,354.36
2116,348,CE,2023-10-02,delivered,服饰,617.62,58.96,676.58
2116,348,CE,2023-10-02,delivered,服饰,665.37,48.8,714.17
2117,348,CE,2024-08-15,canceled,电子产品,127.55,17.1,144.65
2117,348,CE,2024-08-15,canceled,厨具,528.5,38.21,566.71
2118,348,CE,2024-05-19,delivered,图书,98.64,11.97,110.61
2119,348,CE,2024-09-09,delivered,美妆健康,438.6,31.38,469.98
2119,348,CE,2024-09-09,delivered,图书,80.25,14.98,95.23
2119,348,CE,2024-09-09,delivered,厨具,613.96,77.65,691.61
2120,348,CE,2024-01-25,delivered,玩具,98.68,12.54,111.22
2121,348,CE,2024-02-21,delivered,图书,348.56,63.28,411.84000000000003
2121,348,CE,2024-02-21,delivered,服饰,693.11,133.94,827.05
2121,348,CE,2024-02-21,delivered,运动休闲,636.48,51.09,687.57
2122,348,CE,2024-04-17,delivered,厨具,507.99,48.55,556.54
2123,348,CE,2024-09-02,canceled,厨具,206.06,36.3,242.36
2123,348,CE,2024-09-02,canceled,宠物用品,227.75,12.53,240.28
2124,349,CE,2024-09-22,delivered,美妆健康,133.72,22.59,156.31
2124,349,CE,2024-09-22,delivered,服饰,769.35,141.01,910.36
2124,349,CE,2024-09-22,delivered,玩具,636.67,112.21,748.88
2125,350,MG,2023-02-16,delivered,电脑配件,598.03,90.05,688.0799999999999
2125,350,MG,2023-02-16,delivered,服饰,251.12,30.62,281.74
2126,350,MG,2024-05-13,delivered,厨具,306.34,54.64,360.97999999999996
2126,350,MG,2024-05-13,delivered,美妆健康,598.35,116.55,714.9
2126,350,MG,2024-05-13,delivered,电子产品,182.38,18.45,200.82999999999998
2127,350,MG,2023-02-06,delivered,厨具,411.6,65.34,476.94000000000005
2127,350,MG,2023-02-06,delivered,玩具,668.69,63.79,732.48
2128,350,MG,2024-12-30,delivered,电脑配件,380.84,51.71,432.54999999999995
2129,350,MG,2024-06-23,delivered,服饰,568.1,79.17,647.27
2129,350,MG,2024-06-23,delivered,服饰,736.46,37.95,774.4100000000001
2130,350,MG,2024-08-09,delivered,服饰,311.4,17.3,328.7
2131,350,MG,2024-05-18,canceled,玩具,472.92,34.5,507.42
2132,350,MG,2023-01-11,delivered,宠物用品,477.97,86.55,564.52
2133,350,MG,2023-04-23,canceled,电脑配件,252.6,34.29,286.89
2133,350,MG,2023-04-23,canceled,运动休闲,289.8,35.83,325.63
2133,350,MG,2023-04-23,canceled,美妆健康,319.32,37.46,356.78
2134,350,MG,2024-03-11,canceled,电脑配件,498.99,37.63,536.62
2134,350,MG,2024-03-11,canceled,家居家具,614.53,69.84,684.37
2134,350,MG,2024-03-11,canceled,美妆健康,315.8,19.82,335.62
2135,350,MG,2024-11-26,delivered,图书,197.42,33.27,230.69
2136,350,MG,2024-03-02,delivered,服饰,93.11,11.85,104.96
2136,350,MG,2024-03-02,delivered,电脑配件,589.5,103.85,693.35
2137,350,MG,2024-03-11,delivered,图书,352.25,47.67,399.92
2137,350,MG,2024-03-11,delivered,图书,593.31,71.94,665.25
2137,350,MG,2024-03-11,delivered,运动休闲,734.5,91.24,825.74
2138,350,MG,2024-12-10,canceled,图书,326.26,27.01,353.27
2139,350,MG,2023-05-28,canceled,电子产品,457.79,23.88,481.67
2139,350,MG,2023-05-28,canceled,宠物用品,617.49,110.67,728.16
2139,350,MG,2023-05-28,canceled,玩具,426.36,42.01,468.37
2140,350,MG,2023-10-28,canceled,厨具,680.6,71.32,751.9200000000001
2141,350,MG,2024-10-26,delivered,玩具,361.02,24.55,385.57
2141,350,MG,2024-10-26,delivered,服饰,218.03,18.85,236.88
2142,350,MG,2024-05-28,delivered,电脑配件,507.61,59.93,567.54
2142,350,MG,2024-05-28,delivered,电子产品,201.16,39.5,240.66
2143,350,MG,2023-11-10,delivered,电脑配件,385.43,74.35,459.78
2143,350,MG,2023-11-10,delivered,家居家具,103.92,12.8,116.72
2144,350,MG,2023-03-28,delivered,美妆健康,344.25,19.21,363.46
2144,350,MG,2023-03-28,delivered,运动休闲,534.25,55.01,589.26
2145,350,MG,2023-11-08,delivered,家居家具,252.57,32.57,285.14
2146,351,SP,2023-11-05,delivered,电脑配件,782.63,56.23,838.86
2146,351,SP,2023-11-05,delivered,电子产品,356.87,23.43,380.3
2147,352,SP,2024-02-19,delivered,服饰,337.62,67.26,404.88
2148,353,PA,2024-09-04,delivered,美妆健康,585.0,93.51,678.51
2148,353,PA,2024-09-04,delivered,家居家具,719.79,138.05,857.8399999999999
2149,354,AM,2023-05-09,delivered,电子产品,138.95,20.96,159.91
2149,354,AM,2023-05-09,delivered,服饰,96.71,17.86,114.57
2150,355,RJ,2024-09-10,delivered,电子产品,48.2,3.26,51.46
2151,356,CE,2024-08-29,delivered,玩具,577.09,78.57,655.6600000000001
2151,356,CE,2024-08-29,delivered,美妆健康,295.08,33.0,328.08
2151,356,CE,2024-08-29,delivered,宠物用品,492.7,28.79,521.49
2152,357,PA,2024-04-15,delivered,宠物用品,196.27,23.56,219.83
2152,357,PA,2024-04-15,delivered,玩具,541.25,107.09,648.34
2153,358,MG,2024-07-03,canceled,图书,630.09,82.16,712.25
2153,358,MG,2024-07-03,canceled,电脑配件,193.33,33.76,227.09
2154,358,MG,2024-05-10,delivered,电子产品,699.69,37.71,737.4000000000001
2154,358,MG,2024-05-10,delivered,美妆健康,360.05,60.4,420.45
2155,358,MG,2023-11-01,delivered,厨具,671.87,90.2,762.07
2155,358,MG,2023-11-01,delivered,玩具,689.35,111.96,801.3100000000001
2156,358,MG,2023-12-13,delivered,厨具,514.12,32.06,546.1800000000001
2156,358,MG,2023-12-13,delivered,家居家具,87.91,8.59,96.5
2156,358,MG,2023-12-13,delivered,厨具,86.4,8.13,94.53
2157,358,MG,2024-04-22,delivered,玩具,196.1,12.13,208.23
2157,358,MG,2024-04-22,delivered,电子产品,134.06,16.98,151.04
2157,358,MG,2024-04-22,delivered,图书,141.05,7.31,148.36
2158,358,MG,2023-12-01,canceled,运动休闲,655.23,91.56,746.79
2159,358,MG,2023-09-10,delivered,服饰,370.17,38.18,408.35
2159,358,MG,2023-09-10,delivered,运动休闲,492.62,71.65,564.27
2159,358,MG,2023-09-10,delivered,电脑配件,618.26,85.17,703.43
2160,358,MG,2023-02-27,delivered,美妆健康,774.72,62.81,837.53
2161,358,MG,2024-06-30,delivered,服饰,517.29,84.48,601.77
2161,358,MG,2024-06-30,delivered,家居家具,275.29,30.32,305.61
2161,358,MG,2024-06-30,delivered,电子产品,272.19,38.69,310.88
2162,358,MG,2024-02-11,delivered,宠物用品,738.91,75.94,814.8499999999999
2162,358,MG,2024-02-11,delivered,运动休闲,542.2,31.87,574.07
2162,358,MG,2024-02-11,delivered,美妆健康,679.08,127.63,806.71
2163,358,MG,2024-08-03,delivered,运动休闲,626.83,89.36,716.19
2163,358,MG,2024-08-03,delivered,宠物用品,786.81,108.38,895.1899999999999
2164,358,MG,2024-05-10,delivered,厨具,581.45,42.17,623.62
2164,358,MG,2024-05-10,delivered,厨具,789.93,59.93,849.8599999999999
2164,358,MG,2024-05-10,delivered,厨具,331.18,46.36,377.54
2165,358,MG,2024-03-10,delivered,宠物用品,714.43,40.69,755.1199999999999
2165,358,MG,2024-03-10,delivered,电脑配件,494.9,91.08,585.98
2165,358,MG,2024-03-10,delivered,图书,285.74,40.71,326.45
2166,358,MG,2024-11-03,delivered,服饰,770.72,44.89,815.61
2166,358,MG,2024-11-03,delivered,服饰,53.33,3.7,57.03
2167,358,MG,2024-01-30,delivered,服饰,450.53,64.33,514.86
2168,358,MG,2024-06-01,delivered,服饰,259.81,16.42,276.23
2168,358,MG,2024-06-01,delivered,家居家具,61.28,6.52,67.8
2168,358,MG,2024-06-01,delivered,服饰,582.4,49.43,631.8299999999999
2169,358,MG,2023-12-21,delivered,运动休闲,634.07,84.08,718.1500000000001
2170,358,MG,2023-01-25,delivered,运动休闲,761.52,116.14,877.66
2171,358,MG,2023-08-13,delivered,玩具,441.04,37.13,478.17
2171,358,MG,2023-08-13,delivered,图书,520.77,69.16,589.93
2172,358,MG,2023-08-11,delivered,服饰,654.53,90.64,745.17
2172,358,MG,2023-08-11,delivered,电脑配件,618.01,80.27,698.28
2172,358,MG,2023-08-11,delivered,服饰,725.27,125.51,850.78
2173,358,MG,2023-08-29,delivered,图书,401.29,34.43,435.72
2173,358,MG,2023-08-29,delivered,运动休闲,162.14,22.01,184.14999999999998
2174,358,MG,2023-09-21,delivered,厨具,535.48,48.74,584.22
2174,358,MG,2023-09-21,delivered,运动休闲,193.7,31.46,225.16
2175,358,MG,2023-05-27,delivered,运动休闲,562.24,89.22,651.46
2176,358,MG,2024-12-24,canceled,图书,605.89,56.01,661.9
2177,358,MG,2024-03-20,delivered,运动休闲,58.14,9.71,67.85
2177,358,MG,2024-03-20,delivered,电脑配件,161.44,8.19,169.63
2177,358,MG,2024-03-20,delivered,运动休闲,312.01,38.15,350.15999999999997
2178,358,MG,2023-02-04,delivered,服饰,393.92,26.15,420.07
2178,358,MG,2023-02-04,delivered,电脑配件,516.28,58.2,574.48
2179,358,MG,2024-09-09,delivered,服饰,629.43,78.45,707.88
2179,358,MG,2024-09-09,delivered,运动休闲,145.62,16.7,162.32
2180,358,MG,2024-11-27,delivered,美妆健康,346.1,62.23,408.33000000000004
2180,358,MG,2024-11-27,delivered,电子产品,736.3,40.77,777.0699999999999
2180,358,MG,2024-11-27,delivered,电子产品,130.02,18.68,148.70000000000002
2181,358,MG,2023-03-27,delivered,电子产品,38.16,6.04,44.199999999999996
2181,358,MG,2023-03-27,delivered,厨具,532.56,78.33,610.89
2181,358,MG,2023-03-27,delivered,图书,40.08,3.63,43.71
2182,358,MG,2024-06-25,delivered,服饰,794.38,100.59,894.97
2182,358,MG,2024-06-25,delivered,图书,603.98,84.91,688.89
2183,358,MG,2024-12-09,delivered,家居家具,40.5,7.64,48.14
2184,358,MG,2023-12-17,delivered,玩具,618.17,102.66,720.8299999999999
2184,358,MG,2023-12-17,delivered,宠物用品,377.15,20.57,397.71999999999997
2184,358,MG,2023-12-17,delivered,电脑配件,228.89,37.1,265.99
2185,358,MG,2023-06-21,delivered,电脑配件,223.66,43.74,267.4
2186,358,MG,2024-02-04,delivered,玩具,662.34,83.0,745.34
2187,358,MG,2023-03-14,delivered,电脑配件,34.6,3.39,37.99
2187,358,MG,2023-03-14,delivered,美妆健康,251.46,27.64,279.1
2187,358,MG,2023-03-14,delivered,服饰,456.18,77.13,533.31
2188,358,MG,2024-10-30,delivered,美妆健康,665.95,58.56,724.51
2188,358,MG,2024-10-30,delivered,电脑配件,47.31,6.34,53.650000000000006
2188,358,MG,2024-10-30,delivered,家居家具,596.83,34.62,631.45
2189,358,MG,2023-11-09,delivered,厨具,264.01,28.77,292.78
2190,358,MG,2024-02-28,delivered,电子产品,57.63,4.61,62.24
2190,358,MG,2024-02-28,delivered,服饰,321.06,19.6,340.66
2191,358,MG,2024-06-14,delivered,电脑配件,721.74,102.63,824.37
2192,358,MG,2024-08-09,delivered,服饰,671.46,120.55,792.01
2192,358,MG,2024-08-09,delivered,电子产品,299.19,21.48,320.67
2192,358,MG,2024-08-09,delivered,电脑配件,433.11,44.04,477.15000000000003
2193,358,MG,2024-12-01,delivered,玩具,432.21,33.11,465.32
2193,358,MG,2024-12-01,delivered,服饰,149.84,9.01,158.85
2193,358,MG,2024-12-01,delivered,运动休闲,591.06,60.3,651.3599999999999
2194,358,MG,2024-03-19,delivered,图书,450.03,68.86,518.89
2194,358,MG,2024-03-19,delivered,电脑配件,78.35,5.23,83.58
2195,358,MG,2023-08-25,delivered,运动休闲,499.58,57.66,557.24
2196,358,MG,2023-11-28,delivered,服饰,512.42,32.96,545.38
2197,358,MG,2024-07-10,delivered,玩具,513.98,72.31,586.29
2198,359,SC,2024-08-31,delivered,电脑配件,462.85,63.31,526.1600000000001
2198,359,SC,2024-08-31,delivered,宠物用品,484.07,45.8,529.87
2198,359,SC,2024-08-31,delivered,电脑配件,373.05,36.34,409.39
2199,360,BA,2023-02-25,delivered,电脑配件,206.69,23.32,230.01
2199,360,BA,2023-02-25,delivered,宠物用品,677.8,96.18,773.98
2199,360,BA,2023-02-25,delivered,图书,643.81,100.12,743.93
2200,361,BA,2024-08-04,delivered,电子产品,65.7,11.35,77.05
2200,361,BA,2024-08-04,delivered,玩具,394.51,30.64,425.15
2200,361,BA,2024-08-04,delivered,宠物用品,548.95,76.12,625.07
2201,362,SP,2023-12-23,canceled,图书,100.14,19.39,119.53
2202,363,RS,2024-06-12,delivered,厨具,125.56,7.76,133.32
2202,363,RS,2024-06-12,delivered,运动休闲,98.14,5.84,103.98
2202,363,RS,2024-06-12,delivered,运动休闲,307.92,36.77,344.69
2203,364,BA,2024-10-31,delivered,玩具,114.0,16.14,130.14
2204,365,RS,2024-11-06,delivered,厨具,84.33,5.03,89.36
2204,365,RS,2024-11-06,delivered,电子产品,31.65,4.05,35.699999999999996
2205,366,CE,2024-06-10,delivered,运动休闲,404.54,71.91,476.45000000000005
2205,366,CE,2024-06-10,delivered,图书,413.17,58.94,472.11
2205,366,CE,2024-06-10,delivered,运动休闲,709.39,141.31,850.7
2206,367,BA,2024-07-04,delivered,运动休闲,719.88,46.42,766.3
2206,367,BA,2024-07-04,delivered,厨具,82.32,11.71,94.03
2206,367,BA,2024-07-04,delivered,运动休闲,117.71,14.84,132.54999999999998
2207,368,DF,2024-01-27,delivered,玩具,769.47,106.21,875.6800000000001
2207,368,DF,2024-01-27,delivered,图书,735.29,111.81,847.0999999999999
2207,368,DF,2024-01-27,delivered,家居家具,493.26,54.52,547.78
2208,368,DF,2023-04-14,delivered,服饰,306.14,25.24,331.38
2209,368,DF,2024-07-21,canceled,玩具,630.1,89.32,719.4200000000001
2210,368,DF,2023-10-25,canceled,美妆健康,443.3,24.08,467.38
2210,368,DF,2023-10-25,canceled,宠物用品,479.57,94.76,574.33
2211,368,DF,2024-06-19,delivered,服饰,23.93,3.01,26.939999999999998
2212,368,DF,2024-02-12,delivered,家居家具,350.99,39.37,390.36
2212,368,DF,2024-02-12,delivered,玩具,91.56,7.28,98.84
2212,368,DF,2024-02-12,delivered,图书,526.75,94.94,621.69
2213,368,DF,2024-07-27,delivered,服饰,316.36,62.51,378.87
2213,368,DF,2024-07-27,delivered,图书,760.22,42.33,802.5500000000001
2214,368,DF,2024-08-14,delivered,运动休闲,714.77,120.08,834.85
2215,368,DF,2024-03-30,delivered,家居家具,347.78,37.13,384.90999999999997
2216,368,DF,2023-07-21,delivered,图书,434.98,42.06,477.04
2216,368,DF,2023-07-21,delivered,图书,181.46,12.08,193.54000000000002
2217,368,DF,2023-12-07,delivered,美妆健康,488.04,62.82,550.86
2217,368,DF,2023-12-07,delivered,运动休闲,610.55,61.08,671.63
2218,368,DF,2024-09-15,delivered,电脑配件,455.34,31.82,487.15999999999997
2219,368,DF,2023-01-25,delivered,电子产品,128.52,15.01,143.53
2219,368,DF,2023-01-25,delivered,厨具,23.86,1.76,25.62
2219,368,DF,2023-01-25,delivered,服饰,479.0,88.36,567.36
2220,368,DF,2024-08-26,delivered,服饰,205.45,25.53,230.98
2220,368,DF,2024-08-26,delivered,宠物用品,547.69,79.18,626.8700000000001
2220,368,DF,2024-08-26,delivered,服饰,93.33,7.79,101.12
2221,368,DF,2023-10-16,delivered,图书,750.85,115.53,866.38
2221,368,DF,2023-10-16,delivered,电脑配件,664.19,105.99,770.1800000000001
2221,368,DF,2023-10-16,delivered,电脑配件,328.02,40.62,368.64
2222,368,DF,2023-09-29,delivered,宠物用品,591.91,71.08,662.99
2222,368,DF,2023-09-29,delivered,图书,722.7,42.86,765.5600000000001
2222,368,DF,2023-09-29,delivered,运动休闲,64.04,8.85,72.89
2223,368,DF,2023-06-04,delivered,电子产品,570.86,49.69,620.55
2223,368,DF,2023-06-04,delivered,玩具,401.4,27.0,428.4
2223,368,DF,2023-06-04,delivered,服饰,460.06,48.04,508.1
2224,368,DF,2023-12-06,delivered,家居家具,78.2,11.74,89.94
2225,368,DF,2024-04-16,delivered,图书,346.39,64.67,411.06
2225,368,DF,2024-04-16,delivered,服饰,712.3,108.26,820.56
2226,368,DF,2024-10-06,delivered,家居家具,624.12,70.53,694.65
2226,368,DF,2024-10-06,delivered,电脑配件,253.58,44.29,297.87
2227,368,DF,2024-01-30,delivered,运动休闲,291.3,20.34,311.64
2228,368,DF,2024-01-13,delivered,家居家具,179.74,28.62,208.36
2228,368,DF,2024-01-13,delivered,图书,304.41,55.78,360.19000000000005
2229,368,DF,2023-01-07,delivered,厨具,531.72,32.21,563.9300000000001
2230,368,DF,2024-11-28,canceled,家居家具,20.1,3.0,23.1
2230,368,DF,2024-11-28,canceled,美妆健康,568.65,78.27,646.92
2230,368,DF,2024-11-28,canceled,宠物用品,67.42,8.69,76.11
2231,368,DF,2023-06-09,delivered,家居家具,44.39,3.36,47.75
2232,368,DF,2023-02-28,canceled,图书,662.44,90.7,753.1400000000001
2232,368,DF,2023-02-28,canceled,美妆健康,740.32,130.84,871.1600000000001
2233,368,DF,2024-01-22,delivered,电脑配件,119.01,16.84,135.85
2234,368,DF,2023-11-18,delivered,图书,681.43,84.94,766.3699999999999
2234,368,DF,2023-11-18,delivered,玩具,339.01,34.78,373.78999999999996
2234,368,DF,2023-11-18,delivered,服饰,160.67,10.44,171.10999999999999
2235,368,DF,2024-09-04,delivered,运动休闲,713.6,117.25,830.85
2235,368,DF,2024-09-04,delivered,玩具,628.89,88.68,717.5699999999999
2236,368,DF,2024-12-28,delivered,电子产品,765.85,123.15,889.0
2236,368,DF,2024-12-28,delivered,图书,450.76,65.61,516.37
2236,368,DF,2024-12-28,delivered,图书,456.51,60.74,517.25
2237,368,DF,2024-09-01,delivered,家居家具,345.07,68.24,413.31
2237,368,DF,2024-09-01,delivered,电子产品,21.93,1.88,23.81
2238,368,DF,2024-11-01,delivered,家居家具,189.7,24.61,214.31
2238,368,DF,2024-11-01,delivered,电子产品,673.02,51.15,724.17
2238,368,DF,2024-11-01,delivered,宠物用品,187.88,27.68,215.56
2239,368,DF,2023-04-10,delivered,厨具,597.55,101.66,699.2099999999999
2239,368,DF,2023-04-10,delivered,宠物用品,456.34,24.66,481.0
2239,368,DF,2023-04-10,delivered,电子产品,759.33,62.75,822.08
2240,368,DF,2024-09-18,delivered,图书,343.13,60.43,403.56
2240,368,DF,2024-09-18,delivered,服饰,562.21,35.56,597.77
2241,368,DF,2024-10-03,delivered,玩具,94.95,18.8,113.75
2242,368,DF,2024-07-22,delivered,运动休闲,150.36,28.85,179.21
2243,368,DF,2024-11-02,delivered,运动休闲,778.91,107.24,886.15
2244,368,DF,2024-04-06,delivered,玩具,755.6,111.13,866.73
2244,368,DF,2024-04-06,delivered,电脑配件,711.99,82.52,794.51
2244,368,DF,2024-04-06,delivered,玩具,721.63,119.22,840.85
2245,368,DF,2023-06-26,canceled,服饰,196.87,21.96,218.83
2245,368,DF,2023-06-26,canceled,服饰,299.36,43.72,343.08000000000004
2246,368,DF,2024-10-06,delivered,美妆健康,444.3,29.58,473.88
2246,368,DF,2024-10-06,delivered,电子产品,125.8,11.59,137.39
2246,368,DF,2024-10-06,delivered,服饰,551.73,67.47,619.2
2247,368,DF,2023-03-03,delivered,运动休闲,334.22,30.4,364.62
2247,368,DF,2023-03-03,delivered,运动休闲,418.74,51.37,470.11
2248,368,DF,2024-10-31,delivered,电脑配件,598.05,102.05,700.0999999999999
2248,368,DF,2024-10-31,delivered,图书,367.74,43.37,411.11
2248,368,DF,2024-10-31,delivered,家居家具,77.09,7.5,84.59
2249,368,DF,2024-02-02,delivered,宠物用品,544.93,27.85,572.78
2249,368,DF,2024-02-02,delivered,电脑配件,647.42,119.05,766.4699999999999
2250,368,DF,2023-11-26,delivered,电脑配件,738.96,48.22,787.1800000000001
2250,368,DF,2023-11-26,delivered,图书,724.4,58.16,782.56
2250,368,DF,2023-11-26,delivered,美妆健康,716.91,121.33,838.24
2251,368,DF,2023-06-05,delivered,服饰,306.47,41.47,347.94000000000005
2251,368,DF,2023-06-05,delivered,电子产品,506.98,76.75,583.73
2251,368,DF,2023-06-05,delivered,电脑配件,23.1,2.32,25.42
2252,368,DF,2024-03-09,delivered,运动休闲,320.03,48.64,368.66999999999996
2252,368,DF,2024-03-09,delivered,厨具,114.3,19.9,134.2
2253,368,DF,2024-11-21,delivered,图书,549.75,44.97,594.72
2253,368,DF,2024-11-21,delivered,图书,636.55,92.25,728.8
2253,368,DF,2024-11-21,delivered,服饰,54.3,8.51,62.809999999999995
2254,368,DF,2023-04-13,delivered,厨具,198.76,21.4,220.16
2254,368,DF,2023-04-13,delivered,宠物用品,489.68,45.28,534.96
2254,368,DF,2023-04-13,delivered,电脑配件,419.98,81.61,501.59000000000003
2255,368,DF,2024-12-06,delivered,家居家具,416.12,25.24,441.36
2255,368,DF,2024-12-06,delivered,厨具,185.3,28.97,214.27
2256,368,DF,2024-01-28,delivered,服饰,483.01,39.31,522.3199999999999
2256,368,DF,2024-01-28,delivered,美妆健康,529.42,51.85,581.27
2257,368,DF,2024-02-18,delivered,图书,548.75,77.66,626.41
2258,368,DF,2023-11-14,delivered,图书,683.32,116.47,799.7900000000001
2258,368,DF,2023-11-14,delivered,电子产品,754.45,148.65,903.1
2259,368,DF,2024-04-29,delivered,服饰,483.37,46.65,530.02
2259,368,DF,2024-04-29,delivered,玩具,383.82,49.38,433.2
2259,368,DF,2024-04-29,delivered,宠物用品,21.48,4.08,25.560000000000002
2260,368,DF,2023-07-26,delivered,厨具,593.17,68.53,661.6999999999999
2260,368,DF,2023-07-26,delivered,服饰,451.54,43.69,495.23
2261,368,DF,2023-01-03,delivered,电脑配件,785.79,146.8,932.5899999999999
2262,368,DF,2024-05-11,delivered,玩具,270.18,38.24,308.42
2262,368,DF,2024-05-11,delivered,家居家具,675.09,73.01,748.1
2262,368,DF,2024-05-11,delivered,玩具,212.03,31.61,243.64
2263,368,DF,2024-05-03,delivered,美妆健康,25.34,2.22,27.56
2264,368,DF,2023-12-02,delivered,玩具,461.05,83.73,544.78
2264,368,DF,2023-12-02,delivered,服饰,412.14,21.81,433.95
2264,368,DF,2023-12-02,delivered,运动休闲,23.44,3.66,27.1
2265,368,DF,2023-10-30,delivered,美妆健康,178.21,34.02,212.23000000000002
2265,368,DF,2023-10-30,delivered,电脑配件,339.38,46.38,385.76
2266,368,DF,2023-01-06,delivered,厨具,329.88,61.97,391.85
2266,368,DF,2023-01-06,delivered,图书,35.38,3.58,38.96
2267,368,DF,2024-05-16,delivered,电子产品,387.59,37.26,424.84999999999997
2268,368,DF,2024-01-23,canceled,家居家具,695.64,79.1,774.74
2268,368,DF,2024-01-23,canceled,美妆健康,480.27,49.89,530.16
2269,368,DF,2024-03-17,delivered,家居家具,471.31,93.45,564.76
2269,368,DF,2024-03-17,delivered,运动休闲,454.19,64.45,518.64
2270,368,DF,2024-12-20,delivered,美妆健康,50.27,8.38,58.650000000000006
2270,368,DF,2024-12-20,delivered,宠物用品,456.47,62.15,518.62
2271,368,DF,2024-03-06,delivered,宠物用品,793.34,140.89,934.23
2271,368,DF,2024-03-06,delivered,服饰,730.86,126.48,857.34
2271,368,DF,2024-03-06,delivered,家居家具,280.9,28.11,309.01
2272,368,DF,2024-11-23,delivered,电脑配件,689.04,48.58,737.62
2272,368,DF,2024-11-23,delivered,图书,646.84,71.79,718.63
2273,369,PR,2023-04-08,delivered,运动休闲,485.17,43.69,528.86
2273,369,PR,2023-04-08,delivered,运动休闲,142.46,14.26,156.72
2273,369,PR,2023-04-08,delivered,电脑配件,796.95,149.64,946.59
2274,369,PR,2024-11-02,delivered,电子产品,478.63,66.74,545.37
2274,369,PR,2024-11-02,delivered,玩具,208.62,11.85,220.47
2275,369,PR,2024-10-20,canceled,家居家具,178.02,19.75,197.77
2276,369,PR,2023-12-21,delivered,美妆健康,251.17,27.04,278.21
2277,369,PR,2023-11-02,delivered,家居家具,555.08,69.7,624.7800000000001
2277,369,PR,2023-11-02,delivered,服饰,799.17,63.28,862.4499999999999
2277,369,PR,2023-11-02,delivered,服饰,434.02,53.54,487.56
2278,369,PR,2024-11-29,delivered,电子产品,415.37,62.04,477.41
2279,369,PR,2024-06-26,canceled,电子产品,237.32,26.8,264.12
2279,369,PR,2024-06-26,canceled,玩具,587.03,76.42,663.4499999999999
2280,369,PR,2023-12-26,delivered,厨具,239.27,47.72,286.99
2280,369,PR,2023-12-26,delivered,电脑配件,477.5,91.61,569.11
2280,369,PR,2023-12-26,delivered,玩具,355.21,50.86,406.07
2281,369,PR,2024-06-28,delivered,电脑配件,772.28,127.37,899.65
2281,369,PR,2024-06-28,delivered,电脑配件,40.09,4.55,44.64
2282,369,PR,2023-08-09,delivered,电子产品,422.66,76.53,499.19000000000005
2283,369,PR,2023-04-13,delivered,图书,235.56,13.45,249.01
2283,369,PR,2023-04-13,delivered,玩具,181.51,21.02,202.53
2283,369,PR,2023-04-13,delivered,玩具,498.74,49.1,547.84
2284,369,PR,2023-10-22,delivered,家居家具,739.17,145.39,884.56
2284,369,PR,2023-10-22,delivered,服饰,140.97,13.37,154.34
2284,369,PR,2023-10-22,delivered,厨具,696.94,44.37,741.3100000000001
2285,369,PR,2024-10-24,delivered,玩具,727.92,46.42,774.3399999999999
2286,369,PR,2024-05-16,delivered,图书,33.11,5.84,38.95
2286,369,PR,2024-05-16,delivered,图书,391.4,55.31,446.71
2286,369,PR,2024-05-16,delivered,服饰,435.81,68.42,504.23
2287,369,PR,2023-01-02,delivered,家居家具,212.64,23.18,235.82
2287,369,PR,2023-01-02,delivered,服饰,151.07,28.22,179.29
2288,369,PR,2024-08-01,delivered,玩具,380.95,41.43,422.38
2288,369,PR,2024-08-01,delivered,电子产品,139.56,16.71,156.27
2288,369,PR,2024-08-01,delivered,厨具,82.21,9.7,91.91
2289,369,PR,2024-11-28,delivered,服饰,111.4,21.45,132.85
2289,369,PR,2024-11-28,delivered,图书,577.72,111.19,688.9100000000001
2290,369,PR,2023-02-22,delivered,电子产品,462.69,29.45,492.14
2290,369,PR,2023-02-22,delivered,电脑配件,683.01,61.32,744.33
2290,369,PR,2023-02-22,delivered,图书,314.13,59.69,373.82
2291,369,PR,2024-07-20,delivered,运动休闲,362.19,56.15,418.34
2291,369,PR,2024-07-20,delivered,运动休闲,716.23,40.13,756.36
2291,369,PR,2024-07-20,delivered,图书,793.27,126.88,920.15
2292,369,PR,2024-07-04,delivered,美妆健康,606.55,92.64,699.1899999999999
2292,369,PR,2024-07-04,delivered,电子产品,615.58,54.72,670.3000000000001
2292,369,PR,2024-07-04,delivered,家居家具,296.71,31.84,328.54999999999995
2293,369,PR,2023-09-01,delivered,运动休闲,260.84,32.02,292.85999999999996
2293,369,PR,2023-09-01,delivered,服饰,120.4,11.04,131.44
2293,369,PR,2023-09-01,delivered,服饰,487.4,61.79,549.1899999999999
2294,369,PR,2024-11-27,delivered,电脑配件,438.25,65.44,503.69
2294,369,PR,2024-11-27,delivered,电子产品,388.07,53.12,441.19
2294,369,PR,2024-11-27,delivered,玩具,744.24,122.71,866.95
2295,369,PR,2024-08-12,delivered,家居家具,536.04,33.26,569.3
2295,369,PR,2024-08-12,delivered,家居家具,586.59,89.84,676.4300000000001
2296,369,PR,2023-11-17,delivered,电脑配件,188.76,11.75,200.51
2296,369,PR,2023-11-17,delivered,玩具,640.7,38.91,679.61
2296,369,PR,2023-11-17,delivered,电子产品,214.83,36.01,250.84
2297,369,PR,2023-03-09,delivered,图书,687.03,118.68,805.71
2298,369,PR,2024-09-21,delivered,服饰,128.57,14.3,142.87
2299,369,PR,2024-04-04,delivered,美妆健康,442.51,68.18,510.69
2299,369,PR,2024-04-04,delivered,厨具,738.32,95.81,834.1300000000001
2300,369,PR,2023-12-06,delivered,玩具,605.44,85.06,690.5
2300,369,PR,2023-12-06,delivered,运动休闲,100.77,12.92,113.69
2301,369,PR,2024-11-07,delivered,电子产品,407.99,24.92,432.91
2301,369,PR,2024-11-07,delivered,宠物用品,350.56,18.28,368.84000000000003
2302,369,PR,2024-11-03,delivered,电脑配件,48.87,4.71,53.58
2303,369,PR,2024-12-09,delivered,电子产品,309.36,20.46,329.82
2303,369,PR,2024-12-09,delivered,电脑配件,787.2,43.63,830.83
2303,369,PR,2024-12-09,delivered,玩具,690.84,42.97,733.8100000000001
2304,369,PR,2023-05-29,delivered,玩具,798.48,86.32,884.8
2304,369,PR,2023-05-29,delivered,服饰,438.05,55.56,493.61
2305,369,PR,2024-07-12,delivered,家居家具,36.84,3.38,40.220000000000006
2305,369,PR,2024-07-12,delivered,服饰,526.41,68.47,594.88
2305,369,PR,2024-07-12,delivered,玩具,776.26,94.07,870.3299999999999
2306,369,PR,2024-01-12,canceled,美妆健康,232.83,20.42,253.25
2307,369,PR,2024-10-03,delivered,美妆健康,95.16,5.36,100.52
2307,369,PR,2024-10-03,delivered,电脑配件,238.87,38.15,277.02
2307,369,PR,2024-10-03,delivered,玩具,255.18,14.58,269.76
2308,369,PR,2023-06-01,delivered,宠物用品,437.46,38.32,475.78
2308,369,PR,2023-06-01,delivered,厨具,646.7,70.36,717.0600000000001
2309,369,PR,2024-12-10,delivered,服饰,85.24,4.6,89.83999999999999
2309,369,PR,2024-12-10,delivered,宠物用品,20.14,1.92,22.060000000000002
2309,369,PR,2024-12-10,delivered,图书,137.56,21.66,159.22
2310,369,PR,2024-01-27,delivered,运动休闲,647.34,80.07,727.4100000000001
2311,369,PR,2023-10-24,delivered,图书,584.12,86.93,671.05
2311,369,PR,2023-10-24,delivered,家居家具,486.98,36.12,523.1
2311,369,PR,2023-10-24,delivered,运动休闲,728.01,78.56,806.5699999999999
2312,369,PR,2024-05-16,delivered,服饰,745.3,102.7,848.0
2312,369,PR,2024-05-16,delivered,运动休闲,265.41,24.03,289.44000000000005
2312,369,PR,2024-05-16,delivered,家居家具,55.11,5.36,60.47
2313,369,PR,2023-09-13,delivered,美妆健康,254.42,34.15,288.57
2314,369,PR,2024-01-03,delivered,运动休闲,516.56,100.16,616.7199999999999
2314,369,PR,2024-01-03,delivered,电脑配件,112.75,15.1,127.85
2315,369,PR,2024-01-15,delivered,服饰,367.56,39.25,406.81
2315,369,PR,2024-01-15,delivered,服饰,291.5,26.75,318.25
2315,369,PR,2024-01-15,delivered,图书,395.54,70.7,466.24
2316,369,PR,2024-02-15,delivered,玩具,211.31,21.48,232.79
2316,369,PR,2024-02-15,delivered,服饰,190.53,25.37,215.9
2317,369,PR,2024-03-27,delivered,电脑配件,202.93,16.18,219.11
2318,369,PR,2024-07-26,delivered,运动休闲,188.04,12.01,200.04999999999998
2318,369,PR,2024-07-26,delivered,美妆健康,114.5,15.11,129.61
2318,369,PR,2024-07-26,delivered,服饰,386.5,75.96,462.46
2319,369,PR,2023-03-12,delivered,图书,91.56,12.2,103.76
2319,369,PR,2023-03-12,delivered,电子产品,713.29,113.68,826.97
2320,369,PR,2023-09-30,delivered,运动休闲,687.31,43.13,730.4399999999999
2320,369,PR,2023-09-30,delivered,运动休闲,696.99,35.75,732.74
2321,369,PR,2024-12-02,delivered,服饰,35.54,3.89,39.43
2321,369,PR,2024-12-02,delivered,运动休闲,287.79,23.73,311.52000000000004
2321,369,PR,2024-12-02,delivered,厨具,211.07,11.44,222.51
2322,369,PR,2024-08-10,delivered,电子产品,130.11,14.31,144.42000000000002
2322,369,PR,2024-08-10,delivered,电脑配件,762.69,40.48,803.1700000000001
2323,369,PR,2024-10-09,canceled,玩具,102.04,19.12,121.16000000000001
2323,369,PR,2024-10-09,canceled,电脑配件,217.55,25.2,242.75
2324,369,PR,2024-10-15,canceled,运动休闲,236.2,23.7,259.9
2324,369,PR,2024-10-15,canceled,厨具,202.76,37.47,240.23
2324,369,PR,2024-10-15,canceled,电子产品,698.63,56.24,754.87
2325,370,RS,2024-12-13,delivered,玩具,165.97,20.91,186.88
2325,370,RS,2024-12-13,delivered,玩具,500.5,25.12,525.62
2325,370,RS,2024-12-13,delivered,厨具,375.55,52.66,428.21000000000004
2326,371,CE,2024-06-08,canceled,美妆健康,288.63,36.95,325.58
2326,371,CE,2024-06-08,canceled,服饰,475.28,45.59,520.87
2326,371,CE,2024-06-08,canceled,厨具,187.82,37.28,225.1
2327,372,SC,2024-04-12,delivered,运动休闲,223.66,16.25,239.91
2327,372,SC,2024-04-12,delivered,电脑配件,357.18,18.03,375.21000000000004
2328,373,MG,2023-07-19,canceled,运动休闲,726.63,45.89,772.52
2328,373,MG,2023-07-19,canceled,图书,219.78,36.87,256.65
2328,373,MG,2023-07-19,canceled,玩具,746.43,139.5,885.93
2329,374,SP,2023-08-21,delivered,图书,432.3,51.97,484.27
2329,374,SP,2023-08-21,delivered,玩具,405.11,25.15,430.26
2330,375,PA,2023-03-06,delivered,美妆健康,755.53,120.48,876.01
2330,375,PA,2023-03-06,delivered,玩具,436.6,57.76,494.36
2331,376,PR,2023-07-06,delivered,玩具,740.56,134.03,874.5899999999999
2331,376,PR,2023-07-06,delivered,玩具,485.95,96.03,581.98
2332,377,PE,2024-01-29,delivered,厨具,557.57,28.04,585.61
2332,377,PE,2024-01-29,delivered,图书,262.72,51.93,314.65000000000003
2332,377,PE,2024-01-29,delivered,服饰,742.12,130.37,872.49
2333,378,AM,2024-04-23,delivered,宠物用品,221.06,14.57,235.63
2333,378,AM,2024-04-23,delivered,电脑配件,208.18,22.47,230.65
2334,379,DF,2023-05-14,delivered,电子产品,234.05,13.01,247.06
2335,380,CE,2024-11-10,delivered,服饰,792.41,44.04,836.4499999999999
2336,381,SC,2024-03-15,delivered,运动休闲,512.6,74.81,587.4100000000001
2336,381,SC,2024-03-15,delivered,电子产品,792.15,150.67,942.8199999999999
2336,381,SC,2024-03-15,delivered,家居家具,478.35,27.17,505.52000000000004
2337,382,CE,2023-05-07,delivered,美妆健康,654.11,39.6,693.71
2337,382,CE,2023-05-07,delivered,家居家具,530.97,71.96,602.9300000000001
2338,383,MG,2024-06-04,delivered,运动休闲,751.18,104.46,855.64
2338,383,MG,2024-06-04,delivered,运动休闲,81.97,8.08,90.05
2338,383,MG,2024-06-04,delivered,宠物用品,517.5,41.46,558.96
2339,384,CE,2024-09-08,delivered,电脑配件,113.48,19.28,132.76
2339,384,CE,2024-09-08,delivered,玩具,769.12,40.38,809.5
2339,384,CE,2024-09-08,delivered,运动休闲,109.05,12.44,121.49
2340,384,CE,2023-12-25,canceled,服饰,729.38,119.41,848.79
2341,384,CE,2024-12-07,delivered,运动休闲,388.88,43.24,432.12
2342,384,CE,2023-01-18,delivered,美妆健康,409.64,22.0,431.64
2342,384,CE,2023-01-18,delivered,厨具,310.06,42.16,352.22
2342,384,CE,2023-01-18,delivered,服饰,789.42,71.75,861.17
2343,384,CE,2023-09-21,delivered,服饰,664.79,131.82,796.6099999999999
2343,384,CE,2023-09-21,delivered,运动休闲,242.61,33.22,275.83000000000004
2343,384,CE,2023-09-21,delivered,玩具,649.97,42.27,692.24
2344,384,CE,2024-07-27,canceled,服饰,258.49,47.62,306.11
2345,384,CE,2024-08-31,delivered,家居家具,421.47,51.16,472.63
2345,384,CE,2024-08-31,delivered,电脑配件,468.01,55.84,523.85
2346,384,CE,2023-11-29,delivered,电子产品,296.6,44.71,341.31
2346,384,CE,2023-11-29,delivered,电脑配件,591.73,61.26,652.99
2347,384,CE,2024-06-12,delivered,家居家具,613.35,92.03,705.38
2348,384,CE,2023-09-15,delivered,美妆健康,679.17,69.86,749.03
2348,384,CE,2023-09-15,delivered,运动休闲,249.7,42.52,292.21999999999997
2349,384,CE,2023-11-02,delivered,运动休闲,650.83,74.19,725.02
2350,384,CE,2024-04-22,delivered,图书,294.36,33.89,328.25
2350,384,CE,2024-04-22,delivered,电脑配件,762.52,109.27,871.79
2351,384,CE,2023-05-30,delivered,家居家具,719.95,61.86,781.8100000000001
2351,384,CE,2023-05-30,delivered,服饰,527.72,74.33,602.0500000000001
2352,384,CE,2023-06-20,delivered,服饰,78.96,10.1,89.05999999999999
2352,384,CE,2023-06-20,delivered,电子产品,234.41,16.32,250.73
2352,384,CE,2023-06-20,delivered,运动休闲,39.34,2.36,41.7
2353,384,CE,2024-05-10,delivered,家居家具,316.42,42.26,358.68
2353,384,CE,2024-05-10,delivered,厨具,552.42,45.34,597.76
2354,384,CE,2024-02-12,delivered,服饰,514.24,61.65,575.89
2355,384,CE,2023-03-01,delivered,图书,391.75,27.37,419.12
2355,384,CE,2023-03-01,delivered,玩具,371.97,36.96,408.93
2356,384,CE,2024-05-25,delivered,厨具,166.62,10.32,176.94
2356,384,CE,2024-05-25,delivered,玩具,139.46,24.93,164.39000000000001
2356,384,CE,2024-05-25,delivered,电脑配件,76.25,13.39,89.64
2357,384,CE,2024-11-25,delivered,电子产品,412.83,30.96,443.78999999999996
2357,384,CE,2024-11-25,delivered,电脑配件,382.67,32.08,414.75
2358,384,CE,2024-10-28,delivered,电脑配件,721.31,94.31,815.6199999999999
2358,384,CE,2024-10-28,delivered,图书,702.23,122.17,824.4
2359,384,CE,2024-11-06,delivered,厨具,702.82,107.96,810.7800000000001
2359,384,CE,2024-11-06,delivered,家居家具,163.48,24.48,187.95999999999998
2359,384,CE,2024-11-06,delivered,服饰,794.81,109.52,904.3299999999999
2360,384,CE,2023-09-01,delivered,运动休闲,223.45,30.36,253.81
2360,384,CE,2023-09-01,delivered,玩具,519.48,68.8,588.28
2361,384,CE,2023-05-04,delivered,玩具,732.27,106.74,839.01
2361,384,CE,2023-05-04,delivered,运动休闲,408.44,41.49,449.93
2362,384,CE,2024-02-02,delivered,电子产品,524.45,56.58,581.0300000000001
2362,384,CE,2024-02-02,delivered,运动休闲,789.73,114.34,904.07
2362,384,CE,2024-02-02,delivered,玩具,39.48,5.02,44.5
2363,384,CE,2023-04-06,delivered,家居家具,599.11,115.0,714.11
2363,384,CE,2023-04-06,delivered,宠物用品,315.02,31.58,346.59999999999997
2363,384,CE,2023-04-06,delivered,服饰,773.96,115.54,889.5
2364,384,CE,2023-12-20,delivered,宠物用品,618.0,106.73,724.73
2364,384,CE,2023-12-20,delivered,图书,160.71,23.22,183.93
2364,384,CE,2023-12-20,delivered,电子产品,592.55,69.48,662.03
2365,384,CE,2024-01-20,delivered,电子产品,476.97,66.42,543.39
2366,384,CE,2024-08-13,canceled,家居家具,533.11,26.77,559.88
2367,384,CE,2024-06-08,delivered,厨具,716.22,59.06,775.28
2367,384,CE,2024-06-08,delivered,图书,780.25,117.1,897.35
2367,384,CE,2024-06-08,delivered,玩具,214.01,40.11,254.12
2368,384,CE,2024-09-21,delivered,服饰,729.0,99.7,828.7
2368,384,CE,2024-09-21,delivered,运动休闲,570.09,76.25,646.34
2369,384,CE,2023-02-18,delivered,服饰,232.94,20.13,253.07
2369,384,CE,2023-02-18,delivered,宠物用品,756.82,73.16,829.98
2369,384,CE,2023-02-18,delivered,电子产品,179.75,32.46,212.21
2370,384,CE,2023-10-02,delivered,电子产品,340.0,28.67,368.67
2370,384,CE,2023-10-02,delivered,服饰,546.53,40.43,586.9599999999999
2370,384,CE,2023-10-02,delivered,玩具,90.0,13.27,103.27
2371,384,CE,2023-11-28,delivered,玩具,650.5,65.99,716.49
2371,384,CE,2023-11-28,delivered,电脑配件,759.41,47.79,807.1999999999999
2371,384,CE,2023-11-28,delivered,美妆健康,625.14,86.56,711.7
2372,384,CE,2023-03-01,delivered,电子产品,793.42,123.96,917.38
2373,384,CE,2024-09-06,delivered,电脑配件,86.73,10.59,97.32000000000001
2373,384,CE,2024-09-06,delivered,运动休闲,264.78,46.11,310.89
2373,384,CE,2024-09-06,delivered,运动休闲,430.51,29.31,459.82
2374,384,CE,2023-12-19,delivered,美妆健康,218.32,17.94,236.26
2374,384,CE,2023-12-19,delivered,运动休闲,673.64,93.84,767.48
2374,384,CE,2023-12-19,delivered,电子产品,536.57,49.64,586.21
2375,384,CE,2023-09-26,delivered,电子产品,608.56,118.74,727.3
2376,384,CE,2024-09-21,delivered,电子产品,467.45,39.34,506.78999999999996
2376,384,CE,2024-09-21,delivered,厨具,676.66,87.87,764.53
2376,384,CE,2024-09-21,delivered,服饰,570.57,44.8,615.37
2377,384,CE,2024-07-29,delivered,电脑配件,294.38,37.17,331.55
2377,384,CE,2024-07-29,delivered,运动休闲,375.61,19.46,395.07
2378,384,CE,2024-12-15,delivered,宠物用品,329.47,40.69,370.16
2378,384,CE,2024-12-15,delivered,图书,112.48,21.22,133.7
2378,384,CE,2024-12-15,delivered,运动休闲,30.51,4.96,35.47
2379,384,CE,2024-10-13,delivered,玩具,795.12,158.35,953.47
2379,384,CE,2024-10-13,delivered,电子产品,359.66,40.18,399.84000000000003
2380,384,CE,2024-08-12,delivered,玩具,374.16,49.36,423.52000000000004
2380,384,CE,2024-08-12,delivered,电子产品,240.04,27.68,267.71999999999997
2381,384,CE,2024-06-19,delivered,电脑配件,373.02,73.51,446.53
2381,384,CE,2024-06-19,delivered,美妆健康,643.8,106.72,750.52
2381,384,CE,2024-06-19,delivered,宠物用品,791.2,138.59,929.7900000000001
2382,384,CE,2024-07-03,canceled,美妆健康,236.1,44.72,280.82
2382,384,CE,2024-07-03,canceled,电脑配件,252.11,16.15,268.26
2383,384,CE,2023-09-12,delivered,美妆健康,785.09,70.53,855.62
2384,384,CE,2024-06-03,delivered,服饰,632.57,91.22,723.7900000000001
2385,384,CE,2023-05-20,delivered,宠物用品,99.64,15.26,114.9
2385,384,CE,2023-05-20,delivered,美妆健康,718.74,94.9,813.64
2385,384,CE,2023-05-20,delivered,服饰,528.62,55.77,584.39
2386,384,CE,2023-12-22,delivered,玩具,783.72,105.36,889.08
2386,384,CE,2023-12-22,delivered,图书,650.81,102.53,753.3399999999999
2386,384,CE,2023-12-22,delivered,运动休闲,757.6,65.95,823.5500000000001
2387,384,CE,2023-02-13,delivered,运动休闲,485.75,57.03,542.78
2387,384,CE,2023-02-13,delivered,服饰,292.47,56.63,349.1
2387,384,CE,2023-02-13,delivered,服饰,435.67,77.63,513.3
2388,384,CE,2024-11-14,delivered,电子产品,221.97,37.03,259.0
2388,384,CE,2024-11-14,delivered,美妆健康,705.15,77.67,782.8199999999999
2389,384,CE,2024-02-02,delivered,电子产品,798.64,84.9,883.54
2389,384,CE,2024-02-02,delivered,厨具,132.27,18.53,150.8
2390,384,CE,2024-02-26,delivered,厨具,46.25,6.47,52.72
2391,384,CE,2023-03-15,delivered,电脑配件,371.17,58.99,430.16
2392,384,CE,2024-11-21,delivered,玩具,713.05,89.08,802.13
2392,384,CE,2024-11-21,delivered,美妆健康,638.66,79.63,718.29
2393,384,CE,2023-04-25,delivered,电子产品,406.77,27.51,434.28
2394,384,CE,2023-05-31,delivered,美妆健康,687.81,84.64,772.4499999999999
2394,384,CE,2023-05-31,delivered,厨具,59.47,3.62,63.089999999999996
2394,384,CE,2023-05-31,delivered,电子产品,550.88,57.77,608.65
2395,384,CE,2024-07-13,delivered,家居家具,409.29,78.44,487.73
2396,384,CE,2024-03-12,delivered,宠物用品,222.22,35.96,258.18
2397,384,CE,2024-07-27,delivered,厨具,323.01,46.82,369.83
2398,384,CE,2024-12-30,canceled,运动休闲,228.88,37.32,266.2
2399,384,CE,2023-05-15,delivered,电子产品,352.67,39.74,392.41
2399,384,CE,2023-05-15,delivered,宠物用品,154.27,16.47,170.74
2400,384,CE,2023-11-12,delivered,电脑配件,701.33,64.87,766.2
2400,384,CE,2023-11-12,delivered,图书,575.5,52.94,628.44
2400,384,CE,2023-11-12,delivered,美妆健康,761.15,86.22,847.37
2401,384,CE,2024-05-02,delivered,电脑配件,705.51,36.46,741.97
2402,384,CE,2024-06-27,delivered,玩具,425.73,58.4,484.13
2402,384,CE,2024-06-27,delivered,服饰,603.94,88.74,692.6800000000001
2403,384,CE,2023-07-14,delivered,服饰,701.4,55.15,756.55
2403,384,CE,2023-07-14,delivered,美妆健康,663.18,95.9,759.0799999999999
2404,384,CE,2024-09-12,delivered,美妆健康,191.39,34.14,225.52999999999997
2405,384,CE,2024-12-06,canceled,玩具,25.4,3.58,28.979999999999997
2406,384,CE,2024-07-04,delivered,家居家具,651.63,47.58,699.21
2406,384,CE,2024-07-04,delivered,电脑配件,674.95,113.11,788.0600000000001
2407,384,CE,2023-05-21,delivered,服饰,731.45,100.29,831.74
2407,384,CE,2023-05-21,delivered,美妆健康,401.13,40.91,442.03999999999996
2407,384,CE,2023-05-21,delivered,服饰,514.92,77.71,592.63
2408,384,CE,2023-10-20,delivered,家居家具,248.12,38.63,286.75
2408,384,CE,2023-10-20,delivered,玩具,569.6,101.93,671.53
2409,384,CE,2023-09-05,delivered,美妆健康,772.87,58.25,831.12
2410,384,CE,2024-01-10,delivered,运动休闲,314.64,27.42,342.06
2411,384,CE,2024-05-15,delivered,运动休闲,296.56,55.41,351.97
2411,384,CE,2024-05-15,delivered,玩具,731.32,73.24,804.5600000000001
2412,384,CE,2024-04-27,delivered,厨具,261.97,39.25,301.22
2412,384,CE,2024-04-27,delivered,服饰,304.24,55.69,359.93
2413,384,CE,2023-09-23,delivered,厨具,174.36,25.94,200.3
2414,384,CE,2024-04-14,canceled,厨具,467.42,26.74,494.16
2415,384,CE,2024-11-23,delivered,图书,768.08,133.13,901.21
2415,384,CE,2024-11-23,delivered,图书,501.88,74.59,576.47
2415,384,CE,2024-11-23,delivered,厨具,745.95,74.2,820.1500000000001
2416,384,CE,2024-08-30,delivered,宠物用品,64.57,6.45,71.02
2416,384,CE,2024-08-30,delivered,运动休闲,772.06,137.73,909.79
2416,384,CE,2024-08-30,delivered,家居家具,639.09,59.71,698.8000000000001
2417,384,CE,2024-11-02,delivered,电子产品,392.63,53.63,446.26
2417,384,CE,2024-11-02,delivered,电脑配件,553.68,82.05,635.7299999999999
2418,385,MG,2024-02-05,delivered,玩具,514.12,46.75,560.87
2418,385,MG,2024-02-05,delivered,家居家具,564.85,111.0,675.85
2418,385,MG,2024-02-05,delivered,图书,148.56,29.23,177.79
2419,386,CE,2024-03-09,delivered,宠物用品,547.21,53.7,600.9100000000001
2419,386,CE,2024-03-09,delivered,图书,549.02,54.89,603.91
2419,386,CE,2024-03-09,delivered,电脑配件,281.47,29.55,311.02000000000004
2420,386,CE,2024-06-05,delivered,服饰,732.46,134.94,867.4000000000001
2420,386,CE,2024-06-05,delivered,服饰,286.48,20.35,306.83000000000004
2420,386,CE,2024-06-05,delivered,玩具,239.96,31.8,271.76
2421,386,CE,2024-07-11,delivered,电子产品,725.23,112.53,837.76
2421,386,CE,2024-07-11,delivered,运动休闲,740.95,99.61,840.5600000000001
2422,386,CE,2024-02-28,delivered,电脑配件,481.89,83.26,565.15
2423,386,CE,2023-05-24,delivered,图书,142.53,20.8,163.33
2423,386,CE,2023-05-24,delivered,家居家具,341.22,31.36,372.58000000000004
2424,386,CE,2024-01-11,delivered,厨具,356.48,44.47,400.95000000000005
2424,386,CE,2024-01-11,delivered,服饰,572.15,29.11,601.26
2424,386,CE,2024-01-11,delivered,电子产品,650.14,76.75,726.89
2425,386,CE,2024-12-30,delivered,服饰,322.51,60.09,382.6
2426,386,CE,2024-11-22,delivered,电脑配件,780.13,58.73,838.86
2426,386,CE,2024-11-22,delivered,图书,243.37,25.75,269.12
2427,386,CE,2024-09-06,delivered,宠物用品,580.17,86.95,667.12
2427,386,CE,2024-09-06,delivered,服饰,591.47,30.57,622.0400000000001
2428,386,CE,2023-12-13,delivered,厨具,84.68,4.45,89.13000000000001
2428,386,CE,2023-12-13,delivered,玩具,797.61,111.95,909.5600000000001
2429,386,CE,2024-10-19,delivered,电子产品,553.09,47.2,600.2900000000001
2430,386,CE,2023-10-21,delivered,服饰,721.45,57.64,779.09
2431,386,CE,2023-09-06,canceled,电子产品,567.8,30.38,598.18
2432,386,CE,2023-12-04,delivered,厨具,706.05,120.03,826.0799999999999
2433,386,CE,2024-05-17,delivered,玩具,502.42,44.88,547.3000000000001
2434,386,CE,2023-07-03,delivered,服饰,482.72,66.37,549.09
2435,386,CE,2023-12-12,delivered,厨具,22.38,1.12,23.5
2435,386,CE,2023-12-12,delivered,电子产品,667.01,65.32,732.3299999999999
2436,387,CE,2024-05-07,delivered,家居家具,561.8,30.2,592.0
2436,387,CE,2024-05-07,delivered,玩具,139.81,10.3,150.11
2437,388,SP,2023-11-26,delivered,运动休闲,544.13,28.51,572.64
2438,389,PE,2024-09-16,delivered,宠物用品,163.54,26.98,190.51999999999998
2439,390,MG,2023-04-18,delivered,服饰,47.21,7.19,54.4
2440,391,DF,2024-07-02,delivered,电脑配件,69.74,5.8,75.53999999999999
2440,391,DF,2024-07-02,delivered,服饰,487.35,93.99,581.34
2441,392,SP,2024-11-13,delivered,玩具,311.69,34.95,346.64
2441,392,SP,2024-11-13,delivered,电脑配件,503.39,89.26,592.65
2441,392,SP,2024-11-13,delivered,运动休闲,714.76,72.05,786.81
2442,393,MG,2023-03-11,delivered,电脑配件,647.18,53.29,700.4699999999999
2442,393,MG,2023-03-11,delivered,厨具,65.52,9.86,75.38
2443,394,MG,2024-10-26,delivered,家居家具,605.33,38.49,643.82
2443,394,MG,2024-10-26,delivered,厨具,677.96,59.51,737.47
2444,395,MG,2023-01-02,delivered,服饰,774.59,46.16,820.75
2445,396,PE,2024-05-05,delivered,美妆健康,266.5,37.04,303.54
2446,396,PE,2024-10-11,delivered,玩具,305.28,60.56,365.84
2446,396,PE,2024-10-11,delivered,电子产品,146.68,26.38,173.06
2446,396,PE,2024-10-11,delivered,宠物用品,465.23,86.01,551.24
2447,396,PE,2024-08-16,delivered,玩具,779.56,123.25,902.81
2447,396,PE,2024-08-16,delivered,宠物用品,40.81,7.75,48.56
2447,396,PE,2024-08-16,delivered,电子产品,340.34,21.37,361.71
2448,396,PE,2024-01-23,delivered,家居家具,498.48,70.46,568.94
2448,396,PE,2024-01-23,delivered,电子产品,178.84,32.82,211.66
2448,396,PE,2024-01-23,delivered,厨具,234.25,26.59,260.84
2449,396,PE,2024-09-13,delivered,玩具,407.02,33.98,441.0
2449,396,PE,2024-09-13,delivered,家居家具,63.6,10.03,73.63
2450,396,PE,2024-05-22,delivered,图书,469.03,71.89,540.92
2451,396,PE,2023-08-29,delivered,电子产品,645.3,85.69,730.99
2452,396,PE,2024-12-13,canceled,服饰,244.7,31.14,275.84
2452,396,PE,2024-12-13,canceled,厨具,564.91,81.39,646.3
2453,396,PE,2023-12-30,delivered,运动休闲,128.23,9.7,137.92999999999998
2453,396,PE,2023-12-30,delivered,电脑配件,253.02,17.84,270.86
2453,396,PE,2023-12-30,delivered,图书,465.41,31.14,496.55
2454,396,PE,2024-08-28,delivered,图书,560.92,58.04,618.9599999999999
2454,396,PE,2024-08-28,delivered,家居家具,580.7,94.99,675.69
2455,396,PE,2024-11-29,delivered,服饰,233.78,31.46,265.24
2455,396,PE,2024-11-29,delivered,服饰,798.85,101.78,900.63
2456,396,PE,2023-06-01,delivered,图书,194.73,38.46,233.19
2457,396,PE,2024-05-26,delivered,家居家具,420.3,34.86,455.16
2457,396,PE,2024-05-26,delivered,电脑配件,716.06,89.01,805.0699999999999
2457,396,PE,2024-05-26,delivered,运动休闲,537.99,87.88,625.87
2458,396,PE,2024-12-20,delivered,玩具,660.81,104.1,764.91
2458,396,PE,2024-12-20,delivered,电脑配件,309.22,38.58,347.8
2458,396,PE,2024-12-20,delivered,美妆健康,140.2,13.67,153.86999999999998
2459,396,PE,2023-10-12,canceled,电脑配件,740.97,103.81,844.78
2460,396,PE,2023-05-18,delivered,美妆健康,162.54,16.0,178.54
2461,396,PE,2024-09-02,delivered,家居家具,194.13,35.42,229.55
2462,396,PE,2023-08-21,canceled,家居家具,270.03,25.41,295.44
2463,396,PE,2024-02-26,delivered,电脑配件,701.93,87.52,789.4499999999999
2464,396,PE,2023-11-04,delivered,服饰,433.16,27.58,460.74
2465,396,PE,2023-11-21,delivered,图书,640.16,89.29,729.4499999999999
2466,396,PE,2023-05-19,canceled,服饰,458.33,79.1,537.43
2466,396,PE,2023-05-19,canceled,宠物用品,315.01,52.1,367.11
2466,396,PE,2023-05-19,canceled,服饰,641.78,74.23,716.01
2467,396,PE,2024-09-02,canceled,电子产品,368.69,23.29,391.98
2467,396,PE,2024-09-02,canceled,厨具,74.91,10.59,85.5
2468,397,DF,2024-01-19,delivered,电脑配件,109.25,12.65,121.9
2468,397,DF,2024-01-19,delivered,运动休闲,303.15,33.33,336.47999999999996
2469,398,PA,2024-11-13,delivered,服饰,310.73,59.03,369.76
2469,398,PA,2024-11-13,delivered,宠物用品,705.6,105.98,811.58
2470,399,RJ,2024-01-08,delivered,宠物用品,389.76,27.43,417.19
2470,399,RJ,2024-01-08,delivered,玩具,306.5,50.97,357.47
2470,399,RJ,2024-01-08,delivered,厨具,448.92,66.78,515.7
2471,400,CE,2023-12-02,delivered,厨具,786.76,143.05,929.81
2471,400,CE,2023-12-02,delivered,运动休闲,430.39,82.44,512.8299999999999
2471,400,CE,2023-12-02,delivered,服饰,216.66,12.08,228.74
2472,401,SP,2024-06-25,delivered,家居家具,758.09,55.97,814.0600000000001
2472,401,SP,2024-06-25,delivered,服饰,367.87,73.03,440.9
2473,402,PR,2023-02-24,delivered,玩具,452.35,64.6,516.95
2473,402,PR,2023-02-24,delivered,图书,340.47,30.61,371.08000000000004
2474,403,AM,2023-11-05,delivered,玩具,653.01,76.27,729.28
2475,404,CE,2023-07-31,delivered,电子产品,507.67,50.3,557.97
2476,405,CE,2024-12-06,canceled,服饰,751.97,143.43,895.4000000000001
2477,406,CE,2024-10-25,delivered,电子产品,456.6,25.68,482.28000000000003
2477,406,CE,2024-10-25,delivered,电脑配件,588.27,64.37,652.64
2477,406,CE,2024-10-25,delivered,厨具,653.94,82.42,736.36
2478,407,PE,2024-10-05,canceled,运动休闲,145.45,24.28,169.73
2479,408,RJ,2023-12-26,delivered,运动休闲,472.13,89.46,561.59
2479,408,RJ,2023-12-26,delivered,图书,515.3,95.05,610.3499999999999
2480,409,CE,2024-11-05,delivered,厨具,80.26,13.08,93.34
2480,409,CE,2024-11-05,delivered,玩具,502.93,61.29,564.22
2481,410,SP,2024-02-27,delivered,家居家具,737.09,135.76,872.85
2481,410,SP,2024-02-27,delivered,运动休闲,618.1,41.77,659.87
2482,411,BA,2024-03-03,delivered,电子产品,45.54,3.08,48.62
2482,411,BA,2024-03-03,delivered,宠物用品,560.72,111.38,672.1
2482,411,BA,2024-03-03,delivered,家居家具,476.04,72.11,548.15
2483,412,BA,2023-03-29,delivered,家居家具,70.14,12.96,83.1
2484,413,RS,2023-11-28,delivered,服饰,337.44,58.57,396.01
2484,413,RS,2023-11-28,delivered,运动休闲,458.32,62.59,520.91
2484,413,RS,2023-11-28,delivered,玩具,739.2,66.05,805.25
2485,414,SP,2024-12-26,delivered,玩具,159.69,14.07,173.76
2486,414,SP,2023-10-15,delivered,运动休闲,406.12,54.93,461.05
2486,414,SP,2023-10-15,delivered,服饰,631.28,55.23,686.51
2487,414,SP,2024-12-12,delivered,运动休闲,80.05,13.93,93.97999999999999
2487,414,SP,2024-12-12,delivered,家居家具,109.17,7.92,117.09
2488,414,SP,2023-11-13,delivered,玩具,133.17,18.96,152.13
2488,414,SP,2023-11-13,delivered,宠物用品,772.41,43.88,816.29
2488,414,SP,2023-11-13,delivered,家居家具,154.76,8.29,163.04999999999998
2489,414,SP,2024-07-25,delivered,运动休闲,100.4,8.29,108.69
2489,414,SP,2024-07-25,delivered,电脑配件,28.17,1.42,29.590000000000003
2490,414,SP,2023-10-01,delivered,宠物用品,192.56,36.79,229.35
2491,415,RJ,2024-07-03,delivered,电脑配件,550.35,78.77,629.12
2492,416,CE,2023-10-15,delivered,玩具,119.54,10.67,130.21
2492,416,CE,2023-10-15,delivered,图书,200.12,13.12,213.24
2493,417,PE,2024-07-26,delivered,运动休闲,392.12,32.45,424.57
2493,417,PE,2024-07-26,delivered,美妆健康,354.06,51.52,405.58
2494,418,CE,2024-01-09,delivered,电子产品,548.11,61.77,609.88
2495,419,SP,2024-02-07,delivered,运动休闲,354.22,64.67,418.89000000000004
2495,419,SP,2024-02-07,delivered,厨具,524.9,40.52,565.42
2495,419,SP,2024-02-07,delivered,电脑配件,351.57,49.31,400.88
2496,420,RJ,2024-11-08,delivered,运动休闲,751.49,78.89,830.38
2496,420,RJ,2024-11-08,delivered,服饰,665.28,102.3,767.5799999999999
2497,421,PE,2024-11-17,delivered,厨具,214.39,26.54,240.92999999999998
2497,421,PE,2024-11-17,delivered,家居家具,569.41,105.93,675.3399999999999
2498,422,PR,2024-06-07,delivered,图书,668.45,54.78,723.23
2499,423,DF,2024-05-11,delivered,图书,144.07,7.77,151.84
2499,423,DF,2024-05-11,delivered,电脑配件,196.21,28.37,224.58
2499,423,DF,2024-05-11,delivered,运动休闲,101.92,15.14,117.06
2500,424,CE,2024-05-15,delivered,服饰,760.87,112.59,873.46
2500,424,CE,2024-05-15,delivered,服饰,599.51,61.66,661.17
2500,424,CE,2024-05-15,delivered,电子产品,43.78,2.64,46.42
2501,425,DF,2024-04-10,delivered,图书,301.47,28.93,330.40000000000003
2502,426,CE,2023-07-11,delivered,服饰,571.97,107.76,679.73
2502,426,CE,2023-07-11,delivered,图书,675.49,48.63,724.12
2502,426,CE,2023-07-11,delivered,电脑配件,514.34,79.26,593.6
2503,427,BA,2023-10-02,delivered,美妆健康,192.79,21.36,214.14999999999998
2504,427,BA,2024-08-15,delivered,图书,127.85,25.26,153.10999999999999
2505,427,BA,2024-04-19,delivered,电子产品,452.39,52.4,504.78999999999996
2505,427,BA,2024-04-19,delivered,玩具,233.06,22.02,255.08
2505,427,BA,2024-04-19,delivered,家居家具,537.02,49.78,586.8
2506,427,BA,2024-06-26,delivered,玩具,710.32,114.78,825.1
2507,427,BA,2024-06-17,delivered,厨具,166.56,28.41,194.97
2507,427,BA,2024-06-17,delivered,玩具,536.67,55.55,592.2199999999999
2508,427,BA,2023-11-12,delivered,电脑配件,117.51,19.3,136.81
2508,427,BA,2023-11-12,delivered,服饰,758.27,118.73,877.0
2508,427,BA,2023-11-12,delivered,服饰,295.61,18.43,314.04
2509,427,BA,2023-10-16,delivered,图书,752.78,43.05,795.8299999999999
2510,427,BA,2024-05-10,delivered,服饰,374.14,60.48,434.62
2510,427,BA,2024-05-10,delivered,运动休闲,455.21,70.11,525.3199999999999
2511,427,BA,2023-05-10,delivered,电脑配件,27.85,5.1,32.95
2512,427,BA,2024-11-17,delivered,运动休闲,580.5,91.53,672.03
2513,427,BA,2024-03-17,delivered,图书,467.71,75.05,542.76
2514,427,BA,2024-01-11,delivered,美妆健康,770.79,148.97,919.76
2514,427,BA,2024-01-11,delivered,宠物用品,691.52,117.29,808.81
2514,427,BA,2024-01-11,delivered,运动休闲,375.96,45.13,421.09
2515,427,BA,2024-01-23,delivered,宠物用品,225.92,16.82,242.73999999999998
2515,427,BA,2024-01-23,delivered,电子产品,80.0,13.79,93.78999999999999
2515,427,BA,2024-01-23,delivered,图书,685.03,65.92,750.9499999999999
2516,427,BA,2024-01-20,delivered,运动休闲,705.17,104.63,809.8
2516,427,BA,2024-01-20,delivered,家居家具,771.22,134.51,905.73
2517,427,BA,2024-05-17,delivered,电子产品,496.03,78.8,574.8299999999999
2518,427,BA,2023-07-20,delivered,电脑配件,710.13,115.82,825.95
2518,427,BA,2023-07-20,delivered,玩具,27.68,2.39,30.07
2518,427,BA,2023-07-20,delivered,服饰,108.45,21.23,129.68
2519,427,BA,2023-07-08,delivered,图书,525.08,35.13,560.21
2519,427,BA,2023-07-08,delivered,运动休闲,377.54,32.21,409.75
2520,427,BA,2023-11-12,delivered,运动休闲,506.01,38.98,544.99
2521,427,BA,2023-06-20,delivered,厨具,646.13,40.07,686.2
2521,427,BA,2023-06-20,delivered,家居家具,291.23,28.47,319.70000000000005
2522,427,BA,2023-05-24,delivered,电脑配件,79.31,6.64,85.95
2522,427,BA,2023-05-24,delivered,运动休闲,552.79,85.72,638.51
2523,427,BA,2024-10-02,delivered,图书,734.2,42.2,776.4000000000001
2524,427,BA,2024-09-10,delivered,厨具,330.45,60.52,390.96999999999997
2525,427,BA,2024-12-03,delivered,家居家具,450.18,45.27,495.45
2526,427,BA,2024-04-05,delivered,图书,357.7,37.37,395.07
2526,427,BA,2024-04-05,delivered,电脑配件,290.02,36.4,326.41999999999996
2527,427,BA,2023-02-03,delivered,厨具,536.51,75.42,611.93
2527,427,BA,2023-02-03,delivered,电脑配件,653.95,35.78,689.73
2528,427,BA,2024-01-28,delivered,运动休闲,182.85,31.03,213.88
2528,427,BA,2024-01-28,delivered,运动休闲,644.76,95.04,739.8
2528,427,BA,2024-01-28,delivered,运动休闲,69.38,9.58,78.96
2529,427,BA,2024-10-22,canceled,运动休闲,180.54,18.1,198.64
2529,427,BA,2024-10-22,canceled,服饰,717.39,86.06,803.45
2529,427,BA,2024-10-22,canceled,电子产品,411.07,42.52,453.59
2530,427,BA,2024-05-02,delivered,玩具,784.02,102.76,886.78
2531,427,BA,2024-08-15,delivered,图书,350.93,39.24,390.17
2532,427,BA,2024-02-03,delivered,家居家具,778.1,114.37,892.47
2533,427,BA,2024-07-13,delivered,运动休闲,424.28,25.17,449.45
2533,427,BA,2024-07-13,delivered,图书,530.39,70.99,601.38
2533,427,BA,2024-07-13,delivered,玩具,504.26,43.48,547.74
2534,427,BA,2024-08-14,delivered,服饰,75.39,14.33,89.72
2534,427,BA,2024-08-14,delivered,玩具,412.18,26.14,438.32
2535,427,BA,2024-03-28,delivered,图书,143.11,16.07,159.18
2536,427,BA,2024-02-23,canceled,服饰,179.11,33.8,212.91000000000003
2537,427,BA,2024-10-19,delivered,家居家具,108.73,7.76,116.49000000000001
2537,427,BA,2024-10-19,delivered,服饰,711.78,42.09,753.87
2538,427,BA,2024-09-21,delivered,厨具,554.07,31.86,585.9300000000001
2538,427,BA,2024-09-21,delivered,玩具,233.66,24.55,258.21
2538,427,BA,2024-09-21,delivered,家居家具,468.84,54.51,523.35
2539,427,BA,2024-11-01,delivered,家居家具,198.83,34.18,233.01000000000002
2539,427,BA,2024-11-01,delivered,运动休闲,26.91,3.33,30.240000000000002
2540,427,BA,2023-11-30,delivered,运动休闲,351.13,49.32,400.45
2540,427,BA,2023-11-30,delivered,服饰,77.02,7.04,84.06
2540,427,BA,2023-11-30,delivered,宠物用品,647.43,36.04,683.4699999999999
2541,427,BA,2023-03-17,delivered,玩具,570.96,57.65,628.61
2541,427,BA,2023-03-17,delivered,厨具,554.7,67.77,622.47
2541,427,BA,2023-03-17,delivered,家居家具,536.62,29.06,565.68
2542,427,BA,2024-03-12,delivered,图书,576.06,80.63,656.6899999999999
2542,427,BA,2024-03-12,delivered,玩具,620.93,31.81,652.7399999999999
2543,427,BA,2024-07-18,delivered,电脑配件,362.08,48.99,411.07
2543,427,BA,2024-07-18,delivered,玩具,355.78,39.79,395.57
2544,427,BA,2023-02-27,delivered,厨具,246.74,39.02,285.76
2544,427,BA,2023-02-27,delivered,图书,227.35,41.22,268.57
2545,427,BA,2024-08-11,delivered,运动休闲,91.28,12.47,103.75
2545,427,BA,2024-08-11,delivered,厨具,221.25,42.55,263.8
2546,427,BA,2023-04-13,delivered,玩具,40.66,6.61,47.269999999999996
2547,427,BA,2023-05-15,delivered,图书,621.35,60.05,681.4
2548,427,BA,2023-06-22,delivered,服饰,730.58,126.85,857.4300000000001
2548,427,BA,2023-06-22,delivered,服饰,45.65,8.85,54.5
2548,427,BA,2023-06-22,delivered,运动休闲,205.82,18.96,224.78
2549,427,BA,2023-04-11,delivered,服饰,456.55,44.86,501.41
2549,427,BA,2023-04-11,delivered,家居家具,455.67,41.24,496.91
2550,427,BA,2024-05-02,canceled,电脑配件,515.84,67.22,583.0600000000001
2550,427,BA,2024-05-02,canceled,宠物用品,483.42,75.9,559.32
2551,427,BA,2024-12-08,delivered,美妆健康,699.01,107.22,806.23
2551,427,BA,2024-12-08,delivered,美妆健康,325.76,42.26,368.02
2551,427,BA,2024-12-08,delivered,玩具,474.21,49.87,524.0799999999999
2552,427,BA,2024-01-30,delivered,厨具,685.93,41.92,727.8499999999999
2553,427,BA,2024-11-19,delivered,玩具,548.07,80.18,628.25
2554,427,BA,2023-06-20,delivered,玩具,73.43,13.92,87.35000000000001
2554,427,BA,2023-06-20,delivered,玩具,759.98,71.47,831.45
2554,427,BA,2023-06-20,delivered,玩具,671.34,129.57,800.9100000000001
2555,427,BA,2023-03-05,delivered,玩具,234.3,44.92,279.22
2555,427,BA,2023-03-05,delivered,电子产品,140.52,12.82,153.34
2555,427,BA,2023-03-05,delivered,服饰,428.72,36.42,465.14000000000004
2556,427,BA,2024-06-15,delivered,图书,28.28,4.29,32.57
2557,427,BA,2024-08-22,delivered,玩具,263.48,46.87,310.35
2558,427,BA,2024-11-14,delivered,图书,578.02,36.69,614.71
2558,427,BA,2024-11-14,delivered,玩具,405.36,47.09,452.45000000000005
2559,427,BA,2024-01-08,delivered,玩具,739.96,69.52,809.48
2559,427,BA,2024-01-08,delivered,运动休闲,448.68,52.81,501.49
2559,427,BA,2024-01-08,delivered,服饰,281.09,30.05,311.14
2560,427,BA,2024-02-26,delivered,家居家具,708.33,58.23,766.5600000000001
2560,427,BA,2024-02-26,delivered,玩具,566.12,53.34,619.46
2561,427,BA,2024-09-27,delivered,家居家具,71.48,11.91,83.39
2562,427,BA,2024-11-17,delivered,宠物用品,584.0,111.75,695.75
2563,427,BA,2024-10-25,delivered,电子产品,164.25,29.85,194.1
2563,427,BA,2024-10-25,delivered,家居家具,488.55,73.54,562.09
2564,427,BA,2023-07-19,delivered,宠物用品,755.95,114.94,870.8900000000001
2564,427,BA,2023-07-19,delivered,运动休闲,376.72,44.41,421.13
2564,427,BA,2023-07-19,delivered,家居家具,709.12,94.54,803.66
2565,427,BA,2024-05-18,delivered,电脑配件,389.52,24.66,414.18
2565,427,BA,2024-05-18,delivered,家居家具,709.82,118.75,828.57
2565,427,BA,2024-05-18,delivered,电子产品,170.82,30.63,201.45
2566,427,BA,2024-05-26,delivered,运动休闲,403.77,49.07,452.84
2567,427,BA,2024-02-12,delivered,厨具,118.73,19.34,138.07
2568,427,BA,2024-01-30,delivered,厨具,524.98,37.67,562.65
2568,427,BA,2024-01-30,delivered,电子产品,240.29,45.09,285.38
2569,427,BA,2024-11-30,delivered,家居家具,619.56,55.17,674.7299999999999
2570,427,BA,2024-09-15,delivered,厨具,745.57,82.02,827.59
2570,427,BA,2024-09-15,delivered,美妆健康,31.36,2.77,34.13
2571,427,BA,2024-11-25,delivered,图书,590.99,88.53,679.52
2571,427,BA,2024-11-25,delivered,玩具,357.87,71.56,429.43
2571,427,BA,2024-11-25,delivered,宠物用品,250.4,25.95,276.35
2572,427,BA,2024-04-20,delivered,电脑配件,382.78,29.82,412.59999999999997
2572,427,BA,2024-04-20,delivered,玩具,477.16,59.32,536.48
2572,427,BA,2024-04-20,delivered,服饰,282.79,50.41,333.20000000000005
2573,427,BA,2024-03-06,delivered,宠物用品,215.75,30.08,245.82999999999998
2574,427,BA,2023-02-20,delivered,美妆健康,673.05,103.54,776.5899999999999
2574,427,BA,2023-02-20,delivered,玩具,20.82,3.49,24.310000000000002
2575,427,BA,2024-03-24,delivered,家居家具,640.82,85.35,726.1700000000001
2575,427,BA,2024-03-24,delivered,电脑配件,333.59,45.68,379.27
2575,427,BA,2024-03-24,delivered,运动休闲,747.8,116.81,864.6099999999999
2576,427,BA,2024-10-10,delivered,服饰,406.47,27.49,433.96000000000004
2576,427,BA,2024-10-10,delivered,服饰,340.56,17.27,357.83
2577,427,BA,2024-05-27,delivered,美妆健康,690.72,38.45,729.1700000000001
2577,427,BA,2024-05-27,delivered,电脑配件,562.29,109.58,671.87
2578,427,BA,2024-09-16,delivered,厨具,79.99,8.2,88.19
2578,427,BA,2024-09-16,delivered,宠物用品,307.94,39.39,347.33
2578,427,BA,2024-09-16,delivered,服饰,296.64,36.15,332.78999999999996
2579,427,BA,2023-04-14,delivered,运动休闲,98.16,12.01,110.17
2579,427,BA,2023-04-14,delivered,服饰,504.36,85.07,589.4300000000001
2580,427,BA,2023-10-05,delivered,玩具,596.88,45.74,642.62
2580,427,BA,2023-10-05,delivered,电脑配件,289.05,49.85,338.90000000000003
2581,427,BA,2024-05-20,delivered,服饰,691.49,83.52,775.01
2582,427,BA,2023-09-03,delivered,玩具,698.44,63.2,761.6400000000001
2582,427,BA,2023-09-03,delivered,玩具,485.25,84.67,569.92
2583,428,PA,2024-01-02,delivered,美妆健康,561.19,31.37,592.5600000000001
2583,428,PA,2024-01-02,delivered,厨具,689.52,72.02,761.54
2584,429,RS,2024-12-16,delivered,运动休闲,326.52,59.06,385.58
2585,430,PE,2024-03-25,delivered,服饰,496.9,29.75,526.65
2586,431,CE,2024-11-18,delivered,厨具,663.74,34.41,698.15
2587,432,CE,2024-05-17,delivered,家居家具,606.79,32.34,639.13
2588,433,PE,2024-01-28,canceled,美妆健康,217.58,35.01,252.59
2588,433,PE,2024-01-28,canceled,电子产品,649.37,119.45,768.82
2589,434,CE,2024-07-04,delivered,电脑配件,390.48,28.46,418.94
2589,434,CE,2024-07-04,delivered,电脑配件,59.91,7.69,67.6
2589,434,CE,2024-07-04,delivered,美妆健康,38.33,3.96,42.29
2590,435,BA,2024-06-04,delivered,图书,190.72,34.96,225.68
2591,435,BA,2023-02-19,delivered,服饰,390.03,63.42,453.45
2591,435,BA,2023-02-19,delivered,电子产品,475.04,57.08,532.12
2591,435,BA,2023-02-19,delivered,电子产品,303.16,16.05,319.21000000000004
2592,435,BA,2024-03-18,delivered,电脑配件,256.59,29.85,286.44
2592,435,BA,2024-03-18,delivered,服饰,246.63,33.39,280.02
2593,435,BA,2024-04-27,delivered,服饰,770.96,84.53,855.49
2594,435,BA,2024-05-16,delivered,图书,442.63,47.14,489.77
2594,435,BA,2024-05-16,delivered,服饰,565.41,79.22,644.63
2595,435,BA,2024-07-24,delivered,家居家具,395.33,72.41,467.74
2595,435,BA,2024-07-24,delivered,图书,788.06,118.74,906.8
2596,435,BA,2023-12-01,delivered,厨具,473.04,74.62,547.6600000000001
2596,435,BA,2023-12-01,delivered,宠物用品,774.06,120.04,894.0999999999999
2596,435,BA,2023-12-01,delivered,家居家具,224.2,19.27,243.47
2597,435,BA,2024-11-16,delivered,玩具,273.58,47.52,321.09999999999997
2597,435,BA,2024-11-16,delivered,美妆健康,566.4,33.19,599.5899999999999
2598,435,BA,2024-05-17,delivered,玩具,118.99,19.5,138.49
2598,435,BA,2024-05-17,delivered,玩具,261.04,33.32,294.36
2598,435,BA,2024-05-17,delivered,图书,779.09,123.4,902.49
2599,435,BA,2023-01-13,delivered,电脑配件,236.64,17.8,254.44
2599,435,BA,2023-01-13,delivered,美妆健康,79.32,11.42,90.74
2599,435,BA,2023-01-13,delivered,美妆健康,579.05,36.27,615.3199999999999
2600,435,BA,2024-10-27,delivered,厨具,258.55,27.05,285.6
2601,435,BA,2023-05-04,delivered,宠物用品,564.29,91.18,655.47
2601,435,BA,2023-05-04,delivered,美妆健康,47.84,5.04,52.88
2601,435,BA,2023-05-04,delivered,美妆健康,571.1,33.67,604.77
2602,435,BA,2023-09-15,delivered,宠物用品,335.33,40.89,376.21999999999997
2602,435,BA,2023-09-15,delivered,厨具,730.42,98.3,828.7199999999999
2603,435,BA,2024-09-13,delivered,家居家具,549.59,30.3,579.89
2603,435,BA,2024-09-13,delivered,运动休闲,188.96,24.22,213.18
2603,435,BA,2024-09-13,delivered,电脑配件,236.21,47.09,283.3
2604,435,BA,2023-12-08,delivered,运动休闲,556.51,33.33,589.84
2605,435,BA,2024-10-20,delivered,电脑配件,174.89,28.56,203.45
2606,435,BA,2023-10-11,delivered,服饰,303.5,36.22,339.72
2606,435,BA,2023-10-11,delivered,电子产品,325.3,59.36,384.66
2606,435,BA,2023-10-11,delivered,玩具,669.91,56.06,725.97
2607,435,BA,2023-03-27,delivered,美妆健康,287.79,15.43,303.22
2607,435,BA,2023-03-27,delivered,运动休闲,84.26,4.76,89.02000000000001
2607,435,BA,2023-03-27,delivered,玩具,741.35,62.05,803.4
2608,435,BA,2023-05-27,delivered,运动休闲,91.11,9.73,100.84
2608,435,BA,2023-05-27,delivered,服饰,104.08,8.69,112.77
2608,435,BA,2023-05-27,delivered,图书,605.87,66.55,672.42
2609,435,BA,2024-02-18,delivered,玩具,84.79,11.66,96.45
2609,435,BA,2024-02-18,delivered,运动休闲,283.87,39.95,323.82
2609,435,BA,2024-02-18,delivered,服饰,793.53,44.64,838.17
2610,435,BA,2023-03-10,delivered,图书,634.04,76.03,710.0699999999999
2610,435,BA,2023-03-10,delivered,电子产品,121.75,15.55,137.3
2611,435,BA,2024-11-17,delivered,电脑配件,705.38,100.06,805.44
2611,435,BA,2024-11-17,delivered,家居家具,210.43,18.48,228.91
2611,435,BA,2024-11-17,delivered,玩具,689.44,100.16,789.6
2612,435,BA,2023-05-17,delivered,电脑配件,701.46,77.12,778.58
2612,435,BA,2023-05-17,delivered,运动休闲,492.79,71.72,564.51
2612,435,BA,2023-05-17,delivered,家居家具,412.59,39.29,451.88
2613,435,BA,2023-04-26,delivered,电子产品,748.77,74.89,823.66
2614,435,BA,2024-07-21,delivered,美妆健康,294.1,20.16,314.26000000000005
2615,435,BA,2024-01-26,delivered,运动休闲,71.68,5.67,77.35000000000001
2615,435,BA,2024-01-26,delivered,运动休闲,89.27,4.62,93.89
2616,435,BA,2024-09-14,delivered,玩具,682.8,119.4,802.1999999999999
2617,435,BA,2024-10-18,delivered,电脑配件,439.8,22.03,461.83000000000004
2617,435,BA,2024-10-18,delivered,运动休闲,490.17,24.56,514.73
2618,435,BA,2023-05-07,delivered,厨具,751.82,59.49,811.3100000000001
2619,435,BA,2024-06-06,delivered,家居家具,61.61,8.3,69.91
2619,435,BA,2024-06-06,delivered,图书,739.37,69.07,808.44
2620,435,BA,2024-03-16,delivered,玩具,478.8,35.37,514.17
2621,435,BA,2024-09-12,delivered,美妆健康,280.45,36.13,316.58
2622,435,BA,2023-08-08,delivered,电子产品,528.18,46.1,574.28
2622,435,BA,2023-08-08,delivered,家居家具,541.79,78.92,620.7099999999999
2622,435,BA,2023-08-08,delivered,家居家具,118.64,19.99,138.63
2623,435,BA,2023-10-22,delivered,玩具,366.29,38.85,405.14000000000004
2624,435,BA,2023-11-12,delivered,玩具,477.46,45.04,522.5
2624,435,BA,2023-11-12,delivered,图书,624.73,124.06,748.79
2624,435,BA,2023-11-12,delivered,运动休闲,256.74,15.78,272.52
2625,435,BA,2024-05-11,delivered,服饰,297.79,56.04,353.83000000000004
2626,435,BA,2024-01-21,delivered,服饰,709.57,56.72,766.2900000000001
2627,435,BA,2023-04-08,delivered,玩具,26.81,1.53,28.34
2628,435,BA,2023-10-06,delivered,图书,723.77,66.63,790.4
2628,435,BA,2023-10-06,delivered,图书,623.37,100.95,724.32
2629,435,BA,2024-07-01,delivered,服饰,311.37,56.28,367.65
2629,435,BA,2024-07-01,delivered,玩具,345.31,26.34,371.65
2630,435,BA,2024-06-18,delivered,玩具,731.76,90.96,822.72
2630,435,BA,2024-06-18,delivered,玩具,142.61,11.67,154.28
2631,435,BA,2023-11-06,delivered,玩具,400.93,36.03,436.96000000000004
2632,435,BA,2024-10-29,delivered,运动休闲,668.2,55.38,723.58
2632,435,BA,2024-10-29,delivered,家居家具,533.91,96.86,630.77
2632,435,BA,2024-10-29,delivered,厨具,290.36,30.28,320.64
2633,435,BA,2024-12-26,delivered,美妆健康,174.83,23.65,198.48000000000002
2633,435,BA,2024-12-26,delivered,家居家具,597.64,37.1,634.74
2634,435,BA,2024-12-15,delivered,服饰,654.0,70.31,724.31
2635,435,BA,2023-04-14,delivered,宠物用品,740.16,94.76,834.92
2636,435,BA,2023-03-20,delivered,电子产品,303.87,38.11,341.98
2637,435,BA,2024-07-24,delivered,电脑配件,766.81,80.37,847.18
2638,435,BA,2024-02-20,delivered,宠物用品,216.0,36.5,252.5
2638,435,BA,2024-02-20,delivered,玩具,506.3,54.01,560.3100000000001
2639,435,BA,2023-12-10,delivered,服饰,743.88,43.79,787.67
2640,435,BA,2024-03-01,delivered,宠物用品,695.39,64.23,759.62
2640,435,BA,2024-03-01,delivered,服饰,118.49,19.27,137.76
2641,435,BA,2023-08-02,canceled,电脑配件,188.49,26.22,214.71
2641,435,BA,2023-08-02,canceled,图书,744.24,122.82,867.06
2641,435,BA,2023-08-02,canceled,电子产品,782.39,115.31,897.7
2642,435,BA,2024-05-04,delivered,玩具,91.5,10.75,102.25
2643,435,BA,2023-03-06,delivered,运动休闲,80.73,10.44,91.17
2644,435,BA,2024-07-02,delivered,服饰,469.38,35.86,505.24
2644,435,BA,2024-07-02,delivered,服饰,165.19,17.15,182.34
2644,435,BA,2024-07-02,delivered,玩具,156.08,13.49,169.57000000000002
2645,435,BA,2024-05-01,delivered,电子产品,665.08,38.68,703.76
2645,435,BA,2024-05-01,delivered,电脑配件,645.57,74.5,720.07
2645,435,BA,2024-05-01,delivered,运动休闲,784.89,127.45,912.34
2646,435,BA,2024-12-03,delivered,图书,96.57,18.8,115.36999999999999
2646,435,BA,2024-12-03,delivered,厨具,724.81,112.43,837.24
2647,435,BA,2023-12-12,delivered,电脑配件,96.16,5.71,101.86999999999999
2647,435,BA,2023-12-12,delivered,图书,328.53,56.91,385.43999999999994
2648,435,BA,2024-11-01,delivered,服饰,459.79,88.14,547.9300000000001
2648,435,BA,2024-11-01,delivered,美妆健康,476.92,74.57,551.49
2649,435,BA,2023-09-16,delivered,玩具,499.4,99.77,599.17
2649,435,BA,2023-09-16,delivered,电子产品,115.03,15.17,130.2
2650,435,BA,2023-11-11,delivered,运动休闲,515.71,61.61,577.32
2651,435,BA,2023-11-04,delivered,电脑配件,363.18,29.5,392.68
2651,435,BA,2023-11-04,delivered,图书,478.96,24.56,503.52
2652,435,BA,2024-08-21,delivered,厨具,175.28,26.52,201.8
2653,435,BA,2024-10-05,delivered,厨具,29.14,5.11,34.25
2653,435,BA,2024-10-05,delivered,电脑配件,348.97,51.86,400.83000000000004
2653,435,BA,2024-10-05,delivered,电子产品,283.99,29.42,313.41
2654,436,PA,2023-10-16,canceled,图书,292.82,25.48,318.3
2654,436,PA,2023-10-16,canceled,玩具,372.95,72.07,445.02
2655,437,CE,2024-03-17,delivered,运动休闲,462.76,25.44,488.2
2655,437,CE,2024-03-17,delivered,服饰,130.15,19.31,149.46
2655,437,CE,2024-03-17,delivered,玩具,610.83,72.21,683.0400000000001
2656,438,RS,2024-12-14,delivered,厨具,528.74,44.79,573.53
2657,439,CE,2024-03-05,delivered,服饰,533.59,105.37,638.96
2657,439,CE,2024-03-05,delivered,厨具,426.51,42.59,469.1
2657,439,CE,2024-03-05,delivered,电子产品,127.65,17.33,144.98000000000002
2658,440,BA,2023-08-15,delivered,厨具,552.8,37.93,590.7299999999999
2658,440,BA,2023-08-15,delivered,厨具,467.93,66.32,534.25
2659,441,PE,2024-09-08,delivered,宠物用品,448.65,36.97,485.62
2660,442,MG,2023-07-14,delivered,玩具,409.37,21.35,430.72
2660,442,MG,2023-07-14,delivered,运动休闲,456.6,57.6,514.2
2661,443,SC,2023-07-20,delivered,厨具,373.88,45.84,419.72
2661,443,SC,2023-07-20,delivered,电子产品,213.72,35.87,249.59
2662,443,SC,2023-12-13,canceled,图书,279.21,18.63,297.84
2662,443,SC,2023-12-13,canceled,图书,50.4,9.41,59.81
2663,443,SC,2024-11-23,delivered,厨具,690.07,50.81,740.8800000000001
2664,443,SC,2024-12-27,delivered,服饰,424.57,63.76,488.33
2664,443,SC,2024-12-27,delivered,家居家具,613.09,44.27,657.36
2665,443,SC,2023-05-27,delivered,电子产品,381.35,20.28,401.63
2665,443,SC,2023-05-27,delivered,玩具,725.86,114.24,840.1
2665,443,SC,2023-05-27,delivered,玩具,447.08,85.54,532.62
2666,443,SC,2023-02-05,delivered,电脑配件,439.89,52.91,492.79999999999995
2666,443,SC,2023-02-05,delivered,图书,431.81,48.02,479.83
2667,443,SC,2023-01-13,delivered,家居家具,270.77,14.09,284.85999999999996
2667,443,SC,2023-01-13,delivered,厨具,560.84,53.25,614.09
2668,443,SC,2024-08-02,delivered,图书,120.33,8.33,128.66
2668,443,SC,2024-08-02,delivered,厨具,636.25,84.09,720.34
2669,443,SC,2023-04-30,delivered,玩具,491.55,32.95,524.5
2669,443,SC,2023-04-30,delivered,玩具,730.9,75.84,806.74
2669,443,SC,2023-04-30,delivered,美妆健康,710.09,52.82,762.9100000000001
2670,443,SC,2024-08-31,canceled,宠物用品,391.31,66.38,457.69
2670,443,SC,2024-08-31,canceled,玩具,248.79,38.55,287.34
2671,443,SC,2024-06-12,delivered,美妆健康,52.28,9.14,61.42
2671,443,SC,2024-06-12,delivered,厨具,719.22,98.27,817.49
2672,443,SC,2023-04-21,delivered,运动休闲,478.72,26.28,505.0
2673,443,SC,2024-12-28,delivered,服饰,758.27,148.46,906.73
2673,443,SC,2024-12-28,delivered,运动休闲,543.48,53.05,596.53
2674,443,SC,2023-10-29,delivered,家居家具,209.1,29.36,238.45999999999998
2674,443,SC,2023-10-29,delivered,宠物用品,246.61,47.38,293.99
2674,443,SC,2023-10-29,delivered,宠物用品,371.03,55.09,426.12
2675,443,SC,2024-11-25,delivered,电子产品,183.89,12.69,196.57999999999998
2675,443,SC,2024-11-25,delivered,玩具,766.7,149.63,916.33
2676,443,SC,2023-08-18,delivered,图书,373.57,71.24,444.81
2677,443,SC,2023-06-10,delivered,服饰,115.67,21.49,137.16
2677,443,SC,2023-06-10,delivered,美妆健康,297.4,43.96,341.35999999999996
2678,443,SC,2024-09-20,delivered,厨具,474.31,59.03,533.34
2678,443,SC,2024-09-20,delivered,图书,687.45,73.27,760.72
2678,443,SC,2024-09-20,delivered,运动休闲,392.97,59.16,452.13
2679,443,SC,2024-08-03,delivered,运动休闲,747.87,61.05,808.92
2679,443,SC,2024-08-03,delivered,玩具,207.11,39.59,246.70000000000002
2680,443,SC,2024-08-04,delivered,运动休闲,417.32,81.77,499.09
2681,443,SC,2024-01-29,delivered,运动休闲,181.03,28.35,209.38
2681,443,SC,2024-01-29,delivered,玩具,58.3,5.31,63.61
2682,443,SC,2023-05-06,delivered,玩具,296.65,42.68,339.33
2682,443,SC,2023-05-06,delivered,玩具,417.03,75.52,492.54999999999995
2683,443,SC,2023-11-03,delivered,电子产品,539.39,48.48,587.87
2684,443,SC,2024-11-27,delivered,运动休闲,186.77,32.54,219.31
2684,443,SC,2024-11-27,delivered,电子产品,724.36,50.42,774.78
2684,443,SC,2024-11-27,delivered,运动休闲,672.2,60.49,732.69
2685,443,SC,2024-01-14,delivered,电子产品,555.99,67.9,623.89
2686,443,SC,2024-08-31,delivered,电脑配件,693.51,97.77,791.28
2686,443,SC,2024-08-31,delivered,玩具,524.06,37.79,561.8499999999999
2686,443,SC,2024-08-31,delivered,家居家具,555.23,40.18,595.41
2687,443,SC,2024-09-13,delivered,服饰,618.25,71.67,689.92
2687,443,SC,2024-09-13,delivered,家居家具,585.76,55.88,641.64
2687,443,SC,2024-09-13,delivered,厨具,365.4,56.25,421.65
2688,443,SC,2024-11-12,delivered,电脑配件,410.04,57.34,467.38
2688,443,SC,2024-11-12,delivered,电脑配件,759.42,85.6,845.02
2688,443,SC,2024-11-12,delivered,宠物用品,379.72,32.45,412.17
2689,443,SC,2023-01-26,delivered,电脑配件,583.12,65.58,648.7
2690,443,SC,2024-06-11,delivered,电子产品,626.43,108.14,734.5699999999999
2690,443,SC,2024-06-11,delivered,运动休闲,362.09,56.68,418.77
2690,443,SC,2024-06-11,delivered,电脑配件,108.66,13.72,122.38
2691,443,SC,2023-11-14,delivered,家居家具,476.94,24.68,501.62
2691,443,SC,2023-11-14,delivered,电子产品,512.96,76.71,589.6700000000001
2692,443,SC,2024-11-23,delivered,电脑配件,641.45,114.13,755.58
2693,443,SC,2023-11-04,canceled,厨具,437.47,32.42,469.89000000000004
2694,443,SC,2024-04-14,delivered,厨具,181.96,11.32,193.28
2695,443,SC,2024-12-22,delivered,玩具,247.16,43.95,291.11
2695,443,SC,2024-12-22,delivered,图书,321.97,41.01,362.98
2695,443,SC,2024-12-22,delivered,服饰,71.31,11.56,82.87
2696,443,SC,2024-10-13,delivered,宠物用品,478.51,32.8,511.31
2696,443,SC,2024-10-13,delivered,美妆健康,597.32,55.45,652.7700000000001
2697,443,SC,2023-10-18,delivered,玩具,515.53,60.68,576.2099999999999
2698,443,SC,2023-03-04,delivered,宠物用品,133.46,18.73,152.19
2698,443,SC,2023-03-04,delivered,电脑配件,469.27,42.21,511.47999999999996
2698,443,SC,2023-03-04,delivered,玩具,653.09,81.55,734.64
2699,443,SC,2023-06-12,delivered,电脑配件,512.07,79.91,591.98
2699,443,SC,2023-06-12,delivered,电脑配件,25.53,1.64,27.17
2699,443,SC,2023-06-12,delivered,图书,646.99,112.0,758.99
2700,443,SC,2024-03-11,delivered,图书,172.08,17.36,189.44
2700,443,SC,2024-03-11,delivered,运动休闲,451.37,28.87,480.24
2700,443,SC,2024-03-11,delivered,宠物用品,310.27,60.15,370.41999999999996
2701,443,SC,2024-12-10,delivered,厨具,326.48,18.62,345.1
2701,443,SC,2024-12-10,delivered,宠物用品,373.18,71.56,444.74
2701,443,SC,2024-12-10,delivered,玩具,507.41,32.69,540.1
2702,443,SC,2023-04-01,delivered,服饰,65.28,6.8,72.08
2703,443,SC,2024-05-19,delivered,家居家具,780.46,85.91,866.37
2704,443,SC,2023-06-24,canceled,厨具,189.17,26.15,215.32
2705,443,SC,2023-11-04,delivered,美妆健康,144.41,21.99,166.4
2706,443,SC,2024-01-11,delivered,服饰,376.49,44.47,420.96000000000004
2706,443,SC,2024-01-11,delivered,服饰,76.24,12.39,88.63
2707,443,SC,2024-02-04,delivered,美妆健康,278.55,48.0,326.55
2707,443,SC,2024-02-04,delivered,玩具,203.51,29.6,233.10999999999999
2708,443,SC,2024-03-01,delivered,玩具,785.4,42.1,827.5
2709,443,SC,2023-01-21,delivered,美妆健康,502.9,83.77,586.67
2710,443,SC,2024-11-15,delivered,玩具,279.31,26.36,305.67
2710,443,SC,2024-11-15,delivered,美妆健康,408.7,23.94,432.64
2711,443,SC,2024-11-21,delivered,运动休闲,324.39,48.99,373.38
2712,443,SC,2024-01-20,delivered,家居家具,757.4,136.82,894.22
2712,443,SC,2024-01-20,delivered,宠物用品,246.52,24.73,271.25
2713,443,SC,2023-11-06,delivered,家居家具,459.23,43.18,502.41
2713,443,SC,2023-11-06,delivered,电脑配件,276.23,21.04,297.27000000000004
2714,443,SC,2024-08-26,delivered,家居家具,774.39,117.61,892.0
2714,443,SC,2024-08-26,delivered,玩具,431.95,42.83,474.78
2714,443,SC,2024-08-26,delivered,电子产品,535.61,49.7,585.3100000000001
2715,443,SC,2023-12-06,delivered,服饰,368.01,52.37,420.38
2715,443,SC,2023-12-06,delivered,玩具,70.46,8.81,79.27
2715,443,SC,2023-12-06,delivered,家居家具,341.54,41.99,383.53000000000003
2716,443,SC,2023-10-12,delivered,运动休闲,684.38,128.13,812.51
2717,443,SC,2023-01-15,delivered,厨具,499.03,73.16,572.1899999999999
2718,443,SC,2023-03-24,delivered,电子产品,217.64,32.35,249.98999999999998
2719,443,SC,2024-12-11,delivered,玩具,329.38,57.38,386.76
2720,443,SC,2024-06-17,delivered,电子产品,314.98,44.08,359.06
2720,443,SC,2024-06-17,delivered,运动休闲,62.94,4.07,67.00999999999999
2720,443,SC,2024-06-17,delivered,运动休闲,331.89,62.39,394.28
2721,443,SC,2024-12-24,delivered,电脑配件,744.16,91.52,835.68
2721,443,SC,2024-12-24,delivered,家居家具,360.0,48.59,408.59000000000003
2722,443,SC,2024-07-22,delivered,电子产品,55.97,6.51,62.48
2722,443,SC,2024-07-22,delivered,电脑配件,441.29,44.77,486.06
2723,443,SC,2024-08-16,delivered,家居家具,548.66,97.43,646.0899999999999
2723,443,SC,2024-08-16,delivered,玩具,45.15,8.27,53.42
2724,443,SC,2024-10-26,delivered,服饰,265.0,43.18,308.18
2724,443,SC,2024-10-26,delivered,厨具,297.05,19.06,316.11
2725,443,SC,2024-12-14,delivered,服饰,636.96,78.23,715.19
2725,443,SC,2024-12-14,delivered,宠物用品,757.48,97.59,855.07
2725,443,SC,2024-12-14,delivered,电脑配件,89.34,10.66,100.0
2726,443,SC,2024-06-13,delivered,家居家具,226.78,34.93,261.71
2726,443,SC,2024-06-13,delivered,图书,606.01,76.6,682.61
2726,443,SC,2024-06-13,delivered,运动休闲,239.35,44.4,283.75
2727,443,SC,2024-09-27,delivered,图书,215.07,27.94,243.01
2728,443,SC,2023-12-22,delivered,服饰,541.52,59.36,600.88
2728,443,SC,2023-12-22,delivered,厨具,584.49,52.54,637.03
2728,443,SC,2023-12-22,delivered,电子产品,140.37,24.64,165.01
2729,443,SC,2023-09-07,delivered,玩具,142.48,17.65,160.13
2729,443,SC,2023-09-07,delivered,美妆健康,254.04,49.1,303.14
2730,443,SC,2024-03-08,delivered,宠物用品,629.39,75.55,704.9399999999999
2730,443,SC,2024-03-08,delivered,服饰,425.18,55.1,480.28000000000003
2731,443,SC,2024-03-25,delivered,厨具,183.38,14.03,197.41
2732,443,SC,2024-11-28,delivered,美妆健康,326.37,20.47,346.84000000000003
2732,443,SC,2024-11-28,delivered,服饰,413.69,67.79,481.48
2732,443,SC,2024-11-28,delivered,宠物用品,515.88,88.43,604.31
2733,443,SC,2024-05-15,delivered,宠物用品,328.5,62.55,391.05
2733,443,SC,2024-05-15,delivered,电子产品,72.51,6.92,79.43
2734,443,SC,2024-06-03,delivered,服饰,259.69,40.27,299.96
2734,443,SC,2024-06-03,delivered,电子产品,329.91,43.41,373.32000000000005
2735,443,SC,2023-12-26,delivered,运动休闲,179.03,15.33,194.36
2735,443,SC,2023-12-26,delivered,厨具,176.09,13.37,189.46
2736,443,SC,2024-04-04,delivered,运动休闲,257.91,19.11,277.02000000000004
2736,443,SC,2024-04-04,delivered,服饰,614.67,111.08,725.75
2737,443,SC,2024-12-26,delivered,美妆健康,799.64,138.79,938.43
2737,443,SC,2024-12-26,delivered,服饰,677.84,103.12,780.96
2737,443,SC,2024-12-26,delivered,家居家具,551.65,76.19,627.8399999999999
2738,443,SC,2023-11-02,delivered,电脑配件,200.99,24.43,225.42000000000002
2738,443,SC,2023-11-02,delivered,服饰,730.45,90.55,821.0
2738,443,SC,2023-11-02,delivered,电脑配件,179.85,22.86,202.70999999999998
2739,443,SC,2024-12-01,delivered,玩具,631.9,52.32,684.22
2739,443,SC,2024-12-01,delivered,运动休闲,68.06,12.34,80.4
2740,444,RJ,2023-10-08,canceled,玩具,228.41,26.94,255.35
2740,444,RJ,2023-10-08,canceled,电子产品,771.91,133.83,905.74
2741,445,SC,2024-10-02,delivered,服饰,333.75,49.66,383.40999999999997
2742,446,PE,2024-08-03,delivered,服饰,561.7,30.07,591.7700000000001
2742,446,PE,2024-08-03,delivered,家居家具,197.02,12.02,209.04000000000002
2742,446,PE,2024-08-03,delivered,电子产品,276.48,39.37,315.85
2743,447,PR,2023-09-03,delivered,厨具,743.93,73.05,816.9799999999999
2743,447,PR,2023-09-03,delivered,厨具,538.68,100.18,638.8599999999999
2743,447,PR,2023-09-03,delivered,电子产品,432.64,72.42,505.06
2744,447,PR,2023-07-19,delivered,服饰,648.74,44.59,693.33
2744,447,PR,2023-07-19,delivered,宠物用品,632.15,64.95,697.1
2744,447,PR,2023-07-19,delivered,宠物用品,173.06,32.68,205.74
2745,447,PR,2023-03-09,delivered,美妆健康,480.22,76.9,557.12
2745,447,PR,2023-03-09,delivered,电子产品,428.09,83.45,511.53999999999996
2745,447,PR,2023-03-09,delivered,运动休闲,769.95,68.5,838.45
2746,447,PR,2023-03-24,delivered,玩具,622.08,48.62,670.7
2746,447,PR,2023-03-24,delivered,服饰,300.04,29.46,329.5
2747,447,PR,2023-11-16,delivered,家居家具,550.48,79.19,629.6700000000001
2747,447,PR,2023-11-16,delivered,家居家具,194.56,26.23,220.79
2748,447,PR,2024-03-14,delivered,厨具,521.84,59.21,581.0500000000001
2748,447,PR,2024-03-14,delivered,厨具,723.73,97.26,820.99
2749,447,PR,2023-07-01,delivered,运动休闲,183.92,11.52,195.44
2749,447,PR,2023-07-01,delivered,运动休闲,41.71,3.49,45.2
2750,447,PR,2023-10-21,delivered,服饰,84.09,15.98,100.07000000000001
2750,447,PR,2023-10-21,delivered,厨具,64.35,3.42,67.77
2751,447,PR,2024-12-03,delivered,服饰,615.95,36.45,652.4000000000001
2752,447,PR,2024-06-12,delivered,玩具,280.01,15.01,295.02
2752,447,PR,2024-06-12,delivered,电脑配件,737.03,48.19,785.22
2753,447,PR,2024-01-05,delivered,图书,557.61,109.7,667.3100000000001
2753,447,PR,2024-01-05,delivered,服饰,675.16,79.36,754.52
2753,447,PR,2024-01-05,delivered,服饰,579.36,77.82,657.1800000000001
2754,447,PR,2023-12-14,delivered,电脑配件,485.45,67.37,552.8199999999999
2755,447,PR,2024-10-15,delivered,玩具,563.07,36.99,600.0600000000001
2755,447,PR,2024-10-15,delivered,运动休闲,170.94,10.29,181.23
2755,447,PR,2024-10-15,delivered,运动休闲,766.66,138.55,905.21
2756,447,PR,2023-02-20,delivered,图书,509.35,73.7,583.0500000000001
2756,447,PR,2023-02-20,delivered,服饰,625.69,80.12,705.8100000000001
2756,447,PR,2023-02-20,delivered,运动休闲,429.54,53.7,483.24
2757,447,PR,2024-01-18,delivered,电脑配件,759.44,94.7,854.1400000000001
2758,447,PR,2024-10-11,delivered,图书,160.35,16.16,176.51
2758,447,PR,2024-10-11,delivered,家居家具,341.17,61.7,402.87
2758,447,PR,2024-10-11,delivered,电脑配件,488.52,86.16,574.68
2759,447,PR,2023-01-26,delivered,家居家具,162.41,28.16,190.57
2760,447,PR,2023-12-01,delivered,家居家具,76.3,15.09,91.39
2760,447,PR,2023-12-01,delivered,玩具,430.64,69.67,500.31
2761,447,PR,2024-07-11,delivered,服饰,161.25,19.63,180.88
2762,447,PR,2024-12-21,delivered,家居家具,167.45,29.85,197.29999999999998
2762,447,PR,2024-12-21,delivered,玩具,423.2,84.48,507.68
2762,447,PR,2024-12-21,delivered,图书,599.34,105.49,704.83
2763,447,PR,2024-10-14,delivered,电子产品,614.55,47.06,661.6099999999999
2764,447,PR,2023-05-20,delivered,运动休闲,540.1,52.01,592.11
2765,447,PR,2023-09-02,delivered,服饰,366.51,36.99,403.5
2765,447,PR,2023-09-02,delivered,厨具,602.27,59.61,661.88
2766,447,PR,2024-01-08,delivered,厨具,752.84,123.42,876.26
2766,447,PR,2024-01-08,delivered,运动休闲,491.25,65.31,556.56
2767,447,PR,2024-12-19,delivered,图书,483.48,78.89,562.37
2768,447,PR,2024-11-09,delivered,电脑配件,458.79,59.8,518.59
2768,447,PR,2024-11-09,delivered,电脑配件,304.33,23.72,328.04999999999995
2769,447,PR,2023-11-27,delivered,厨具,334.4,64.35,398.75
2769,447,PR,2023-11-27,delivered,美妆健康,630.48,42.81,673.29
2770,447,PR,2023-06-12,delivered,电脑配件,704.17,122.06,826.23
2771,447,PR,2024-03-07,delivered,玩具,414.9,81.27,496.16999999999996
2772,447,PR,2024-08-14,canceled,厨具,372.88,34.83,407.71
2773,447,PR,2023-09-08,delivered,美妆健康,364.88,21.93,386.81
2773,447,PR,2023-09-08,delivered,服饰,183.44,11.35,194.79
2773,447,PR,2023-09-08,delivered,美妆健康,669.15,93.02,762.17
2774,447,PR,2024-03-15,canceled,图书,130.25,21.34,151.59
2775,447,PR,2024-12-16,delivered,美妆健康,380.89,42.32,423.21
2775,447,PR,2024-12-16,delivered,家居家具,273.03,46.86,319.89
2776,447,PR,2024-06-03,delivered,电脑配件,679.31,74.7,754.01
2776,447,PR,2024-06-03,delivered,美妆健康,254.34,22.31,276.65
2777,447,PR,2023-02-17,delivered,玩具,455.32,87.59,542.91
2778,447,PR,2024-03-27,delivered,玩具,228.99,15.79,244.78
2779,447,PR,2024-03-06,delivered,图书,223.0,43.08,266.08
2779,447,PR,2024-03-06,delivered,图书,299.64,25.1,324.74
2779,447,PR,2024-03-06,delivered,运动休闲,45.85,6.23,52.08
2780,447,PR,2024-01-15,delivered,玩具,763.66,54.2,817.86
2781,447,PR,2024-09-14,delivered,玩具,344.27,35.12,379.39
2782,447,PR,2024-03-02,delivered,电子产品,111.86,11.01,122.87
2783,447,PR,2023-12-09,delivered,玩具,155.75,29.55,185.3
2784,447,PR,2024-10-05,delivered,服饰,134.68,20.26,154.94
2785,447,PR,2024-05-15,delivered,厨具,696.64,102.15,798.79
2785,447,PR,2024-05-15,delivered,电子产品,256.54,34.35,290.89000000000004
2785,447,PR,2024-05-15,delivered,电脑配件,189.68,28.6,218.28
2786,447,PR,2023-12-16,delivered,家居家具,559.95,109.7,669.6500000000001
2787,447,PR,2023-03-12,delivered,宠物用品,436.77,75.44,512.21
2787,447,PR,2023-03-12,delivered,厨具,442.9,83.26,526.16
2787,447,PR,2023-03-12,delivered,电子产品,777.66,82.32,859.98
2788,447,PR,2024-02-05,delivered,家居家具,691.87,87.83,779.7
2789,447,PR,2023-12-10,delivered,家居家具,130.61,22.1,152.71
2789,447,PR,2023-12-10,delivered,服饰,529.26,105.82,635.0799999999999
2790,447,PR,2023-02-12,delivered,厨具,482.74,75.33,558.07
2791,447,PR,2024-10-29,delivered,电脑配件,50.23,4.91,55.14
2791,447,PR,2024-10-29,delivered,电子产品,184.45,31.52,215.97
2791,447,PR,2024-10-29,delivered,电子产品,40.73,8.03,48.76
2792,447,PR,2023-06-13,delivered,家居家具,647.83,67.87,715.7
2792,447,PR,2023-06-13,delivered,运动休闲,786.97,70.16,857.13
2793,447,PR,2023-10-04,delivered,玩具,332.65,19.89,352.53999999999996
2793,447,PR,2023-10-04,delivered,厨具,232.56,22.9,255.46
2793,447,PR,2023-10-04,delivered,家居家具,173.74,10.89,184.63
2794,447,PR,2024-01-04,delivered,宠物用品,22.44,2.66,25.1
2794,447,PR,2024-01-04,delivered,电子产品,460.14,23.05,483.19
2794,447,PR,2024-01-04,delivered,玩具,796.71,109.83,906.5400000000001
2795,447,PR,2024-06-17,delivered,运动休闲,152.32,8.32,160.64
2796,447,PR,2024-12-09,delivered,玩具,264.07,40.53,304.6
2796,447,PR,2024-12-09,delivered,服饰,135.77,7.78,143.55
2797,447,PR,2024-10-13,delivered,服饰,398.28,51.79,450.07
2798,447,PR,2023-04-12,delivered,电子产品,198.65,26.57,225.22
2798,447,PR,2023-04-12,delivered,宠物用品,217.06,42.43,259.49
2799,447,PR,2023-01-04,delivered,厨具,632.43,103.6,736.03
2800,447,PR,2024-11-19,delivered,家居家具,316.68,20.31,336.99
2800,447,PR,2024-11-19,delivered,玩具,297.47,52.87,350.34000000000003
2801,447,PR,2024-09-05,delivered,家居家具,530.24,88.03,618.27
2802,447,PR,2024-03-09,delivered,运动休闲,756.03,46.47,802.5
2803,447,PR,2024-10-29,delivered,家居家具,374.55,60.29,434.84000000000003
2804,447,PR,2024-08-20,delivered,电子产品,196.36,24.61,220.97000000000003
2804,447,PR,2024-08-20,delivered,美妆健康,200.76,16.83,217.58999999999997
2805,447,PR,2024-08-20,delivered,厨具,496.53,74.87,571.4
2806,447,PR,2024-04-03,delivered,家居家具,556.91,109.58,666.49
2807,447,PR,2024-11-09,canceled,美妆健康,444.85,44.08,488.93
2807,447,PR,2024-11-09,canceled,服饰,127.51,25.32,152.83
2807,447,PR,2024-11-09,canceled,服饰,273.33,30.71,304.03999999999996
2808,447,PR,2023-06-04,delivered,家居家具,220.44,27.88,248.32
2809,447,PR,2024-01-01,delivered,厨具,299.07,48.01,347.08
2809,447,PR,2024-01-01,delivered,家居家具,508.89,32.86,541.75
2809,447,PR,2024-01-01,delivered,服饰,501.5,88.87,590.37
2810,447,PR,2024-04-11,delivered,电脑配件,729.37,123.62,852.99
2811,447,PR,2023-08-18,delivered,服饰,278.33,54.12,332.45
2811,447,PR,2023-08-18,delivered,玩具,682.47,90.16,772.63
2811,447,PR,2023-08-18,delivered,美妆健康,223.69,31.78,255.47
2812,447,PR,2024-10-27,delivered,美妆健康,227.09,19.17,246.26
2812,447,PR,2024-10-27,delivered,运动休闲,107.64,8.16,115.8
2813,447,PR,2023-12-29,delivered,服饰,102.77,6.62,109.39
2814,447,PR,2024-06-02,delivered,美妆健康,607.57,60.5,668.07
2814,447,PR,2024-06-02,delivered,服饰,444.18,25.03,469.21000000000004
2814,447,PR,2024-06-02,delivered,厨具,115.15,9.21,124.36000000000001
2815,447,PR,2024-05-31,delivered,运动休闲,577.45,35.01,612.46
2816,447,PR,2024-08-25,delivered,服饰,799.99,101.36,901.35
2817,447,PR,2024-10-30,delivered,图书,706.85,105.58,812.4300000000001
2817,447,PR,2024-10-30,delivered,厨具,42.03,5.9,47.93
2817,447,PR,2024-10-30,delivered,图书,427.3,85.36,512.66
2818,447,PR,2024-09-18,delivered,服饰,373.17,39.03,412.20000000000005
2818,447,PR,2024-09-18,delivered,厨具,458.63,85.91,544.54
2819,447,PR,2024-01-09,delivered,玩具,453.15,83.14,536.29
2819,447,PR,2024-01-09,delivered,电脑配件,667.74,40.23,707.97
2820,447,PR,2024-02-15,delivered,电子产品,346.28,53.4,399.67999999999995
2821,447,PR,2023-01-10,delivered,厨具,794.41,128.64,923.05
2822,447,PR,2024-05-11,delivered,服饰,249.53,15.04,264.57
2823,448,RJ,2024-07-05,delivered,厨具,563.31,91.08,654.39
2824,449,AM,2024-08-07,delivered,电子产品,346.0,35.3,381.3
2825,449,AM,2024-12-23,delivered,图书,89.96,14.92,104.88
2826,449,AM,2023-03-04,delivered,家居家具,643.17,87.44,730.6099999999999
2826,449,AM,2023-03-04,delivered,服饰,591.44,74.73,666.1700000000001
2827,449,AM,2023-12-21,delivered,家居家具,536.15,33.3,569.4499999999999
2828,449,AM,2024-08-12,delivered,电子产品,313.93,61.15,375.08
2828,449,AM,2024-08-12,delivered,宠物用品,489.58,63.84,553.42
2829,449,AM,2023-10-12,delivered,图书,101.62,9.52,111.14
2829,449,AM,2023-10-12,delivered,厨具,222.48,13.65,236.13
2829,449,AM,2023-10-12,delivered,家居家具,766.44,137.67,904.11
2830,449,AM,2024-10-26,delivered,图书,740.69,51.37,792.0600000000001
2830,449,AM,2024-10-26,delivered,玩具,325.8,22.17,347.97
2830,449,AM,2024-10-26,delivered,玩具,199.6,24.07,223.67
2831,449,AM,2023-08-06,canceled,电脑配件,694.54,46.18,740.7199999999999
2832,449,AM,2023-05-05,delivered,玩具,770.29,50.4,820.6899999999999
2832,449,AM,2023-05-05,delivered,美妆健康,754.8,87.46,842.26
2832,449,AM,2023-05-05,delivered,服饰,79.79,10.62,90.41000000000001
2833,449,AM,2024-04-30,delivered,运动休闲,253.81,41.83,295.64
2833,449,AM,2024-04-30,delivered,运动休闲,539.47,67.39,606.86
2834,449,AM,2024-11-30,delivered,玩具,108.11,19.44,127.55
2834,449,AM,2024-11-30,delivered,玩具,208.52,18.5,227.02
2835,449,AM,2023-12-13,delivered,厨具,479.09,24.45,503.53999999999996
2835,449,AM,2023-12-13,delivered,宠物用品,246.47,26.38,272.85
2835,449,AM,2023-12-13,delivered,厨具,225.7,40.06,265.76
2836,449,AM,2024-06-09,delivered,电子产品,595.07,99.54,694.61
2836,449,AM,2024-06-09,delivered,服饰,183.39,26.63,210.01999999999998
2836,449,AM,2024-06-09,delivered,服饰,221.13,23.64,244.76999999999998
2837,449,AM,2024-11-02,delivered,电子产品,149.17,23.92,173.08999999999997
2838,449,AM,2023-01-31,canceled,运动休闲,438.28,37.16,475.43999999999994
2838,449,AM,2023-01-31,canceled,服饰,699.61,85.52,785.13
2838,449,AM,2023-01-31,canceled,宠物用品,115.38,13.96,129.34
2839,449,AM,2024-12-30,delivered,家居家具,596.45,113.82,710.27
2839,449,AM,2024-12-30,delivered,电脑配件,393.67,55.25,448.92
2839,449,AM,2024-12-30,delivered,运动休闲,414.12,38.56,452.68
2840,449,AM,2024-11-08,canceled,运动休闲,494.34,35.94,530.28
2840,449,AM,2024-11-08,canceled,电子产品,83.24,13.79,97.03
2841,449,AM,2023-01-02,delivered,厨具,393.72,24.32,418.04
2841,449,AM,2023-01-02,delivered,厨具,114.31,17.93,132.24
2842,449,AM,2024-10-24,canceled,厨具,416.37,27.89,444.26
2842,449,AM,2024-10-24,canceled,玩具,234.6,15.54,250.14
2843,449,AM,2024-08-30,delivered,家居家具,35.38,3.11,38.49
2844,449,AM,2023-09-13,delivered,家居家具,525.9,69.52,595.42
2844,449,AM,2023-09-13,delivered,宠物用品,445.48,86.6,532.08
2844,449,AM,2023-09-13,delivered,厨具,118.55,18.89,137.44
2845,449,AM,2023-01-22,delivered,图书,545.78,95.21,640.99
2846,449,AM,2024-04-07,delivered,电脑配件,200.77,21.19,221.96
2847,449,AM,2024-04-16,delivered,厨具,655.43,60.79,716.2199999999999
2847,449,AM,2024-04-16,delivered,宠物用品,567.64,90.14,657.78
2848,449,AM,2024-07-16,delivered,图书,327.09,32.99,360.08
2848,449,AM,2024-07-16,delivered,家居家具,428.34,62.26,490.59999999999997
2849,449,AM,2024-11-03,delivered,电子产品,354.76,41.94,396.7
2850,449,AM,2024-12-27,delivered,电子产品,294.9,23.57,318.46999999999997
2850,449,AM,2024-12-27,delivered,家居家具,394.09,75.45,469.53999999999996
2850,449,AM,2024-12-27,delivered,玩具,671.36,51.29,722.65
2851,449,AM,2023-12-20,delivered,玩具,130.48,22.86,153.33999999999997
2851,449,AM,2023-12-20,delivered,图书,207.05,32.36,239.41000000000003
2851,449,AM,2023-12-20,delivered,图书,267.07,48.44,315.51
2852,449,AM,2024-07-22,delivered,家居家具,309.19,47.74,356.93
2852,449,AM,2024-07-22,delivered,图书,732.04,58.62,790.66
2852,449,AM,2024-07-22,delivered,运动休闲,753.75,70.92,824.67
2853,449,AM,2023-11-10,delivered,宠物用品,119.56,8.02,127.58
2854,449,AM,2023-06-16,delivered,服饰,668.05,46.07,714.12
2854,449,AM,2023-06-16,delivered,美妆健康,417.91,61.61,479.52000000000004
2854,449,AM,2023-06-16,delivered,电子产品,450.48,57.16,507.64
2855,449,AM,2023-10-15,canceled,电脑配件,105.29,17.09,122.38000000000001
2855,449,AM,2023-10-15,canceled,运动休闲,127.87,18.9,146.77
2855,449,AM,2023-10-15,canceled,玩具,456.71,82.28,538.99
2856,449,AM,2023-04-23,delivered,电脑配件,504.35,86.33,590.6800000000001
2856,449,AM,2023-04-23,delivered,服饰,359.59,24.65,384.23999999999995
2856,449,AM,2023-04-23,delivered,美妆健康,568.08,54.9,622.98
2857,449,AM,2023-12-10,delivered,图书,709.89,93.13,803.02
2858,449,AM,2023-03-21,delivered,美妆健康,604.12,97.94,702.06
2859,449,AM,2024-09-19,delivered,厨具,510.53,101.22,611.75
2860,449,AM,2024-07-19,delivered,图书,525.9,71.72,597.62
2860,449,AM,2024-07-19,delivered,电子产品,608.23,65.9,674.13
2860,449,AM,2024-07-19,delivered,家居家具,725.0,55.23,780.23
2861,449,AM,2023-10-26,delivered,运动休闲,75.28,7.23,82.51
2862,449,AM,2024-06-24,delivered,运动休闲,257.95,32.51,290.46
2862,449,AM,2024-06-24,delivered,玩具,26.01,2.97,28.98
2863,449,AM,2024-11-08,delivered,玩具,658.61,130.09,788.7
2864,450,BA,2024-03-01,delivered,电子产品,377.3,29.69,406.99
2865,451,SC,2024-11-13,delivered,电脑配件,196.11,12.59,208.70000000000002
2866,452,RJ,2023-07-05,delivered,服饰,276.21,39.26,315.46999999999997
2866,452,RJ,2023-07-05,delivered,运动休闲,420.36,66.58,486.94
2867,453,BA,2024-01-04,delivered,服饰,585.06,65.48,650.54
2867,453,BA,2024-01-04,delivered,家居家具,742.53,110.11,852.64
2868,454,AM,2024-04-12,delivered,电子产品,577.39,105.84,683.23
2868,454,AM,2024-04-12,delivered,家居家具,445.9,49.99,495.89
2868,454,AM,2024-04-12,delivered,家居家具,755.55,118.11,873.66
2869,455,RS,2024-09-17,delivered,服饰,768.27,102.66,870.93
2869,455,RS,2024-09-17,delivered,家居家具,376.9,63.85,440.75
2869,455,RS,2024-09-17,delivered,玩具,72.18,12.34,84.52000000000001
2870,456,RJ,2023-06-27,delivered,家居家具,267.19,40.28,307.47
2870,456,RJ,2023-06-27,delivered,图书,381.39,63.59,444.98
2870,456,RJ,2023-06-27,delivered,玩具,53.19,8.11,61.3
2871,457,MG,2024-07-15,delivered,宠物用品,700.52,62.46,762.98
2871,457,MG,2024-07-15,delivered,服饰,473.47,27.44,500.91
2871,457,MG,2024-07-15,delivered,电子产品,355.86,54.85,410.71000000000004
2872,458,PA,2023-11-24,delivered,图书,425.63,53.83,479.46
2873,459,AM,2023-12-23,delivered,服饰,759.9,101.05,860.9499999999999
2873,459,AM,2023-12-23,delivered,运动休闲,195.73,33.06,228.79
2873,459,AM,2023-12-23,delivered,玩具,741.7,74.67,816.37
2874,459,AM,2023-11-11,delivered,家居家具,236.13,41.9,278.03
2874,459,AM,2023-11-11,delivered,图书,282.41,17.04,299.45000000000005
2874,459,AM,2023-11-11,delivered,图书,534.07,106.5,640.57
2875,459,AM,2023-07-14,delivered,图书,46.53,4.78,51.31
2875,459,AM,2023-07-14,delivered,玩具,664.71,70.42,735.13
2875,459,AM,2023-07-14,delivered,玩具,256.62,36.09,292.71000000000004
2876,459,AM,2023-11-24,delivered,电脑配件,186.23,32.08,218.31
2876,459,AM,2023-11-24,delivered,服饰,672.26,133.18,805.44
2877,459,AM,2024-09-12,canceled,美妆健康,92.16,8.57,100.72999999999999
2877,459,AM,2024-09-12,canceled,电脑配件,203.5,26.81,230.31
2878,459,AM,2023-11-06,delivered,图书,79.59,4.49,84.08
2878,459,AM,2023-11-06,delivered,服饰,435.1,77.8,512.9
2878,459,AM,2023-11-06,delivered,电脑配件,203.46,24.43,227.89000000000001
2879,459,AM,2024-07-23,delivered,美妆健康,205.37,22.73,228.1
2879,459,AM,2024-07-23,delivered,美妆健康,218.22,17.58,235.8
2879,459,AM,2024-07-23,delivered,电子产品,448.02,49.28,497.29999999999995
2880,459,AM,2023-03-23,delivered,美妆健康,641.0,93.49,734.49
2881,459,AM,2023-10-01,delivered,电子产品,555.44,81.96,637.4000000000001
2882,459,AM,2024-06-04,delivered,电子产品,401.44,51.3,452.74
2882,459,AM,2024-06-04,delivered,玩具,104.98,15.96,120.94
2883,459,AM,2023-08-07,delivered,电子产品,233.4,13.22,246.62
2884,459,AM,2023-09-30,delivered,电脑配件,93.73,16.92,110.65
2884,459,AM,2023-09-30,delivered,玩具,570.49,48.56,619.05
2884,459,AM,2023-09-30,delivered,服饰,270.16,16.86,287.02000000000004
2885,459,AM,2024-11-28,delivered,玩具,42.85,4.25,47.1
2885,459,AM,2024-11-28,delivered,服饰,201.97,13.5,215.47
2885,459,AM,2024-11-28,delivered,电子产品,425.15,53.98,479.13
2886,459,AM,2024-06-12,delivered,家居家具,252.64,44.6,297.24
2887,459,AM,2023-05-23,delivered,电脑配件,152.64,26.83,179.46999999999997
2887,459,AM,2023-05-23,delivered,厨具,559.07,77.84,636.9100000000001
2888,459,AM,2023-03-05,delivered,图书,265.49,41.27,306.76
2888,459,AM,2023-03-05,delivered,美妆健康,140.68,25.44,166.12
2889,459,AM,2023-09-28,delivered,美妆健康,201.67,35.77,237.44
2890,459,AM,2023-08-30,delivered,玩具,279.5,51.1,330.6
2890,459,AM,2023-08-30,delivered,家居家具,651.42,61.16,712.5799999999999
2891,459,AM,2024-01-25,delivered,厨具,372.99,59.11,432.1
2891,459,AM,2024-01-25,delivered,家居家具,600.22,104.25,704.47
2891,459,AM,2024-01-25,delivered,家居家具,580.55,30.35,610.9
2892,459,AM,2023-12-18,delivered,图书,395.16,67.45,462.61
2892,459,AM,2023-12-18,delivered,图书,248.1,48.76,296.86
2893,459,AM,2023-07-17,delivered,运动休闲,180.89,21.97,202.85999999999999
2893,459,AM,2023-07-17,delivered,电脑配件,105.99,19.02,125.00999999999999
2893,459,AM,2023-07-17,delivered,玩具,116.31,15.77,132.08
2894,459,AM,2024-06-05,delivered,图书,372.51,39.1,411.61
2894,459,AM,2024-06-05,delivered,家居家具,208.77,20.36,229.13
2894,459,AM,2024-06-05,delivered,电子产品,130.76,14.03,144.79
2895,459,AM,2023-07-03,delivered,厨具,642.79,32.61,675.4
2895,459,AM,2023-07-03,delivered,家居家具,411.71,64.54,476.25
2895,459,AM,2023-07-03,delivered,图书,265.09,19.8,284.89
2896,459,AM,2024-05-13,delivered,电子产品,234.66,12.15,246.81
2897,459,AM,2024-05-25,delivered,美妆健康,41.5,4.56,46.06
2897,459,AM,2024-05-25,delivered,图书,432.76,42.61,475.37
2898,459,AM,2024-03-15,delivered,运动休闲,624.32,38.53,662.85
2898,459,AM,2024-03-15,delivered,服饰,467.13,45.19,512.3199999999999
2898,459,AM,2024-03-15,delivered,电脑配件,685.02,79.93,764.95
2899,459,AM,2024-09-17,delivered,电脑配件,260.67,45.33,306.0
2899,459,AM,2024-09-17,delivered,厨具,227.34,11.43,238.77
2900,459,AM,2024-01-21,delivered,服饰,299.96,59.41,359.37
2900,459,AM,2024-01-21,delivered,图书,172.41,16.4,188.81
2900,459,AM,2024-01-21,delivered,厨具,664.12,69.8,733.92
2901,459,AM,2024-08-05,delivered,厨具,164.3,14.68,178.98000000000002
2902,459,AM,2023-08-24,delivered,图书,135.17,12.76,147.92999999999998
2903,459,AM,2024-06-09,delivered,家居家具,253.79,21.33,275.12
2903,459,AM,2024-06-09,delivered,服饰,764.56,92.86,857.42
2904,459,AM,2024-02-23,canceled,宠物用品,748.14,49.28,797.42
2904,459,AM,2024-02-23,canceled,电子产品,766.33,57.17,823.5
2905,459,AM,2024-06-30,delivered,电脑配件,160.38,20.11,180.49
2905,459,AM,2024-06-30,delivered,服饰,236.64,46.78,283.41999999999996
2905,459,AM,2024-06-30,delivered,图书,682.74,52.83,735.57
2906,459,AM,2023-11-16,delivered,美妆健康,242.29,29.74,272.03
2906,459,AM,2023-11-16,delivered,电脑配件,507.51,62.78,570.29
2906,459,AM,2023-11-16,delivered,电子产品,58.21,10.06,68.27
2907,459,AM,2023-08-29,delivered,厨具,443.2,77.27,520.47
2908,459,AM,2023-06-24,delivered,家居家具,202.4,36.81,239.21
2909,459,AM,2023-06-24,delivered,服饰,406.11,73.41,479.52
2909,459,AM,2023-06-24,delivered,运动休闲,472.75,53.62,526.37
2909,459,AM,2023-06-24,delivered,服饰,585.39,78.66,664.05
2910,459,AM,2023-02-25,delivered,电子产品,627.79,83.81,711.5999999999999
2910,459,AM,2023-02-25,delivered,家居家具,733.14,56.33,789.47
2910,459,AM,2023-02-25,delivered,宠物用品,621.4,69.96,691.36
2911,459,AM,2024-06-05,delivered,玩具,228.47,14.69,243.16
2911,459,AM,2024-06-05,delivered,厨具,675.88,39.28,715.16
2911,459,AM,2024-06-05,delivered,美妆健康,298.17,28.02,326.19
2912,459,AM,2023-12-22,delivered,电子产品,514.42,70.65,585.0699999999999
2913,459,AM,2023-08-06,delivered,服饰,129.75,24.8,154.55
2913,459,AM,2023-08-06,delivered,厨具,325.26,23.85,349.11
2913,459,AM,2023-08-06,delivered,玩具,134.84,17.27,152.11
2914,459,AM,2024-02-02,delivered,电脑配件,128.18,11.99,140.17000000000002
2914,459,AM,2024-02-02,delivered,宠物用品,46.42,4.44,50.86
2914,459,AM,2024-02-02,delivered,图书,219.44,19.58,239.01999999999998
2915,459,AM,2023-11-17,delivered,运动休闲,431.38,37.82,469.2
2915,459,AM,2023-11-17,delivered,运动休闲,737.7,141.09,878.7900000000001
2915,459,AM,2023-11-17,delivered,电脑配件,33.21,5.59,38.8
2916,459,AM,2024-10-20,delivered,运动休闲,290.95,54.68,345.63
2916,459,AM,2024-10-20,delivered,家居家具,126.18,20.46,146.64000000000001
2917,459,AM,2024-07-30,delivered,运动休闲,754.59,39.11,793.7
2918,459,AM,2023-11-21,delivered,运动休闲,480.37,77.46,557.83
2919,459,AM,2023-12-08,delivered,玩具,530.58,76.76,607.34
2920,459,AM,2024-01-06,delivered,玩具,99.13,6.29,105.42
2920,459,AM,2024-01-06,delivered,厨具,597.89,72.49,670.38
2920,459,AM,2024-01-06,delivered,服饰,274.16,49.85,324.01000000000005
2921,459,AM,2024-03-25,delivered,美妆健康,771.87,141.48,913.35
2921,459,AM,2024-03-25,delivered,厨具,158.68,19.32,178.0
2921,459,AM,2024-03-25,delivered,玩具,311.66,25.2,336.86
2922,459,AM,2023-08-19,delivered,服饰,240.54,34.51,275.05
2922,459,AM,2023-08-19,delivered,玩具,512.4,90.02,602.42
2922,459,AM,2023-08-19,delivered,服饰,68.83,4.55,73.38
2923,459,AM,2024-12-01,delivered,电子产品,621.37,76.38,697.75
2923,459,AM,2024-12-01,delivered,玩具,524.87,51.09,575.96
2924,459,AM,2023-09-05,delivered,运动休闲,603.68,47.75,651.43
2925,459,AM,2024-12-10,delivered,电脑配件,593.63,41.05,634.68
2925,459,AM,2024-12-10,delivered,家居家具,391.42,24.81,416.23
2926,460,AM,2024-08-31,delivered,服饰,562.23,92.44,654.6700000000001
2926,460,AM,2024-08-31,delivered,玩具,554.91,35.39,590.3
2927,461,PR,2024-02-06,delivered,运动休闲,428.41,50.99,479.40000000000003
2927,461,PR,2024-02-06,delivered,图书,426.36,75.84,502.20000000000005
2928,462,MG,2023-02-13,delivered,图书,157.87,15.41,173.28
2928,462,MG,2023-02-13,delivered,家居家具,736.21,142.05,878.26
2929,463,RS,2024-03-08,delivered,宠物用品,456.21,51.91,508.12
2929,463,RS,2024-03-08,delivered,厨具,479.23,88.58,567.8100000000001
2930,464,MG,2024-12-18,delivered,宠物用品,46.74,3.77,50.510000000000005
2930,464,MG,2024-12-18,delivered,运动休闲,476.34,31.52,507.85999999999996
2930,464,MG,2024-12-18,delivered,美妆健康,55.35,9.65,65.0
2931,465,PE,2024-11-22,delivered,服饰,496.18,76.45,572.63
2931,465,PE,2024-11-22,delivered,图书,644.01,91.34,735.35
2931,465,PE,2024-11-22,delivered,服饰,130.91,23.24,154.15
2932,466,BA,2023-11-05,delivered,美妆健康,436.15,56.66,492.80999999999995
2932,466,BA,2023-11-05,delivered,图书,333.64,34.6,368.24
2933,467,PA,2024-08-28,delivered,家居家具,684.52,79.74,764.26
2933,467,PA,2024-08-28,delivered,电子产品,242.01,20.3,262.31
2934,468,RJ,2024-10-07,delivered,家居家具,668.36,95.37,763.73
2934,468,RJ,2024-10-07,delivered,图书,735.54,103.16,838.6999999999999
2934,468,RJ,2024-10-07,delivered,服饰,462.44,81.27,543.71
2935,469,SC,2024-11-04,canceled,玩具,335.32,33.82,369.14
2935,469,SC,2024-11-04,canceled,玩具,352.14,24.75,376.89
2936,470,PE,2023-12-05,delivered,服饰,581.0,94.64,675.64
2936,470,PE,2023-12-05,delivered,玩具,366.09,53.98,420.07
2937,471,MG,2024-02-25,delivered,服饰,343.78,41.02,384.79999999999995
2938,472,AM,2024-07-15,delivered,美妆健康,595.86,46.52,642.38
2938,472,AM,2024-07-15,delivered,服饰,694.63,94.78,789.41
2939,473,BA,2024-08-21,delivered,服饰,483.17,38.75,521.9200000000001
2940,474,MG,2024-10-02,delivered,服饰,732.56,55.98,788.54
2940,474,MG,2024-10-02,delivered,电脑配件,672.58,105.81,778.3900000000001
2941,475,PA,2024-08-20,delivered,家居家具,326.28,28.29,354.57
2941,475,PA,2024-08-20,delivered,美妆健康,337.54,34.09,371.63
2941,475,PA,2024-08-20,delivered,服饰,332.8,36.38,369.18
2942,476,SC,2024-09-09,delivered,玩具,502.19,82.93,585.12
2942,476,SC,2024-09-09,delivered,厨具,745.32,86.08,831.4000000000001
2942,476,SC,2024-09-09,delivered,服饰,696.74,91.63,788.37
2943,477,CE,2024-01-09,delivered,厨具,101.97,8.46,110.43
2943,477,CE,2024-01-09,delivered,玩具,779.48,123.62,903.1
2944,478,SC,2024-12-15,delivered,电脑配件,114.16,9.79,123.94999999999999
2944,478,SC,2024-12-15,delivered,玩具,612.76,78.85,691.61
2945,479,PR,2023-05-13,delivered,家居家具,229.02,37.94,266.96000000000004
2946,480,SC,2024-04-28,delivered,家居家具,334.04,30.56,364.6
2947,481,BA,2023-08-24,delivered,运动休闲,278.29,21.56,299.85
2948,482,PR,2024-04-08,delivered,宠物用品,560.86,65.97,626.83
2948,482,PR,2024-04-08,delivered,电子产品,709.22,56.02,765.24
2948,482,PR,2024-04-08,delivered,电子产品,634.28,116.9,751.18
2949,483,PR,2023-10-03,delivered,服饰,278.05,14.32,292.37
2949,483,PR,2023-10-03,delivered,图书,606.83,112.45,719.2800000000001
2949,483,PR,2023-10-03,delivered,运动休闲,728.63,111.33,839.96
2950,484,RJ,2023-04-25,delivered,电子产品,592.84,117.61,710.45
2951,485,PA,2024-08-01,delivered,宠物用品,775.86,115.22,891.08
2952,486,PR,2024-06-26,canceled,电脑配件,296.76,27.21,323.96999999999997
2952,486,PR,2024-06-26,canceled,图书,70.24,7.52,77.75999999999999
2953,487,SP,2023-08-02,delivered,玩具,660.29,103.28,763.5699999999999
2953,487,SP,2023-08-02,delivered,图书,576.91,45.91,622.8199999999999
2954,488,PR,2024-01-29,canceled,玩具,239.62,33.21,272.83
2954,488,PR,2024-01-29,canceled,宠物用品,181.17,25.38,206.54999999999998
2954,488,PR,2024-01-29,canceled,玩具,279.23,19.78,299.01
2955,489,CE,2024-02-27,delivered,美妆健康,575.31,59.95,635.26
2956,490,PE,2024-08-24,delivered,厨具,157.84,22.94,180.78
2956,490,PE,2024-08-24,delivered,美妆健康,553.39,101.79,655.18
2956,490,PE,2024-08-24,delivered,美妆健康,63.58,8.74,72.32
2957,491,PE,2023-07-29,delivered,美妆健康,65.67,7.85,73.52
2957,491,PE,2023-07-29,delivered,运动休闲,179.76,25.76,205.51999999999998
2957,491,PE,2023-07-29,delivered,美妆健康,683.57,53.64,737.21
2958,492,PA,2024-09-06,delivered,服饰,227.15,27.1,254.25
2958,492,PA,2024-09-06,delivered,美妆健康,728.58,128.83,857.4100000000001
2958,492,PA,2024-09-06,delivered,电脑配件,605.28,56.56,661.8399999999999
2959,493,SP,2024-10-01,delivered,电子产品,500.3,50.56,550.86
2960,494,SC,2023-12-03,delivered,家居家具,442.37,48.65,491.02
2960,494,SC,2023-12-03,delivered,电脑配件,655.69,48.91,704.6
2961,495,PR,2024-10-07,delivered,家居家具,162.63,10.9,173.53
2961,495,PR,2024-10-07,delivered,运动休闲,71.99,13.81,85.8
2962,496,CE,2023-05-09,delivered,美妆健康,128.09,13.93,142.02
2962,496,CE,2023-05-09,delivered,图书,126.85,10.69,137.54
2962,496,CE,2023-05-09,delivered,宠物用品,377.43,52.75,430.18
2963,497,DF,2024-09-14,delivered,服饰,436.59,43.05,479.64
2964,498,RS,2023-12-01,delivered,图书,318.33,45.83,364.15999999999997
2965,499,CE,2024-05-30,delivered,电子产品,762.27,57.5,819.77
2965,499,CE,2024-05-30,delivered,厨具,285.29,42.4,327.69
2966,500,RJ,2024-09-18,delivered,玩具,667.26,115.71,782.97
2966,500,RJ,2024-09-18,delivered,家居家具,413.92,25.63,439.55
2967,501,RJ,2024-01-04,delivered,运动休闲,373.05,31.79,404.84000000000003
2967,501,RJ,2024-01-04,delivered,家居家具,194.75,16.24,210.99
2967,501,RJ,2024-01-04,delivered,电子产品,135.84,20.3,156.14000000000001
2968,502,BA,2024-02-29,canceled,美妆健康,403.84,32.9,436.73999999999995
2968,502,BA,2024-02-29,canceled,服饰,583.17,95.66,678.8299999999999
2968,502,BA,2024-02-29,canceled,家居家具,413.6,23.19,436.79
2969,503,RJ,2023-07-13,delivered,宠物用品,702.57,66.51,769.08
2969,503,RJ,2023-07-13,delivered,电脑配件,630.04,32.29,662.3299999999999
2969,503,RJ,2023-07-13,delivered,图书,569.08,54.99,624.07
2970,504,RJ,2024-10-15,delivered,电子产品,727.82,53.07,780.8900000000001
2970,504,RJ,2024-10-15,delivered,玩具,298.5,28.18,326.68
2971,505,RS,2024-06-16,delivered,宠物用品,324.36,26.27,350.63
2972,506,RS,2023-11-26,delivered,厨具,279.64,14.16,293.8
2972,506,RS,2023-11-26,delivered,图书,383.12,20.24,403.36
2973,507,SP,2023-08-03,delivered,电子产品,705.26,46.43,751.6899999999999
2973,507,SP,2023-08-03,delivered,图书,159.93,12.29,172.22
2973,507,SP,2023-08-03,delivered,运动休闲,166.12,18.9,185.02
2974,508,MG,2023-06-21,delivered,美妆健康,348.61,56.91,405.52
2975,509,RS,2024-07-12,canceled,图书,334.32,48.21,382.53
2975,509,RS,2024-07-12,canceled,服饰,111.86,12.03,123.89
2976,510,MG,2023-12-06,delivered,家居家具,387.19,61.99,449.18
2977,511,SC,2023-11-16,delivered,运动休闲,716.8,94.66,811.4599999999999
2978,512,AM,2024-08-13,delivered,运动休闲,268.89,14.87,283.76
2978,512,AM,2024-08-13,delivered,服饰,23.18,3.06,26.24
2979,513,RS,2023-07-31,delivered,厨具,548.83,65.8,614.63
2979,513,RS,2023-07-31,delivered,厨具,307.62,36.48,344.1
2979,513,RS,2023-07-31,delivered,美妆健康,574.9,94.78,669.68
2980,514,SC,2024-11-04,canceled,家居家具,500.63,61.23,561.86
2980,514,SC,2024-11-04,canceled,厨具,408.44,53.84,462.28
2981,515,MG,2024-03-14,delivered,厨具,674.4,86.4,760.8
2981,515,MG,2024-03-14,delivered,电子产品,557.55,74.15,631.6999999999999
2981,515,MG,2024-03-14,delivered,图书,274.66,20.7,295.36
2982,516,CE,2023-04-30,delivered,图书,665.84,101.49,767.33
2983,517,CE,2024-07-04,delivered,服饰,700.42,126.28,826.6999999999999
2983,517,CE,2024-07-04,delivered,厨具,181.77,35.34,217.11
2983,517,CE,2024-07-04,delivered,美妆健康,441.34,48.1,489.44
2984,518,DF,2024-10-10,delivered,电脑配件,339.66,18.27,357.93
2985,519,PE,2024-11-18,delivered,图书,783.21,142.97,926.1800000000001
2985,519,PE,2024-11-18,delivered,美妆健康,692.19,99.53,791.72
2986,520,PA,2023-06-06,delivered,图书,107.94,18.17,126.11
2987,521,PR,2024-09-05,delivered,厨具,201.78,28.32,230.1
2987,521,PR,2024-09-05,delivered,厨具,764.96,133.17,898.13
2987,521,PR,2024-09-05,delivered,服饰,393.11,67.35,460.46000000000004
2988,522,RJ,2024-10-07,delivered,玩具,371.35,61.58,432.93
2989,523,RS,2023-03-04,delivered,电子产品,758.58,38.4,796.98
2990,524,SP,2024-12-03,delivered,运动休闲,336.67,36.03,372.70000000000005
2990,524,SP,2024-12-03,delivered,家居家具,614.89,118.82,733.71
2990,524,SP,2024-12-03,delivered,玩具,556.48,81.74,638.22
2991,525,PA,2023-12-30,canceled,电子产品,67.04,5.94,72.98
2991,525,PA,2023-12-30,canceled,图书,535.71,86.72,622.4300000000001
2991,525,PA,2023-12-30,canceled,玩具,418.27,76.47,494.74
2992,526,MG,2024-08-20,delivered,玩具,417.92,28.57,446.49
2993,526,MG,2023-11-04,delivered,电脑配件,317.44,36.16,353.6
2994,526,MG,2023-01-08,delivered,电脑配件,247.27,26.22,273.49
2994,526,MG,2023-01-08,delivered,玩具,324.43,27.79,352.22
2995,526,MG,2024-03-13,delivered,美妆健康,719.13,44.52,763.65
2995,526,MG,2024-03-13,delivered,电脑配件,370.28,31.76,402.03999999999996
2995,526,MG,2024-03-13,delivered,服饰,566.83,36.58,603.4100000000001
2996,526,MG,2024-05-22,delivered,运动休闲,465.53,64.84,530.37
2996,526,MG,2024-05-22,delivered,宠物用品,220.05,30.29,250.34
2996,526,MG,2024-05-22,delivered,运动休闲,774.22,63.46,837.6800000000001
2997,526,MG,2023-07-30,delivered,运动休闲,579.59,38.39,617.98
2997,526,MG,2023-07-30,delivered,图书,145.0,21.14,166.14
2998,526,MG,2023-04-29,delivered,服饰,128.36,20.37,148.73000000000002
2998,526,MG,2023-04-29,delivered,运动休闲,65.18,12.92,78.10000000000001
2998,526,MG,2023-04-29,delivered,服饰,570.59,98.22,668.8100000000001
2999,526,MG,2023-10-05,delivered,图书,420.54,34.2,454.74
2999,526,MG,2023-10-05,delivered,运动休闲,151.83,27.22,179.05
2999,526,MG,2023-10-05,delivered,电脑配件,222.1,33.51,255.60999999999999
3000,526,MG,2024-11-05,delivered,美妆健康,166.15,25.57,191.72
3000,526,MG,2024-11-05,delivered,玩具,93.72,10.19,103.91
3000,526,MG,2024-11-05,delivered,玩具,733.92,68.41,802.3299999999999
3001,526,MG,2024-12-13,delivered,服饰,48.15,9.01,57.16
3001,526,MG,2024-12-13,delivered,图书,517.79,87.23,605.02
3002,526,MG,2024-12-06,canceled,服饰,601.37,113.97,715.34
3002,526,MG,2024-12-06,canceled,厨具,779.57,79.28,858.85
3003,526,MG,2024-09-20,delivered,服饰,624.3,37.15,661.4499999999999
3004,526,MG,2024-05-01,delivered,图书,140.6,22.11,162.70999999999998
3005,526,MG,2023-10-28,delivered,电脑配件,172.24,22.6,194.84
3006,526,MG,2023-08-19,delivered,运动休闲,738.46,138.72,877.1800000000001
3006,526,MG,2023-08-19,delivered,电子产品,118.7,12.03,130.73
3006,526,MG,2023-08-19,delivered,图书,642.74,48.92,691.66
3007,526,MG,2023-12-01,delivered,宠物用品,393.05,62.46,455.51
3007,526,MG,2023-12-01,delivered,宠物用品,359.45,36.02,395.46999999999997
3008,526,MG,2024-11-11,canceled,厨具,449.69,38.59,488.28
3008,526,MG,2024-11-11,canceled,玩具,750.82,76.19,827.01
3008,526,MG,2024-11-11,canceled,玩具,465.04,71.87,536.9100000000001
3009,526,MG,2023-12-21,delivered,美妆健康,26.81,3.83,30.64
3009,526,MG,2023-12-21,delivered,图书,381.0,67.29,448.29
3010,526,MG,2023-07-03,delivered,电子产品,114.38,7.54,121.92
3011,526,MG,2024-04-06,canceled,运动休闲,537.79,35.22,573.01
3011,526,MG,2024-04-06,canceled,图书,326.72,35.86,362.58000000000004
3012,526,MG,2024-03-09,delivered,电子产品,267.58,18.84,286.41999999999996
3012,526,MG,2024-03-09,delivered,电脑配件,76.48,12.81,89.29
3013,526,MG,2023-11-26,delivered,美妆健康,124.47,18.05,142.52
3013,526,MG,2023-11-26,delivered,图书,378.91,25.21,404.12
3014,526,MG,2024-08-10,delivered,宠物用品,71.24,8.71,79.94999999999999
3014,526,MG,2024-08-10,delivered,运动休闲,648.7,57.63,706.33
3014,526,MG,2024-08-10,delivered,家居家具,274.31,36.47,310.78
3015,526,MG,2024-03-03,delivered,电脑配件,658.1,88.01,746.11
3015,526,MG,2024-03-03,delivered,玩具,322.58,51.31,373.89
3015,526,MG,2024-03-03,delivered,厨具,509.79,66.09,575.88
3016,526,MG,2023-09-15,delivered,电脑配件,80.4,9.59,89.99000000000001
3016,526,MG,2023-09-15,delivered,运动休闲,199.23,13.34,212.57
3017,526,MG,2023-05-23,delivered,电子产品,220.56,39.99,260.55
3017,526,MG,2023-05-23,delivered,电子产品,108.39,6.68,115.07
3018,526,MG,2023-10-04,delivered,运动休闲,277.24,27.51,304.75
3018,526,MG,2023-10-04,delivered,图书,532.58,84.61,617.19
3019,526,MG,2024-12-21,delivered,电脑配件,435.88,24.57,460.45
3019,526,MG,2024-12-21,delivered,服饰,253.71,46.37,300.08
3020,526,MG,2024-09-25,delivered,服饰,578.9,103.16,682.06
3020,526,MG,2024-09-25,delivered,玩具,32.19,3.21,35.4
3021,526,MG,2024-10-28,delivered,美妆健康,38.77,3.29,42.06
3022,526,MG,2023-12-19,delivered,服饰,414.42,35.28,449.70000000000005
3022,526,MG,2023-12-19,delivered,运动休闲,207.29,29.92,237.20999999999998
3023,526,MG,2024-06-07,delivered,运动休闲,595.81,108.67,704.4799999999999
3023,526,MG,2024-06-07,delivered,家居家具,383.25,24.55,407.8
3024,526,MG,2024-10-13,delivered,玩具,618.96,31.05,650.01
3024,526,MG,2024-10-13,delivered,玩具,117.46,11.04,128.5
3025,526,MG,2024-11-12,delivered,美妆健康,506.57,30.97,537.54
3025,526,MG,2024-11-12,delivered,服饰,729.25,115.01,844.26
3026,526,MG,2023-03-13,delivered,玩具,84.41,12.96,97.37
3027,526,MG,2024-10-05,delivered,家居家具,85.18,15.26,100.44000000000001
3028,526,MG,2023-10-09,canceled,图书,359.84,69.58,429.41999999999996
3028,526,MG,2023-10-09,canceled,厨具,650.81,119.75,770.56
3029,526,MG,2024-10-04,delivered,电子产品,585.46,39.32,624.7800000000001
3029,526,MG,2024-10-04,delivered,图书,476.75,40.71,517.46
3030,526,MG,2024-06-28,delivered,电子产品,415.56,41.49,457.05
3031,526,MG,2024-06-03,delivered,电子产品,143.29,10.8,154.09
3032,526,MG,2023-12-01,delivered,家居家具,326.54,45.29,371.83000000000004
3032,526,MG,2023-12-01,delivered,电子产品,195.89,34.41,230.29999999999998
3032,526,MG,2023-12-01,delivered,宠物用品,380.73,55.17,435.90000000000003
3033,526,MG,2024-09-23,delivered,电脑配件,391.41,60.93,452.34000000000003
3033,526,MG,2024-09-23,delivered,服饰,59.59,4.73,64.32000000000001
3033,526,MG,2024-09-23,delivered,电子产品,321.61,45.85,367.46000000000004
3034,526,MG,2024-04-19,canceled,厨具,477.47,95.14,572.61
3034,526,MG,2024-04-19,canceled,服饰,159.62,19.05,178.67000000000002
3035,526,MG,2023-04-06,delivered,运动休闲,514.25,52.14,566.39
3035,526,MG,2023-04-06,delivered,电脑配件,160.21,12.47,172.68
3036,526,MG,2023-02-05,delivered,电脑配件,705.84,80.44,786.28
3036,526,MG,2023-02-05,delivered,玩具,653.9,49.72,703.62
3037,526,MG,2024-06-11,delivered,服饰,447.9,52.25,500.15
3037,526,MG,2024-06-11,delivered,图书,616.67,75.0,691.67
3038,526,MG,2024-10-05,delivered,图书,73.73,12.94,86.67
3038,526,MG,2024-10-05,delivered,玩具,52.02,3.98,56.0
3038,526,MG,2024-10-05,delivered,美妆健康,97.96,10.2,108.16
3039,526,MG,2023-02-14,delivered,美妆健康,126.74,23.51,150.25
3040,526,MG,2024-12-11,delivered,服饰,452.0,61.02,513.02
3041,526,MG,2024-12-27,delivered,家居家具,585.47,65.62,651.09
3041,526,MG,2024-12-27,delivered,运动休闲,488.6,63.23,551.83
3041,526,MG,2024-12-27,delivered,电脑配件,375.36,72.14,447.5
3042,526,MG,2023-01-06,delivered,电子产品,46.01,4.39,50.4
3043,526,MG,2024-03-22,delivered,厨具,245.7,31.7,277.4
3043,526,MG,2024-03-22,delivered,玩具,281.68,47.41,329.09000000000003
3043,526,MG,2024-03-22,delivered,宠物用品,174.41,12.91,187.32
3044,526,MG,2024-05-02,delivered,电脑配件,671.66,81.38,753.04
3045,526,MG,2023-08-06,delivered,图书,709.28,88.74,798.02
3046,526,MG,2024-01-12,delivered,厨具,304.57,26.66,331.23
3046,526,MG,2024-01-12,delivered,玩具,582.99,74.8,657.79
3046,526,MG,2024-01-12,delivered,电脑配件,389.83,25.42,415.25
3047,526,MG,2024-07-04,delivered,电子产品,646.61,127.51,774.12
3048,526,MG,2024-02-14,delivered,电子产品,421.68,37.18,458.86
3048,526,MG,2024-02-14,delivered,图书,167.42,21.53,188.95
3049,526,MG,2024-07-22,delivered,厨具,420.86,64.83,485.69
3049,526,MG,2024-07-22,delivered,服饰,225.23,28.94,254.17
3049,526,MG,2024-07-22,delivered,运动休闲,615.99,38.73,654.72
3050,526,MG,2023-11-24,delivered,美妆健康,552.15,29.81,581.9599999999999
3051,526,MG,2024-11-24,delivered,电子产品,751.72,70.52,822.24
3052,526,MG,2024-07-22,delivered,图书,269.2,26.75,295.95
3052,526,MG,2024-07-22,delivered,厨具,298.61,49.11,347.72
3052,526,MG,2024-07-22,delivered,电脑配件,531.92,40.73,572.65
3053,526,MG,2024-02-19,delivered,厨具,281.92,49.62,331.54
3053,526,MG,2024-02-19,delivered,运动休闲,101.76,7.63,109.39
3054,526,MG,2024-07-04,delivered,玩具,110.36,17.1,127.46000000000001
3054,526,MG,2024-07-04,delivered,电子产品,241.25,18.97,260.22
3054,526,MG,2024-07-04,delivered,图书,679.36,105.7,785.0600000000001
3055,526,MG,2023-11-24,delivered,电脑配件,475.48,30.38,505.86
3056,526,MG,2024-02-28,delivered,运动休闲,510.71,51.51,562.22
3056,526,MG,2024-02-28,delivered,电子产品,753.92,57.43,811.3499999999999
3057,526,MG,2024-08-31,delivered,电脑配件,793.28,50.86,844.14
3057,526,MG,2024-08-31,delivered,服饰,84.66,5.77,90.42999999999999
3057,526,MG,2024-08-31,delivered,电子产品,91.52,15.43,106.94999999999999
3058,526,MG,2024-11-19,delivered,美妆健康,209.43,38.42,247.85000000000002
3058,526,MG,2024-11-19,delivered,厨具,790.97,126.46,917.4300000000001
3058,526,MG,2024-11-19,delivered,运动休闲,265.99,31.84,297.83
3059,526,MG,2023-12-15,canceled,电子产品,788.8,156.08,944.88
3059,526,MG,2023-12-15,canceled,宠物用品,673.53,91.11,764.64
3060,526,MG,2024-05-03,delivered,家居家具,502.73,40.64,543.37
3060,526,MG,2024-05-03,delivered,图书,215.45,23.45,238.89999999999998
3061,526,MG,2024-09-09,canceled,图书,373.51,28.93,402.44
3062,526,MG,2024-03-15,delivered,服饰,754.33,92.43,846.76
3062,526,MG,2024-03-15,delivered,厨具,707.02,65.12,772.14
3062,526,MG,2024-03-15,delivered,家居家具,695.11,45.66,740.77
3063,526,MG,2024-12-22,delivered,图书,294.31,56.79,351.1
3063,526,MG,2024-12-22,delivered,电脑配件,557.39,58.09,615.48
3063,526,MG,2024-12-22,delivered,图书,710.02,72.98,783.0
3064,526,MG,2024-12-15,delivered,电子产品,419.53,59.36,478.89
3064,526,MG,2024-12-15,delivered,电脑配件,33.49,4.81,38.300000000000004
3065,526,MG,2023-05-09,delivered,服饰,128.57,23.6,152.17
3065,526,MG,2023-05-09,delivered,运动休闲,227.91,33.27,261.18
3065,526,MG,2023-05-09,delivered,厨具,726.79,143.82,870.6099999999999
3066,526,MG,2023-11-14,delivered,美妆健康,473.01,89.05,562.06
3067,526,MG,2023-09-07,delivered,厨具,63.53,11.87,75.4
3067,526,MG,2023-09-07,delivered,服饰,627.36,113.41,740.77
3067,526,MG,2023-09-07,delivered,运动休闲,252.27,25.72,277.99
3068,526,MG,2024-07-28,delivered,服饰,174.61,12.54,187.15
3068,526,MG,2024-07-28,delivered,美妆健康,581.04,57.28,638.3199999999999
3068,526,MG,2024-07-28,delivered,宠物用品,77.45,8.09,85.54
3069,527,SC,2024-07-26,delivered,电子产品,644.34,97.82,742.1600000000001
3069,527,SC,2024-07-26,delivered,厨具,113.23,16.24,129.47
3070,527,SC,2023-09-05,delivered,美妆健康,61.69,11.54,73.22999999999999
3071,527,SC,2024-12-22,delivered,家居家具,97.24,7.16,104.39999999999999
3072,527,SC,2023-08-08,delivered,厨具,498.08,46.22,544.3
3073,527,SC,2023-04-02,delivered,厨具,473.33,93.25,566.5799999999999
3073,527,SC,2023-04-02,delivered,美妆健康,369.32,54.07,423.39
3074,527,SC,2024-04-06,delivered,电子产品,127.58,14.86,142.44
3074,527,SC,2024-04-06,delivered,厨具,65.2,6.27,71.47
3074,527,SC,2024-04-06,delivered,宠物用品,147.75,21.51,169.26
3075,527,SC,2024-04-11,delivered,电脑配件,771.55,54.57,826.12
3076,527,SC,2023-09-30,delivered,图书,58.63,8.56,67.19
3076,527,SC,2023-09-30,delivered,玩具,239.47,16.55,256.02
3076,527,SC,2023-09-30,delivered,运动休闲,601.76,73.39,675.15
3077,527,SC,2024-06-05,delivered,美妆健康,708.54,84.29,792.8299999999999
3077,527,SC,2024-06-05,delivered,厨具,340.56,46.04,386.6
3077,527,SC,2024-06-05,delivered,电子产品,300.22,56.36,356.58000000000004
3078,527,SC,2024-12-11,delivered,美妆健康,244.45,12.86,257.31
3079,528,RJ,2024-11-16,canceled,电子产品,663.48,39.34,702.82
3080,528,RJ,2024-05-24,delivered,运动休闲,624.1,58.03,682.13
3080,528,RJ,2024-05-24,delivered,厨具,488.8,45.09,533.89
3081,528,RJ,2023-09-15,delivered,图书,170.29,19.75,190.04
3081,528,RJ,2023-09-15,delivered,家居家具,742.02,63.79,805.81
3081,528,RJ,2023-09-15,delivered,服饰,406.65,31.85,438.5
3082,528,RJ,2023-11-12,delivered,宠物用品,741.5,57.5,799.0
3082,528,RJ,2023-11-12,delivered,图书,501.46,74.84,576.3
3082,528,RJ,2023-11-12,delivered,宠物用品,366.88,32.44,399.32
3083,528,RJ,2024-01-12,delivered,玩具,230.45,28.99,259.44
3083,528,RJ,2024-01-12,delivered,家居家具,495.1,66.12,561.22
3083,528,RJ,2024-01-12,delivered,图书,371.05,47.2,418.25
3084,528,RJ,2024-01-30,delivered,电子产品,63.03,12.35,75.38
3084,528,RJ,2024-01-30,delivered,图书,661.85,124.88,786.73
3084,528,RJ,2024-01-30,delivered,电子产品,199.56,27.0,226.56
3085,528,RJ,2024-05-02,delivered,电脑配件,751.96,69.37,821.33
3085,528,RJ,2024-05-02,delivered,美妆健康,431.51,47.89,479.4
3086,528,RJ,2024-01-16,delivered,宠物用品,759.82,137.96,897.7800000000001
3087,528,RJ,2023-03-30,delivered,服饰,667.28,83.85,751.13
3087,528,RJ,2023-03-30,delivered,运动休闲,719.68,91.57,811.25
3087,528,RJ,2023-03-30,delivered,服饰,155.54,11.85,167.39
3088,528,RJ,2023-12-01,delivered,美妆健康,592.65,80.63,673.28
3088,528,RJ,2023-12-01,delivered,玩具,164.85,28.95,193.79999999999998
3088,528,RJ,2023-12-01,delivered,玩具,733.11,58.55,791.66
3089,528,RJ,2023-05-01,delivered,玩具,447.25,89.06,536.31
3089,528,RJ,2023-05-01,delivered,厨具,204.14,14.3,218.44
3089,528,RJ,2023-05-01,delivered,服饰,673.21,42.42,715.63
3090,528,RJ,2023-12-05,delivered,服饰,630.26,39.21,669.47
3090,528,RJ,2023-12-05,delivered,玩具,312.56,36.26,348.82
3091,528,RJ,2024-06-05,delivered,运动休闲,682.57,45.87,728.44
3092,528,RJ,2024-01-06,delivered,美妆健康,664.94,125.36,790.3000000000001
3092,528,RJ,2024-01-06,delivered,宠物用品,97.92,7.03,104.95
3092,528,RJ,2024-01-06,delivered,玩具,489.26,68.27,557.53
3093,528,RJ,2024-10-19,delivered,美妆健康,690.1,63.87,753.97
3093,528,RJ,2024-10-19,delivered,电子产品,664.39,86.64,751.03
3094,528,RJ,2024-07-08,delivered,电子产品,67.13,5.4,72.53
3094,528,RJ,2024-07-08,delivered,服饰,279.76,51.96,331.71999999999997
3095,528,RJ,2023-06-11,delivered,美妆健康,55.13,7.04,62.17
3095,528,RJ,2023-06-11,delivered,服饰,314.23,39.0,353.23
3095,528,RJ,2023-06-11,delivered,家居家具,587.02,112.82,699.8399999999999
3096,528,RJ,2024-03-20,delivered,家居家具,61.23,11.45,72.67999999999999
3097,528,RJ,2023-05-15,delivered,厨具,294.71,46.08,340.78999999999996
3097,528,RJ,2023-05-15,delivered,电脑配件,500.52,25.91,526.43
3097,528,RJ,2023-05-15,delivered,家居家具,700.95,94.19,795.1400000000001
3098,528,RJ,2024-07-31,delivered,美妆健康,255.86,28.5,284.36
3099,528,RJ,2023-08-03,delivered,服饰,166.57,10.1,176.67
3099,528,RJ,2023-08-03,delivered,家居家具,636.64,107.08,743.72
3099,528,RJ,2023-08-03,delivered,玩具,504.04,44.23,548.27
3100,528,RJ,2024-07-12,delivered,玩具,554.66,28.38,583.04
3101,528,RJ,2024-08-25,delivered,图书,255.58,16.49,272.07
3101,528,RJ,2024-08-25,delivered,玩具,231.67,22.5,254.17
3102,528,RJ,2024-12-29,delivered,服饰,115.77,18.29,134.06
3102,528,RJ,2024-12-29,delivered,宠物用品,152.12,15.74,167.86
3103,528,RJ,2024-01-06,delivered,电脑配件,237.08,32.88,269.96000000000004
3104,528,RJ,2024-01-12,delivered,美妆健康,698.68,112.9,811.5799999999999
3104,528,RJ,2024-01-12,delivered,玩具,435.65,43.13,478.78
3104,528,RJ,2024-01-12,delivered,家居家具,377.32,59.34,436.65999999999997
3105,528,RJ,2024-07-06,delivered,家居家具,716.79,96.46,813.25
3105,528,RJ,2024-07-06,delivered,电脑配件,133.57,15.53,149.1
3105,528,RJ,2024-07-06,delivered,电脑配件,506.13,73.19,579.3199999999999
3106,528,RJ,2023-08-10,delivered,电脑配件,556.35,33.19,589.54
3107,528,RJ,2024-05-05,delivered,运动休闲,305.49,27.96,333.45
3108,528,RJ,2024-04-18,delivered,图书,760.31,115.62,875.93
3108,528,RJ,2024-04-18,delivered,家居家具,204.38,31.32,235.7
3109,528,RJ,2023-08-09,delivered,美妆健康,326.04,44.21,370.25
3109,528,RJ,2023-08-09,delivered,服饰,485.2,77.26,562.46
3110,528,RJ,2024-11-11,delivered,电脑配件,374.16,46.96,421.12
3111,528,RJ,2023-07-28,delivered,服饰,400.21,68.56,468.77
3111,528,RJ,2023-07-28,delivered,玩具,534.98,83.38,618.36
3111,528,RJ,2023-07-28,delivered,图书,49.54,5.13,54.67
3112,528,RJ,2024-08-28,delivered,电子产品,651.0,106.85,757.85
3112,528,RJ,2024-08-28,delivered,服饰,489.71,90.58,580.29
3113,528,RJ,2024-01-26,delivered,厨具,133.23,10.62,143.85
3114,528,RJ,2023-10-30,delivered,玩具,53.09,2.98,56.07
3115,528,RJ,2023-12-21,delivered,电子产品,536.13,28.76,564.89
3116,528,RJ,2023-05-18,delivered,服饰,141.53,10.97,152.5
3117,528,RJ,2024-03-10,delivered,电脑配件,451.76,62.23,513.99
3117,528,RJ,2024-03-10,delivered,图书,312.9,20.51,333.40999999999997
3118,528,RJ,2023-08-05,delivered,电子产品,68.01,8.28,76.29
3119,528,RJ,2024-04-09,delivered,运动休闲,377.82,35.68,413.5
3120,529,RS,2024-11-27,delivered,运动休闲,452.28,50.71,502.98999999999995
3120,529,RS,2024-11-27,delivered,服饰,659.9,70.84,730.74
3121,530,SP,2024-12-12,delivered,家居家具,777.65,40.29,817.9399999999999
3121,530,SP,2024-12-12,delivered,服饰,458.11,75.99,534.1
3121,530,SP,2024-12-12,delivered,运动休闲,370.53,28.73,399.26
3122,531,AM,2024-09-21,delivered,图书,381.09,33.36,414.45
3123,532,RJ,2024-11-19,delivered,电子产品,348.91,55.56,404.47
3124,533,RS,2023-03-13,delivered,宠物用品,328.1,43.44,371.54
3124,533,RS,2023-03-13,delivered,美妆健康,637.75,106.57,744.3199999999999
3125,533,RS,2024-12-22,delivered,电子产品,346.46,19.9,366.35999999999996
3126,533,RS,2023-09-27,delivered,电脑配件,421.52,73.39,494.90999999999997
3127,533,RS,2023-10-04,delivered,电脑配件,88.38,12.04,100.41999999999999
3127,533,RS,2023-10-04,delivered,家居家具,690.28,98.74,789.02
3127,533,RS,2023-10-04,delivered,玩具,542.86,55.36,598.22
3128,533,RS,2023-08-11,canceled,图书,607.22,38.3,645.52
3128,533,RS,2023-08-11,canceled,厨具,793.38,42.93,836.31
3128,533,RS,2023-08-11,canceled,电子产品,368.33,28.33,396.65999999999997
3129,533,RS,2024-12-14,delivered,玩具,224.28,33.99,258.27
3129,533,RS,2024-12-14,delivered,玩具,192.36,24.3,216.66000000000003
3130,533,RS,2024-05-17,delivered,服饰,122.54,21.32,143.86
3130,533,RS,2024-05-17,delivered,宠物用品,779.81,112.35,892.16
3130,533,RS,2024-05-17,delivered,图书,594.99,43.2,638.19
3131,533,RS,2024-03-14,delivered,电子产品,342.82,54.91,397.73
3132,533,RS,2024-05-29,delivered,玩具,119.85,8.43,128.28
3133,533,RS,2024-11-13,delivered,厨具,257.76,23.39,281.15
3133,533,RS,2024-11-13,delivered,宠物用品,305.05,31.38,336.43
3134,533,RS,2024-11-07,delivered,玩具,669.87,105.74,775.61
3134,533,RS,2024-11-07,delivered,玩具,142.47,15.07,157.54
3134,533,RS,2024-11-07,delivered,宠物用品,617.22,74.25,691.47
3135,533,RS,2023-08-10,delivered,宠物用品,150.03,26.93,176.96
3136,533,RS,2024-05-11,canceled,玩具,168.02,20.73,188.75
3137,533,RS,2024-05-27,delivered,服饰,527.13,83.07,610.2
3137,533,RS,2024-05-27,delivered,服饰,701.91,129.27,831.18
3138,533,RS,2024-06-24,delivered,玩具,93.64,15.91,109.55
3138,533,RS,2024-06-24,delivered,玩具,505.65,83.11,588.76
3138,533,RS,2024-06-24,delivered,服饰,214.88,40.71,255.59
3139,533,RS,2023-05-27,delivered,电脑配件,41.67,5.89,47.56
3140,533,RS,2024-11-11,delivered,电脑配件,203.45,15.01,218.45999999999998
3140,533,RS,2024-11-11,delivered,电子产品,245.36,24.63,269.99
3141,533,RS,2024-05-03,delivered,玩具,136.73,20.69,157.42
3142,533,RS,2023-02-14,delivered,运动休闲,213.94,24.17,238.11
3142,533,RS,2023-02-14,delivered,玩具,295.59,17.79,313.38
3142,533,RS,2023-02-14,delivered,厨具,154.37,19.47,173.84
3143,533,RS,2024-09-22,delivered,玩具,499.35,91.99,591.34
3143,533,RS,2024-09-22,delivered,电子产品,36.19,6.26,42.449999999999996
3143,533,RS,2024-09-22,delivered,图书,740.6,94.23,834.83
3144,533,RS,2023-08-03,delivered,运动休闲,272.22,14.24,286.46000000000004
3144,533,RS,2023-08-03,delivered,服饰,226.13,37.77,263.9
3144,533,RS,2023-08-03,delivered,图书,133.74,20.03,153.77
3145,533,RS,2024-09-30,delivered,电脑配件,660.42,86.46,746.88
3146,533,RS,2024-12-12,delivered,图书,646.93,38.82,685.75
3146,533,RS,2024-12-12,delivered,图书,764.41,73.95,838.36
3146,533,RS,2024-12-12,delivered,运动休闲,232.5,12.88,245.38
3147,533,RS,2023-11-23,delivered,厨具,739.36,48.24,787.6
3147,533,RS,2023-11-23,delivered,服饰,398.56,26.16,424.72
3148,533,RS,2024-12-25,delivered,运动休闲,148.13,24.38,172.51
3148,533,RS,2024-12-25,delivered,宠物用品,510.26,82.26,592.52
3149,533,RS,2024-05-31,delivered,电脑配件,460.88,87.82,548.7
3150,533,RS,2023-01-10,canceled,电脑配件,730.2,91.36,821.5600000000001
3150,533,RS,2023-01-10,canceled,服饰,254.12,26.82,280.94
3150,533,RS,2023-01-10,canceled,运动休闲,489.57,62.24,551.81
3151,533,RS,2024-03-26,delivered,美妆健康,462.03,38.89,500.91999999999996
3151,533,RS,2024-03-26,delivered,家居家具,707.05,67.42,774.4699999999999
3152,533,RS,2024-11-14,delivered,家居家具,700.09,46.8,746.89
3152,533,RS,2024-11-14,delivered,家居家具,560.45,97.21,657.6600000000001
3152,533,RS,2024-11-14,delivered,服饰,799.91,140.64,940.55
3153,533,RS,2023-01-27,delivered,宠物用品,224.83,26.22,251.05
3153,533,RS,2023-01-27,delivered,运动休闲,687.18,75.82,763.0
3154,534,RJ,2024-04-26,delivered,厨具,137.99,20.99,158.98000000000002
3154,534,RJ,2024-04-26,delivered,服饰,109.54,5.48,115.02000000000001
3154,534,RJ,2024-04-26,delivered,服饰,785.14,50.94,836.0799999999999
3155,535,DF,2024-08-28,delivered,厨具,80.75,14.35,95.1
3156,536,BA,2023-09-30,delivered,运动休闲,135.95,6.85,142.79999999999998
3157,537,RJ,2023-07-24,delivered,图书,502.83,81.85,584.68
3157,537,RJ,2023-07-24,delivered,玩具,688.89,70.77,759.66
3158,538,RS,2023-06-28,delivered,电子产品,763.96,116.76,880.72
3158,538,RS,2023-06-28,delivered,厨具,430.08,44.69,474.77
3158,538,RS,2023-06-28,delivered,电子产品,90.4,8.66,99.06
3159,539,RJ,2023-06-12,delivered,运动休闲,172.88,13.54,186.42
3159,539,RJ,2023-06-12,delivered,图书,692.77,77.93,770.7
3159,539,RJ,2023-06-12,delivered,电子产品,757.8,111.89,869.6899999999999
3160,539,RJ,2023-11-25,delivered,电脑配件,606.01,118.51,724.52
3161,539,RJ,2024-04-29,delivered,运动休闲,60.13,8.73,68.86
3162,539,RJ,2024-04-22,canceled,家居家具,374.79,49.6,424.39000000000004
3162,539,RJ,2024-04-22,canceled,电子产品,562.23,55.23,617.46
3163,539,RJ,2023-05-28,delivered,图书,304.4,25.68,330.08
3164,539,RJ,2023-09-21,delivered,玩具,507.76,44.83,552.59
3165,539,RJ,2024-06-02,delivered,服饰,396.26,40.37,436.63
3165,539,RJ,2024-06-02,delivered,美妆健康,366.14,56.62,422.76
3166,539,RJ,2024-12-22,delivered,电子产品,581.36,77.82,659.1800000000001
3167,539,RJ,2024-04-14,delivered,玩具,149.95,22.23,172.17999999999998
3167,539,RJ,2024-04-14,delivered,服饰,176.56,25.77,202.33
3168,539,RJ,2023-10-11,canceled,服饰,761.51,86.59,848.1
3169,539,RJ,2024-08-05,delivered,电脑配件,134.29,23.16,157.45
3169,539,RJ,2024-08-05,delivered,电子产品,761.19,62.01,823.2
3169,539,RJ,2024-08-05,delivered,玩具,246.23,41.65,287.88
3170,539,RJ,2023-02-28,delivered,家居家具,424.2,71.97,496.16999999999996
3171,539,RJ,2023-12-29,delivered,家居家具,196.76,19.93,216.69
3171,539,RJ,2023-12-29,delivered,宠物用品,29.68,4.51,34.19
3171,539,RJ,2023-12-29,delivered,电脑配件,256.03,46.3,302.33
3172,539,RJ,2023-10-11,delivered,运动休闲,187.22,11.59,198.81
3172,539,RJ,2023-10-11,delivered,玩具,228.09,32.95,261.04
3172,539,RJ,2023-10-11,delivered,服饰,355.8,45.04,400.84000000000003
3173,539,RJ,2023-10-22,delivered,宠物用品,551.78,57.58,609.36
3174,539,RJ,2024-09-22,delivered,服饰,543.68,74.57,618.25
3175,539,RJ,2023-09-17,delivered,家居家具,479.87,52.4,532.27
3175,539,RJ,2023-09-17,delivered,图书,85.37,14.72,100.09
3176,539,RJ,2023-12-31,delivered,家居家具,38.26,3.68,41.94
3176,539,RJ,2023-12-31,delivered,厨具,566.91,41.56,608.47
3177,539,RJ,2024-05-23,delivered,电子产品,744.67,76.47,821.14
3177,539,RJ,2024-05-23,delivered,宠物用品,682.23,76.47,758.7
3177,539,RJ,2024-05-23,delivered,美妆健康,84.4,15.17,99.57000000000001
3178,539,RJ,2023-06-01,delivered,服饰,655.64,68.87,724.51
3178,539,RJ,2023-06-01,delivered,厨具,165.32,28.16,193.48
3178,539,RJ,2023-06-01,delivered,家居家具,290.07,30.47,320.53999999999996
3179,539,RJ,2023-11-05,delivered,厨具,689.73,43.23,732.96
3180,539,RJ,2024-11-18,delivered,电脑配件,127.03,15.26,142.29
3181,539,RJ,2024-08-09,delivered,运动休闲,439.31,47.74,487.05
3181,539,RJ,2024-08-09,delivered,玩具,637.48,104.59,742.07
3181,539,RJ,2024-08-09,delivered,运动休闲,165.24,19.42,184.66000000000003
3182,539,RJ,2023-09-21,delivered,宠物用品,57.36,5.4,62.76
3183,539,RJ,2024-08-30,delivered,服饰,72.3,8.51,80.81
3183,539,RJ,2024-08-30,delivered,玩具,51.44,5.35,56.79
3183,539,RJ,2024-08-30,delivered,玩具,274.38,36.64,311.02
3184,539,RJ,2023-02-16,canceled,服饰,188.74,13.58,202.32000000000002
3184,539,RJ,2023-02-16,canceled,图书,351.66,53.2,404.86
3184,539,RJ,2023-02-16,canceled,美妆健康,578.69,57.32,636.0100000000001
3185,539,RJ,2024-07-13,delivered,服饰,734.63,66.01,800.64
3185,539,RJ,2024-07-13,delivered,服饰,56.35,5.86,62.21
3185,539,RJ,2024-07-13,delivered,服饰,71.05,12.09,83.14
3186,539,RJ,2023-04-18,delivered,玩具,455.39,86.46,541.85
3186,539,RJ,2023-04-18,delivered,运动休闲,169.27,9.53,178.8
3186,539,RJ,2023-04-18,delivered,服饰,756.44,72.01,828.45
3187,539,RJ,2023-02-28,delivered,宠物用品,157.73,24.31,182.04
3188,539,RJ,2024-05-29,delivered,电脑配件,447.46,87.4,534.86
3188,539,RJ,2024-05-29,delivered,运动休闲,538.29,85.28,623.5699999999999
3189,539,RJ,2024-10-05,delivered,电脑配件,641.96,127.79,769.75
3189,539,RJ,2024-10-05,delivered,厨具,722.41,68.44,790.8499999999999
3189,539,RJ,2024-10-05,delivered,家居家具,119.29,20.67,139.96
3190,539,RJ,2024-05-25,delivered,服饰,410.25,41.03,451.28
3190,539,RJ,2024-05-25,delivered,厨具,339.98,56.2,396.18
3190,539,RJ,2024-05-25,delivered,美妆健康,780.77,116.96,897.73
3191,539,RJ,2024-01-07,delivered,服饰,536.71,39.69,576.4000000000001
3192,539,RJ,2023-07-09,delivered,运动休闲,575.96,38.59,614.5500000000001
3192,539,RJ,2023-07-09,delivered,家居家具,513.67,74.01,587.68
3193,539,RJ,2024-10-23,canceled,家居家具,250.14,15.18,265.32
3193,539,RJ,2024-10-23,canceled,厨具,612.13,67.7,679.83
3193,539,RJ,2024-10-23,canceled,玩具,403.81,49.84,453.65
3194,539,RJ,2023-05-02,delivered,图书,310.77,19.14,329.90999999999997
3195,539,RJ,2024-06-19,delivered,玩具,698.63,139.16,837.79
3195,539,RJ,2024-06-19,delivered,运动休闲,205.63,34.3,239.93
3196,539,RJ,2024-05-05,delivered,电脑配件,115.07,19.29,134.35999999999999
3196,539,RJ,2024-05-05,delivered,家居家具,669.14,132.67,801.81
3197,539,RJ,2023-11-05,delivered,厨具,716.35,80.71,797.0600000000001
3197,539,RJ,2023-11-05,delivered,厨具,488.71,46.25,534.96
3197,539,RJ,2023-11-05,delivered,电脑配件,173.6,12.97,186.57
3198,539,RJ,2024-09-05,delivered,家居家具,220.97,23.06,244.03
3198,539,RJ,2024-09-05,delivered,运动休闲,246.6,31.25,277.85
3198,539,RJ,2024-09-05,delivered,玩具,645.13,48.29,693.42
3199,539,RJ,2024-02-08,delivered,美妆健康,55.56,9.0,64.56
3200,539,RJ,2024-08-19,delivered,运动休闲,182.02,29.4,211.42000000000002
3201,539,RJ,2024-10-22,delivered,厨具,186.16,26.23,212.39
3201,539,RJ,2024-10-22,delivered,图书,663.83,81.87,745.7
3202,539,RJ,2024-04-02,delivered,运动休闲,186.85,26.31,213.16
3202,539,RJ,2024-04-02,delivered,厨具,203.71,28.8,232.51000000000002
3203,539,RJ,2024-05-16,delivered,服饰,549.9,81.35,631.25
3203,539,RJ,2024-05-16,delivered,家居家具,43.59,7.7,51.290000000000006
3204,539,RJ,2023-01-02,delivered,服饰,685.01,72.01,757.02
3205,539,RJ,2024-03-14,delivered,运动休闲,308.51,50.19,358.7
3205,539,RJ,2024-03-14,delivered,厨具,400.45,39.46,439.90999999999997
3206,539,RJ,2024-07-18,delivered,图书,397.51,65.46,462.96999999999997
3206,539,RJ,2024-07-18,delivered,家居家具,174.52,11.67,186.19
3207,539,RJ,2023-02-08,delivered,运动休闲,565.17,44.22,609.39
3207,539,RJ,2023-02-08,delivered,电子产品,151.5,15.35,166.85
3208,539,RJ,2024-12-18,delivered,图书,589.83,64.34,654.1700000000001
3208,539,RJ,2024-12-18,delivered,运动休闲,379.58,35.75,415.33
3209,539,RJ,2024-02-03,delivered,家居家具,338.46,39.96,378.41999999999996
3209,539,RJ,2024-02-03,delivered,电子产品,85.82,12.43,98.25
3210,539,RJ,2024-11-17,delivered,电子产品,281.18,36.4,317.58
3210,539,RJ,2024-11-17,delivered,运动休闲,262.23,41.45,303.68
3210,539,RJ,2024-11-17,delivered,运动休闲,656.89,72.44,729.3299999999999
3211,539,RJ,2024-08-10,delivered,美妆健康,756.7,113.15,869.85
3212,539,RJ,2024-09-01,canceled,服饰,148.88,27.0,175.88
3212,539,RJ,2024-09-01,canceled,美妆健康,288.17,47.54,335.71000000000004
3212,539,RJ,2024-09-01,canceled,宠物用品,516.05,27.76,543.81
3213,539,RJ,2023-02-22,delivered,玩具,378.26,29.84,408.09999999999997
3213,539,RJ,2023-02-22,delivered,宠物用品,160.32,8.85,169.17
3214,539,RJ,2023-12-18,delivered,厨具,548.48,37.48,585.96
3215,539,RJ,2024-11-02,delivered,图书,500.37,83.16,583.53
3216,539,RJ,2024-05-06,delivered,服饰,587.69,85.51,673.2
3216,539,RJ,2024-05-06,delivered,宠物用品,219.89,19.18,239.07
3216,539,RJ,2024-05-06,delivered,家居家具,689.62,57.51,747.13
3217,539,RJ,2023-08-20,delivered,电脑配件,265.69,37.65,303.34
3218,539,RJ,2023-08-18,delivered,电子产品,442.76,28.14,470.9
3218,539,RJ,2023-08-18,delivered,运动休闲,230.63,35.49,266.12
3219,539,RJ,2023-08-14,canceled,美妆健康,373.93,64.04,437.97
3220,539,RJ,2024-08-25,delivered,电脑配件,618.01,54.95,672.96
3221,539,RJ,2023-12-13,delivered,运动休闲,583.08,107.99,691.07
3221,539,RJ,2023-12-13,delivered,服饰,501.88,94.98,596.86
3221,539,RJ,2023-12-13,delivered,服饰,176.95,34.21,211.16
3222,539,RJ,2024-08-30,delivered,美妆健康,703.13,131.75,834.88
3222,539,RJ,2024-08-30,delivered,美妆健康,549.07,65.07,614.1400000000001
3223,539,RJ,2024-06-29,delivered,厨具,799.52,139.67,939.1899999999999
3223,539,RJ,2024-06-29,delivered,电子产品,339.09,22.22,361.30999999999995
3223,539,RJ,2024-06-29,delivered,运动休闲,80.46,6.11,86.57
3224,539,RJ,2024-02-12,delivered,电脑配件,751.55,99.87,851.42
3224,539,RJ,2024-02-12,delivered,美妆健康,39.38,5.58,44.96
3224,539,RJ,2024-02-12,delivered,家居家具,647.93,117.93,765.8599999999999
3225,539,RJ,2024-07-16,delivered,运动休闲,502.15,76.0,578.15
3226,539,RJ,2023-07-03,delivered,宠物用品,738.32,132.77,871.09
3227,539,RJ,2024-06-27,delivered,厨具,579.57,112.38,691.95
3227,539,RJ,2024-06-27,delivered,玩具,408.5,56.21,464.71
3227,539,RJ,2024-06-27,delivered,宠物用品,585.19,84.39,669.58
3228,539,RJ,2024-04-20,delivered,电脑配件,371.98,54.17,426.15000000000003
3229,539,RJ,2023-05-31,delivered,玩具,791.25,73.53,864.78
3229,539,RJ,2023-05-31,delivered,运动休闲,765.48,137.99,903.47
3230,539,RJ,2023-01-11,delivered,厨具,697.36,81.74,779.1
3231,539,RJ,2024-03-29,delivered,电子产品,444.92,39.47,484.39
3231,539,RJ,2024-03-29,delivered,玩具,337.8,52.5,390.3
3231,539,RJ,2024-03-29,delivered,服饰,129.59,10.09,139.68
3232,539,RJ,2023-02-12,delivered,美妆健康,340.34,20.31,360.65
3233,539,RJ,2024-05-28,delivered,电子产品,231.79,45.15,276.94
3233,539,RJ,2024-05-28,delivered,电子产品,425.42,31.52,456.94
3233,539,RJ,2024-05-28,delivered,美妆健康,117.89,16.05,133.94
3234,539,RJ,2024-11-14,delivered,运动休闲,784.69,144.74,929.4300000000001
3234,539,RJ,2024-11-14,delivered,厨具,579.63,39.32,618.95
3235,539,RJ,2023-12-16,delivered,图书,393.71,76.55,470.26
3236,539,RJ,2023-01-16,delivered,家居家具,519.58,49.0,568.58
3237,539,RJ,2024-11-13,delivered,电子产品,643.83,57.05,700.88
3237,539,RJ,2024-11-13,delivered,玩具,137.76,16.36,154.12
3238,539,RJ,2023-03-24,delivered,美妆健康,555.28,109.78,665.06
3238,539,RJ,2023-03-24,delivered,运动休闲,47.88,3.01,50.89
3239,540,PE,2024-05-09,delivered,运动休闲,388.44,30.07,418.51
3239,540,PE,2024-05-09,delivered,运动休闲,310.04,27.32,337.36
3239,540,PE,2024-05-09,delivered,厨具,780.09,47.95,828.0400000000001
3240,541,SP,2024-12-02,delivered,家居家具,42.19,7.54,49.73
3240,541,SP,2024-12-02,delivered,电子产品,374.39,64.48,438.87
3240,541,SP,2024-12-02,delivered,宠物用品,698.27,136.27,834.54
3241,542,PR,2024-05-11,delivered,服饰,657.08,112.01,769.09
3242,543,CE,2024-07-01,delivered,图书,565.91,70.69,636.5999999999999
3242,543,CE,2024-07-01,delivered,美妆健康,67.39,12.28,79.67
3243,544,SC,2024-05-30,delivered,电子产品,580.78,50.05,630.8299999999999
3244,545,RS,2024-03-25,canceled,电脑配件,398.66,66.34,465.0
3244,545,RS,2024-03-25,canceled,厨具,750.55,134.04,884.5899999999999
3244,545,RS,2024-03-25,canceled,电脑配件,283.63,33.13,316.76
3245,546,DF,2023-04-10,delivered,玩具,411.79,75.47,487.26
3246,547,MG,2023-07-18,delivered,厨具,87.53,12.84,100.37
3246,547,MG,2023-07-18,delivered,运动休闲,430.38,63.0,493.38
3246,547,MG,2023-07-18,delivered,服饰,247.94,35.06,283.0
3247,548,SP,2023-11-28,delivered,家居家具,433.24,66.43,499.67
3247,548,SP,2023-11-28,delivered,服饰,371.27,26.54,397.81
3247,548,SP,2023-11-28,delivered,玩具,665.41,85.12,750.53
3248,549,CE,2023-11-07,delivered,服饰,142.13,23.01,165.14
3248,549,CE,2023-11-07,delivered,服饰,118.3,12.21,130.51
3248,549,CE,2023-11-07,delivered,家居家具,478.4,27.56,505.96
3249,550,PA,2024-10-12,delivered,电子产品,87.14,10.48,97.62
3250,551,BA,2024-05-12,canceled,玩具,634.34,80.5,714.84
3251,552,RJ,2024-06-12,delivered,电脑配件,165.9,26.1,192.0
3251,552,RJ,2024-06-12,delivered,服饰,631.84,47.06,678.9000000000001
3251,552,RJ,2024-06-12,delivered,美妆健康,88.38,9.34,97.72
3252,553,MG,2024-03-31,delivered,玩具,51.94,5.74,57.68
3252,553,MG,2024-03-31,delivered,宠物用品,715.77,70.84,786.61
3253,554,RS,2023-12-17,delivered,玩具,87.81,10.98,98.79
3253,554,RS,2023-12-17,delivered,服饰,401.33,55.67,457.0
3254,555,SP,2023-10-29,delivered,运动休闲,671.87,123.65,795.52
3254,555,SP,2023-10-29,delivered,玩具,384.31,25.64,409.95
3255,556,MG,2023-09-06,delivered,运动休闲,40.49,2.4,42.89
3255,556,MG,2023-09-06,delivered,家居家具,306.71,16.55,323.26
3256,557,BA,2023-12-21,delivered,电脑配件,252.96,26.45,279.41
3256,557,BA,2023-12-21,delivered,服饰,509.12,98.64,607.76
3257,558,RS,2023-12-24,delivered,电子产品,142.9,19.26,162.16
3258,559,AM,2024-07-27,delivered,玩具,703.96,87.17,791.13
3259,560,RS,2024-11-03,delivered,玩具,783.73,72.35,856.08
3259,560,RS,2024-11-03,delivered,图书,318.79,27.37,346.16
3260,561,CE,2024-04-22,delivered,图书,237.73,47.2,284.93
3260,561,CE,2024-04-22,delivered,玩具,688.89,45.9,734.79
3260,561,CE,2024-04-22,delivered,运动休闲,86.55,17.25,103.8
3261,562,BA,2024-11-15,delivered,图书,441.91,72.73,514.64
3261,562,BA,2024-11-15,delivered,厨具,456.04,38.39,494.43
3262,563,RS,2024-05-11,delivered,电子产品,589.56,46.98,636.54
3262,563,RS,2024-05-11,delivered,玩具,257.72,16.28,274.0
3262,563,RS,2024-05-11,delivered,家居家具,571.68,90.44,662.1199999999999
3263,564,PE,2024-01-01,delivered,服饰,136.52,13.47,149.99
3263,564,PE,2024-01-01,delivered,厨具,284.31,17.94,302.25
3263,564,PE,2024-01-01,delivered,运动休闲,470.36,76.9,547.26
3264,565,CE,2024-08-20,delivered,电子产品,223.36,20.65,244.01000000000002
3264,565,CE,2024-08-20,delivered,图书,742.35,39.2,781.5500000000001
3265,566,AM,2023-10-26,delivered,美妆健康,575.4,109.82,685.22
3265,566,AM,2023-10-26,delivered,图书,108.45,6.66,115.11
3266,567,MG,2024-08-10,delivered,电脑配件,797.61,72.83,870.44
3266,567,MG,2024-08-10,delivered,电脑配件,37.23,4.86,42.089999999999996
3267,568,RS,2023-12-14,delivered,玩具,539.57,92.64,632.21
3267,568,RS,2023-12-14,delivered,运动休闲,257.07,31.06,288.13
3268,569,PR,2024-11-09,delivered,电子产品,84.38,7.5,91.88
3268,569,PR,2024-11-09,delivered,服饰,371.21,67.56,438.77
3269,570,SP,2024-02-06,delivered,玩具,436.29,24.62,460.91
3269,570,SP,2024-02-06,delivered,电子产品,647.72,68.42,716.14
3270,570,SP,2024-12-11,canceled,家居家具,521.28,56.15,577.43
3270,570,SP,2024-12-11,canceled,服饰,316.55,54.59,371.14
3270,570,SP,2024-12-11,canceled,电脑配件,162.97,16.89,179.86
3271,570,SP,2023-10-06,delivered,电脑配件,707.37,47.37,754.74
3271,570,SP,2023-10-06,delivered,电脑配件,276.44,22.12,298.56
3272,570,SP,2023-04-23,delivered,运动休闲,265.1,52.27,317.37
3273,570,SP,2024-05-02,delivered,运动休闲,114.5,7.26,121.76
3273,570,SP,2024-05-02,delivered,电脑配件,111.39,17.28,128.67000000000002
3273,570,SP,2024-05-02,delivered,电脑配件,456.53,63.78,520.31
3274,570,SP,2024-10-24,delivered,电脑配件,297.17,44.22,341.39
3274,570,SP,2024-10-24,delivered,玩具,767.86,83.4,851.26
3275,570,SP,2024-10-30,delivered,服饰,439.49,33.08,472.57
3275,570,SP,2024-10-30,delivered,厨具,508.04,97.71,605.75
3276,570,SP,2023-11-07,delivered,电脑配件,655.67,40.17,695.8399999999999
3277,571,RS,2023-12-07,delivered,电子产品,76.66,10.72,87.38
3277,571,RS,2023-12-07,delivered,服饰,119.29,9.23,128.52
3278,572,SP,2023-12-05,delivered,厨具,353.35,40.91,394.26
3278,572,SP,2023-12-05,delivered,玩具,256.8,43.45,300.25
3279,573,SP,2023-07-19,delivered,服饰,510.99,29.02,540.01
3279,573,SP,2023-07-19,delivered,运动休闲,274.94,37.33,312.27
3280,574,SP,2024-01-08,delivered,美妆健康,351.38,63.29,414.67
3281,575,PA,2023-07-10,delivered,服饰,617.68,78.28,695.9599999999999
3282,576,CE,2024-05-17,delivered,电子产品,728.04,116.42,844.4599999999999
3282,576,CE,2024-05-17,delivered,电脑配件,502.29,98.1,600.39
3282,576,CE,2024-05-17,delivered,运动休闲,337.33,54.69,392.02
3283,577,CE,2023-11-29,delivered,家居家具,181.54,16.41,197.95
3284,578,BA,2023-05-18,delivered,电脑配件,77.55,8.73,86.28
3285,579,CE,2024-09-14,delivered,电子产品,117.74,9.39,127.13
3285,579,CE,2024-09-14,delivered,运动休闲,287.09,28.92,316.01
3286,580,PE,2023-09-01,delivered,电脑配件,623.19,96.91,720.1
3287,581,BA,2024-03-20,delivered,电子产品,406.27,35.92,442.19
3287,581,BA,2024-03-20,delivered,美妆健康,791.12,126.22,917.34
3287,581,BA,2024-03-20,delivered,运动休闲,423.55,47.63,471.18
3288,582,PE,2023-06-14,delivered,运动休闲,93.61,15.63,109.24
3289,583,RJ,2024-11-30,canceled,玩具,737.88,89.95,827.83
3289,583,RJ,2024-11-30,canceled,玩具,581.82,71.12,652.94
3290,584,AM,2023-06-22,delivered,玩具,422.93,56.81,479.74
3290,584,AM,2023-06-22,delivered,宠物用品,660.13,130.79,790.92
3290,584,AM,2023-06-22,delivered,玩具,360.96,59.35,420.31
3291,585,AM,2023-08-03,delivered,厨具,522.68,86.32,609.0
3292,586,SC,2024-02-21,delivered,运动休闲,747.72,127.55,875.27
3293,587,AM,2024-11-11,canceled,电子产品,371.86,29.8,401.66
3293,587,AM,2024-11-11,canceled,服饰,576.93,45.45,622.38
3294,588,PE,2023-11-25,delivered,玩具,688.23,62.08,750.3100000000001
3294,588,PE,2023-11-25,delivered,家居家具,471.28,54.56,525.8399999999999
3294,588,PE,2023-11-25,delivered,服饰,726.82,131.59,858.4100000000001
3295,589,CE,2024-04-13,delivered,玩具,72.81,4.54,77.35000000000001
3296,589,CE,2024-01-21,delivered,运动休闲,561.18,31.17,592.3499999999999
3296,589,CE,2024-01-21,delivered,电脑配件,612.24,71.12,683.36
3296,589,CE,2024-01-21,delivered,图书,364.3,28.05,392.35
3297,589,CE,2024-11-22,delivered,家居家具,799.02,85.94,884.96
3297,589,CE,2024-11-22,delivered,图书,725.03,113.98,839.01
3297,589,CE,2024-11-22,delivered,玩具,430.59,71.76,502.34999999999997
3298,589,CE,2023-06-20,delivered,图书,156.3,20.86,177.16000000000003
3298,589,CE,2023-06-20,delivered,运动休闲,702.09,39.06,741.1500000000001
3299,589,CE,2023-01-13,delivered,服饰,729.42,114.73,844.15
3299,589,CE,2023-01-13,delivered,电子产品,358.31,40.42,398.73
3300,589,CE,2024-04-05,delivered,玩具,639.06,112.13,751.1899999999999
3301,589,CE,2024-03-02,delivered,服饰,359.72,50.64,410.36
3301,589,CE,2024-03-02,delivered,电脑配件,39.5,7.56,47.06
3302,589,CE,2023-05-09,delivered,服饰,606.2,47.45,653.6500000000001
3302,589,CE,2023-05-09,delivered,运动休闲,773.59,88.87,862.46
3303,589,CE,2024-05-16,delivered,家居家具,72.47,5.62,78.09
3304,589,CE,2023-06-09,delivered,美妆健康,322.35,57.4,379.75
3305,589,CE,2024-12-09,delivered,运动休闲,745.84,80.41,826.25
3305,589,CE,2024-12-09,delivered,玩具,576.56,74.53,651.0899999999999
3305,589,CE,2024-12-09,delivered,家居家具,380.35,33.19,413.54
3306,589,CE,2024-10-26,delivered,图书,782.43,72.9,855.3299999999999
3306,589,CE,2024-10-26,delivered,家居家具,149.28,15.12,164.4
3306,589,CE,2024-10-26,delivered,运动休闲,273.75,36.98,310.73
3307,589,CE,2024-04-11,delivered,家居家具,439.12,81.86,520.98
3307,589,CE,2024-04-11,delivered,玩具,355.65,38.12,393.77
3307,589,CE,2024-04-11,delivered,图书,137.52,24.27,161.79000000000002
3308,589,CE,2023-10-21,delivered,运动休闲,552.47,93.39,645.86
3309,589,CE,2024-07-03,delivered,家居家具,401.18,26.67,427.85
3309,589,CE,2024-07-03,delivered,运动休闲,46.99,4.14,51.13
3309,589,CE,2024-07-03,delivered,电子产品,240.21,25.38,265.59000000000003
3310,589,CE,2023-07-02,delivered,家居家具,465.8,30.12,495.92
3311,589,CE,2024-01-10,delivered,厨具,290.26,56.73,346.99
3311,589,CE,2024-01-10,delivered,美妆健康,59.33,9.9,69.23
3312,589,CE,2023-11-02,delivered,电子产品,470.1,52.98,523.08
3313,589,CE,2023-01-07,delivered,厨具,135.34,10.11,145.45
3314,589,CE,2023-01-04,delivered,厨具,626.5,109.98,736.48
3314,589,CE,2023-01-04,delivered,电脑配件,165.68,22.63,188.31
3314,589,CE,2023-01-04,delivered,宠物用品,672.65,132.67,805.3199999999999
3315,589,CE,2024-07-04,delivered,电子产品,783.28,43.8,827.0799999999999
3315,589,CE,2024-07-04,delivered,美妆健康,714.39,47.33,761.72
3316,589,CE,2024-10-24,delivered,服饰,171.98,19.3,191.28
3317,589,CE,2024-07-20,delivered,电脑配件,549.26,68.44,617.7
3318,589,CE,2024-11-24,delivered,图书,565.58,77.64,643.22
3318,589,CE,2024-11-24,delivered,运动休闲,651.47,37.09,688.5600000000001
3319,589,CE,2024-10-28,delivered,服饰,175.39,22.58,197.96999999999997
3319,589,CE,2024-10-28,delivered,电子产品,187.1,29.79,216.89
3320,589,CE,2023-12-03,delivered,家居家具,106.0,11.75,117.75
3320,589,CE,2023-12-03,delivered,美妆健康,476.92,36.44,513.36
3321,589,CE,2024-03-11,delivered,宠物用品,158.37,9.15,167.52
3321,589,CE,2024-03-11,delivered,美妆健康,741.39,51.44,792.8299999999999
3321,589,CE,2024-03-11,delivered,厨具,686.43,70.11,756.54
3322,589,CE,2023-12-22,delivered,电脑配件,76.08,7.26,83.34
3322,589,CE,2023-12-22,delivered,运动休闲,497.37,58.2,555.57
3322,589,CE,2023-12-22,delivered,电子产品,103.22,13.31,116.53
3323,589,CE,2023-04-20,delivered,玩具,101.48,10.78,112.26
3324,589,CE,2024-09-12,delivered,运动休闲,769.92,123.45,893.37
3324,589,CE,2024-09-12,delivered,服饰,127.77,7.85,135.62
3324,589,CE,2024-09-12,delivered,电子产品,273.22,15.74,288.96000000000004
3325,590,SC,2023-09-05,delivered,家居家具,334.88,53.77,388.65
3325,590,SC,2023-09-05,delivered,服饰,529.38,89.62,619.0
3325,590,SC,2023-09-05,delivered,图书,756.39,92.25,848.64
3326,590,SC,2023-12-26,delivered,玩具,558.96,60.55,619.51
3326,590,SC,2023-12-26,delivered,电子产品,178.9,15.33,194.23000000000002
3327,590,SC,2023-12-11,delivered,宠物用品,37.33,6.89,44.22
3327,590,SC,2023-12-11,delivered,厨具,665.54,112.58,778.12
3327,590,SC,2023-12-11,delivered,运动休闲,384.53,29.32,413.84999999999997
3328,590,SC,2024-09-28,delivered,图书,750.24,90.46,840.7
3328,590,SC,2024-09-28,delivered,宠物用品,501.23,31.48,532.71
3328,590,SC,2024-09-28,delivered,电脑配件,170.9,18.95,189.85
3329,590,SC,2024-09-23,delivered,图书,519.79,92.55,612.3399999999999
3329,590,SC,2024-09-23,delivered,厨具,387.92,56.25,444.17
3329,590,SC,2024-09-23,delivered,电子产品,508.64,35.95,544.59
3330,590,SC,2024-02-06,delivered,美妆健康,58.69,3.19,61.879999999999995
3330,590,SC,2024-02-06,delivered,运动休闲,323.9,19.0,342.9
3331,590,SC,2023-12-25,canceled,服饰,678.18,79.88,758.06
3331,590,SC,2023-12-25,canceled,服饰,696.36,73.67,770.03
3331,590,SC,2023-12-25,canceled,运动休闲,135.6,16.07,151.67
3332,590,SC,2024-12-24,delivered,美妆健康,462.06,55.72,517.78
3332,590,SC,2024-12-24,delivered,电子产品,795.7,94.12,889.82
3333,590,SC,2024-07-26,delivered,玩具,363.21,26.6,389.81
3333,590,SC,2024-07-26,delivered,厨具,554.38,104.0,658.38
3333,590,SC,2024-07-26,delivered,服饰,487.15,94.02,581.17
3334,590,SC,2024-10-13,delivered,图书,154.03,8.91,162.94
3334,590,SC,2024-10-13,delivered,玩具,702.92,99.94,802.8599999999999
3335,590,SC,2024-06-01,delivered,厨具,52.88,5.52,58.400000000000006
3335,590,SC,2024-06-01,delivered,美妆健康,614.24,95.52,709.76
3336,590,SC,2024-04-11,delivered,运动休闲,237.05,19.93,256.98
3336,590,SC,2024-04-11,delivered,玩具,58.57,4.6,63.17
3336,590,SC,2024-04-11,delivered,运动休闲,55.16,8.53,63.69
3337,590,SC,2023-12-04,delivered,电子产品,72.85,10.46,83.31
3338,590,SC,2023-03-23,delivered,服饰,63.41,9.27,72.67999999999999
3338,590,SC,2023-03-23,delivered,图书,132.74,15.39,148.13
3339,590,SC,2024-06-01,delivered,电子产品,67.3,9.52,76.82
3339,590,SC,2024-06-01,delivered,家居家具,481.13,81.96,563.09
3340,590,SC,2023-10-10,delivered,电子产品,287.98,24.68,312.66
3340,590,SC,2023-10-10,delivered,美妆健康,715.17,131.13,846.3
3340,590,SC,2023-10-10,delivered,图书,184.45,17.23,201.67999999999998
3341,590,SC,2024-04-09,delivered,服饰,660.45,99.07,759.52
3341,590,SC,2024-04-09,delivered,图书,164.18,22.39,186.57
3341,590,SC,2024-04-09,delivered,图书,253.89,21.65,275.53999999999996
3342,590,SC,2024-06-11,delivered,美妆健康,569.93,31.28,601.2099999999999
3342,590,SC,2024-06-11,delivered,服饰,341.95,23.36,365.31
3342,590,SC,2024-06-11,delivered,厨具,51.84,8.05,59.89
3343,590,SC,2024-04-16,delivered,家居家具,194.2,11.58,205.78
3344,590,SC,2024-02-24,delivered,图书,430.03,55.33,485.35999999999996
3344,590,SC,2024-02-24,delivered,运动休闲,677.85,39.34,717.19
3344,590,SC,2024-02-24,delivered,家居家具,771.39,57.09,828.48
3345,590,SC,2023-08-22,delivered,宠物用品,688.44,62.27,750.71
3345,590,SC,2023-08-22,delivered,电子产品,386.86,73.39,460.25
3345,590,SC,2023-08-22,delivered,玩具,64.87,7.04,71.91000000000001
3346,590,SC,2023-08-02,delivered,电子产品,297.1,58.91,356.01
3346,590,SC,2023-08-02,delivered,电脑配件,411.12,70.95,482.07
3346,590,SC,2023-08-02,delivered,电子产品,114.61,9.84,124.45
3347,590,SC,2024-01-12,delivered,玩具,580.02,41.46,621.48
3347,590,SC,2024-01-12,delivered,服饰,28.28,4.76,33.04
3347,590,SC,2024-01-12,delivered,电脑配件,197.37,19.02,216.39000000000001
3348,590,SC,2024-10-26,delivered,图书,264.57,38.83,303.4
3348,590,SC,2024-10-26,delivered,电脑配件,735.7,143.44,879.1400000000001
3349,590,SC,2023-05-02,delivered,玩具,268.04,30.64,298.68
3350,590,SC,2024-03-06,delivered,厨具,589.33,95.28,684.61
3351,590,SC,2024-11-23,delivered,图书,46.57,8.96,55.53
3351,590,SC,2024-11-23,delivered,美妆健康,363.83,34.63,398.46
3352,590,SC,2023-01-28,delivered,电子产品,469.94,79.46,549.4
3353,590,SC,2024-04-04,delivered,电子产品,243.14,41.95,285.09
3353,590,SC,2024-04-04,delivered,电脑配件,331.22,22.65,353.87
3353,590,SC,2024-04-04,delivered,服饰,415.21,28.36,443.57
3354,590,SC,2024-08-19,delivered,服饰,103.09,14.76,117.85000000000001
3354,590,SC,2024-08-19,delivered,玩具,156.08,7.89,163.97
3355,590,SC,2024-04-13,delivered,电脑配件,613.35,92.18,705.53
3355,590,SC,2024-04-13,delivered,厨具,531.25,98.13,629.38
3355,590,SC,2024-04-13,delivered,服饰,682.86,75.35,758.21
3356,590,SC,2024-12-18,delivered,美妆健康,440.48,67.49,507.97
3356,590,SC,2024-12-18,delivered,电子产品,728.66,45.84,774.5
3357,590,SC,2024-07-18,delivered,电子产品,493.34,71.32,564.66
3358,590,SC,2024-08-01,delivered,电脑配件,117.35,23.43,140.78
3359,590,SC,2023-11-02,canceled,厨具,505.63,95.94,601.5699999999999
3359,590,SC,2023-11-02,canceled,电子产品,624.26,120.92,745.18
3360,590,SC,2024-12-27,delivered,美妆健康,372.59,41.29,413.88
3360,590,SC,2024-12-27,delivered,玩具,553.8,99.75,653.55
3360,590,SC,2024-12-27,delivered,电子产品,587.37,112.77,700.14
3361,590,SC,2024-08-04,delivered,玩具,779.79,57.16,836.9499999999999
3362,590,SC,2023-10-10,delivered,图书,740.77,93.91,834.68
3362,590,SC,2023-10-10,delivered,电子产品,275.94,51.66,327.6
3363,590,SC,2024-09-26,delivered,运动休闲,204.91,20.62,225.53
3364,590,SC,2024-03-14,delivered,电子产品,664.99,58.74,723.73
3365,590,SC,2023-11-28,delivered,家居家具,184.24,21.67,205.91000000000003
3366,590,SC,2023-12-04,delivered,玩具,448.59,67.37,515.96
3367,590,SC,2024-06-07,delivered,电子产品,502.01,83.8,585.81
3368,590,SC,2024-09-28,canceled,服饰,521.07,61.85,582.9200000000001
3369,590,SC,2023-06-25,delivered,厨具,435.84,28.27,464.10999999999996
3370,590,SC,2023-12-02,canceled,厨具,781.63,62.52,844.15
3370,590,SC,2023-12-02,canceled,玩具,74.91,12.96,87.87
3370,590,SC,2023-12-02,canceled,美妆健康,22.08,3.75,25.83
3371,590,SC,2024-12-06,canceled,家居家具,326.79,65.04,391.83000000000004
3372,590,SC,2024-06-16,delivered,电子产品,351.82,22.89,374.71
3372,590,SC,2024-06-16,delivered,图书,783.07,146.88,929.95
3373,590,SC,2024-02-23,delivered,厨具,255.07,37.1,292.17
3373,590,SC,2024-02-23,delivered,运动休闲,276.36,23.23,299.59000000000003
3373,590,SC,2024-02-23,delivered,图书,454.26,32.92,487.18
3374,590,SC,2024-09-02,delivered,玩具,299.68,53.17,352.85
3375,590,SC,2023-07-23,delivered,运动休闲,549.83,45.6,595.4300000000001
3376,590,SC,2023-11-14,delivered,电脑配件,714.13,93.71,807.84
3377,591,CE,2024-10-12,delivered,厨具,156.3,19.45,175.75
3377,591,CE,2024-10-12,delivered,宠物用品,542.06,87.71,629.77
3378,592,RS,2024-03-05,canceled,电脑配件,140.28,9.4,149.68
3378,592,RS,2024-03-05,canceled,美妆健康,731.68,134.95,866.6299999999999
3379,593,PA,2024-10-08,delivered,电脑配件,57.52,8.06,65.58
3379,593,PA,2024-10-08,delivered,家居家具,625.14,89.38,714.52
3379,593,PA,2024-10-08,delivered,电子产品,788.08,119.66,907.74
3380,594,BA,2023-01-28,delivered,家居家具,170.06,24.35,194.41
3380,594,BA,2023-01-28,delivered,服饰,260.9,37.82,298.71999999999997
3380,594,BA,2023-01-28,delivered,电脑配件,237.76,16.34,254.1
3381,595,BA,2023-12-24,delivered,厨具,575.1,109.94,685.04
3381,595,BA,2023-12-24,delivered,电脑配件,437.15,68.43,505.58
3382,596,PR,2024-12-04,delivered,宠物用品,344.84,67.4,412.24
3383,597,BA,2024-04-22,delivered,运动休闲,362.76,52.52,415.28
3384,598,PA,2024-11-29,delivered,电子产品,263.91,33.63,297.54
3385,599,PA,2024-05-27,delivered,运动休闲,661.83,34.64,696.47
3385,599,PA,2024-05-27,delivered,玩具,226.09,27.83,253.92000000000002
3385,599,PA,2024-05-27,delivered,玩具,86.69,6.33,93.02
3386,600,AM,2024-06-04,delivered,家居家具,530.69,52.81,583.5
3387,601,MG,2024-06-26,delivered,图书,422.68,30.67,453.35
3387,601,MG,2024-06-26,delivered,服饰,176.9,15.65,192.55
3388,602,SC,2024-07-06,delivered,运动休闲,741.49,123.15,864.64
3388,602,SC,2024-07-06,delivered,厨具,285.79,15.66,301.45000000000005
3389,603,PR,2024-11-17,delivered,宠物用品,656.56,102.99,759.55
3389,603,PR,2024-11-17,delivered,玩具,391.06,32.53,423.59000000000003
3390,604,SP,2023-12-13,delivered,美妆健康,462.7,43.38,506.08
3390,604,SP,2023-12-13,delivered,服饰,293.78,32.11,325.89
3390,604,SP,2023-12-13,delivered,厨具,254.05,13.78,267.83
3391,605,MG,2023-04-26,delivered,图书,440.41,49.51,489.92
3391,605,MG,2023-04-26,delivered,电子产品,163.69,14.85,178.54
3392,605,MG,2024-12-17,delivered,电脑配件,306.76,37.5,344.26
3393,605,MG,2024-11-23,delivered,图书,116.47,10.99,127.46
3393,605,MG,2024-11-23,delivered,服饰,480.92,54.57,535.49
3393,605,MG,2024-11-23,delivered,电脑配件,35.66,5.18,40.839999999999996
3394,605,MG,2024-01-23,delivered,家居家具,631.84,37.39,669.23
3394,605,MG,2024-01-23,delivered,美妆健康,419.44,50.92,470.36
3394,605,MG,2024-01-23,delivered,宠物用品,250.32,31.96,282.28
3395,605,MG,2024-03-06,delivered,美妆健康,373.36,34.69,408.05
3396,605,MG,2024-03-05,delivered,电脑配件,283.64,25.13,308.77
3396,605,MG,2024-03-05,delivered,玩具,483.53,45.06,528.5899999999999
3396,605,MG,2024-03-05,delivered,服饰,23.24,4.3,27.54
3397,605,MG,2023-02-10,delivered,电脑配件,615.35,83.16,698.51
3397,605,MG,2023-02-10,delivered,美妆健康,509.98,75.73,585.71
3398,605,MG,2024-09-26,delivered,图书,271.03,17.82,288.84999999999997
3398,605,MG,2024-09-26,delivered,美妆健康,716.73,105.66,822.39
3399,605,MG,2024-11-24,delivered,服饰,693.64,78.46,772.1
3399,605,MG,2024-11-24,delivered,玩具,279.9,19.37,299.27
3399,605,MG,2024-11-24,delivered,服饰,372.29,43.15,415.44
3400,605,MG,2024-07-06,delivered,玩具,372.3,44.28,416.58000000000004
3400,605,MG,2024-07-06,delivered,服饰,575.21,75.17,650.38
3400,605,MG,2024-07-06,delivered,电子产品,62.63,8.9,71.53
3401,605,MG,2024-12-16,delivered,电子产品,206.41,19.9,226.31
3401,605,MG,2024-12-16,delivered,玩具,177.25,26.31,203.56
3401,605,MG,2024-12-16,delivered,电脑配件,68.27,10.35,78.61999999999999
3402,605,MG,2024-05-12,delivered,电子产品,372.39,45.09,417.48
3402,605,MG,2024-05-12,delivered,图书,175.44,10.39,185.82999999999998
3402,605,MG,2024-05-12,delivered,美妆健康,101.71,13.74,115.44999999999999
3403,605,MG,2023-05-14,delivered,服饰,174.45,25.66,200.10999999999999
3403,605,MG,2023-05-14,delivered,厨具,737.74,58.94,796.6800000000001
3403,605,MG,2023-05-14,delivered,服饰,638.17,125.46,763.63
3404,605,MG,2023-10-22,delivered,家居家具,168.58,15.31,183.89000000000001
3404,605,MG,2023-10-22,delivered,服饰,493.51,35.99,529.5
3404,605,MG,2023-10-22,delivered,家居家具,559.17,36.95,596.12
3405,605,MG,2023-12-06,canceled,美妆健康,38.97,3.41,42.379999999999995
3405,605,MG,2023-12-06,canceled,玩具,114.4,13.86,128.26
3406,605,MG,2024-01-28,delivered,美妆健康,314.35,22.68,337.03000000000003
3406,605,MG,2024-01-28,delivered,厨具,162.2,27.26,189.45999999999998
3407,605,MG,2024-01-17,delivered,图书,694.46,114.89,809.35
3408,605,MG,2024-04-06,delivered,服饰,753.63,72.97,826.6
3408,605,MG,2024-04-06,delivered,运动休闲,755.33,92.38,847.71
3409,605,MG,2024-07-15,delivered,玩具,197.02,33.6,230.62
3409,605,MG,2024-07-15,delivered,图书,335.62,50.47,386.09000000000003
3410,605,MG,2023-11-10,delivered,美妆健康,73.13,4.82,77.94999999999999
3411,605,MG,2024-10-27,delivered,电脑配件,159.23,15.91,175.14
3411,605,MG,2024-10-27,delivered,厨具,546.28,29.24,575.52
3411,605,MG,2024-10-27,delivered,电子产品,345.42,30.74,376.16
3412,606,SP,2024-05-11,delivered,美妆健康,418.42,41.38,459.8
3412,606,SP,2024-05-11,delivered,宠物用品,433.16,36.07,469.23
3413,607,RJ,2023-09-05,delivered,玩具,633.12,73.23,706.35
3414,608,AM,2023-12-14,delivered,电脑配件,453.83,83.41,537.24
3415,609,PA,2023-12-17,delivered,服饰,371.28,25.38,396.65999999999997
3415,609,PA,2023-12-17,delivered,厨具,761.49,91.72,853.21
3416,610,RS,2023-03-09,delivered,厨具,453.96,85.35,539.31
3417,611,SC,2024-09-05,delivered,玩具,479.74,74.4,554.14
3418,612,MG,2024-11-25,delivered,服饰,671.21,66.31,737.52
3418,612,MG,2024-11-25,delivered,美妆健康,566.38,66.29,632.67
3418,612,MG,2024-11-25,delivered,电脑配件,434.83,75.78,510.61
3419,613,SP,2023-11-07,delivered,美妆健康,274.74,35.79,310.53000000000003
3419,613,SP,2023-11-07,delivered,家居家具,401.79,58.09,459.88
3419,613,SP,2023-11-07,delivered,电子产品,600.95,50.61,651.5600000000001
3420,614,RJ,2024-12-06,delivered,图书,46.02,2.98,49.0
3421,615,AM,2024-05-19,delivered,电脑配件,48.06,3.79,51.85
3421,615,AM,2024-05-19,delivered,厨具,232.01,16.5,248.51
3422,616,SC,2024-10-03,delivered,服饰,379.89,39.94,419.83
3422,616,SC,2024-10-03,delivered,电脑配件,479.92,59.5,539.4200000000001
3423,616,SC,2024-12-18,delivered,玩具,196.61,34.33,230.94
3423,616,SC,2024-12-18,delivered,电子产品,110.49,20.17,130.66
3423,616,SC,2024-12-18,delivered,家居家具,265.74,25.56,291.3
3424,616,SC,2023-12-03,delivered,运动休闲,72.46,5.19,77.64999999999999
3425,616,SC,2024-07-17,delivered,电子产品,239.85,15.0,254.85
3425,616,SC,2024-07-17,delivered,厨具,487.52,89.55,577.0699999999999
3425,616,SC,2024-07-17,delivered,电子产品,539.1,93.05,632.15
3426,616,SC,2024-03-06,delivered,玩具,591.56,83.57,675.1299999999999
3427,616,SC,2023-07-02,delivered,厨具,378.87,58.92,437.79
3427,616,SC,2023-07-02,delivered,厨具,683.83,93.58,777.4100000000001
3427,616,SC,2023-07-02,delivered,家居家具,592.21,33.12,625.33
3428,616,SC,2023-10-20,delivered,玩具,659.06,101.28,760.3399999999999
3428,616,SC,2023-10-20,delivered,玩具,115.32,14.98,130.29999999999998
3429,616,SC,2023-11-19,delivered,厨具,443.43,38.68,482.11
3429,616,SC,2023-11-19,delivered,厨具,657.03,102.9,759.93
3429,616,SC,2023-11-19,delivered,美妆健康,214.65,22.68,237.33
3430,616,SC,2023-02-08,delivered,运动休闲,462.33,64.96,527.29
3430,616,SC,2023-02-08,delivered,运动休闲,478.29,26.44,504.73
3430,616,SC,2023-02-08,delivered,电子产品,699.68,53.14,752.8199999999999
3431,616,SC,2024-11-05,delivered,玩具,737.39,96.06,833.45
3432,616,SC,2024-09-07,delivered,图书,696.66,83.47,780.13
3432,616,SC,2024-09-07,delivered,运动休闲,248.1,19.99,268.09
3432,616,SC,2024-09-07,delivered,服饰,727.98,85.36,813.34
3433,616,SC,2024-09-12,canceled,运动休闲,149.45,24.95,174.39999999999998
3433,616,SC,2024-09-12,canceled,宠物用品,173.5,22.89,196.39
3434,616,SC,2024-11-02,delivered,美妆健康,41.25,3.05,44.3
3435,616,SC,2024-08-27,delivered,玩具,107.85,7.62,115.47
3435,616,SC,2024-08-27,delivered,玩具,107.35,9.79,117.13999999999999
3435,616,SC,2024-08-27,delivered,家居家具,309.6,28.47,338.07000000000005
3436,616,SC,2023-12-14,delivered,电子产品,253.26,14.81,268.07
3437,616,SC,2024-04-18,delivered,电子产品,678.28,58.92,737.1999999999999
3438,616,SC,2024-12-01,delivered,厨具,590.23,47.8,638.03
3438,616,SC,2024-12-01,delivered,运动休闲,129.88,21.03,150.91
3438,616,SC,2024-12-01,delivered,家居家具,224.03,39.58,263.61
3439,616,SC,2024-04-25,canceled,厨具,526.43,104.99,631.42
3440,616,SC,2024-06-12,delivered,宠物用品,572.16,104.09,676.25
3441,616,SC,2024-04-18,delivered,厨具,132.82,22.4,155.22
3441,616,SC,2024-04-18,delivered,玩具,170.52,18.53,189.05
3441,616,SC,2024-04-18,delivered,宠物用品,749.55,64.29,813.8399999999999
3442,616,SC,2023-10-27,delivered,厨具,184.67,16.93,201.6
3443,616,SC,2023-12-11,delivered,美妆健康,394.42,65.85,460.27
3443,616,SC,2023-12-11,delivered,美妆健康,86.7,5.91,92.61
3444,616,SC,2024-07-14,delivered,家居家具,283.4,35.59,318.99
3445,616,SC,2024-05-27,delivered,运动休闲,234.67,14.99,249.66
3446,616,SC,2023-06-16,delivered,宠物用品,231.55,29.3,260.85
3446,616,SC,2023-06-16,delivered,厨具,534.23,96.49,630.72
3447,616,SC,2023-11-10,delivered,厨具,306.67,30.94,337.61
3447,616,SC,2023-11-10,delivered,家居家具,687.13,85.93,773.06
3448,616,SC,2024-02-09,canceled,家居家具,606.63,72.58,679.21
3448,616,SC,2024-02-09,canceled,服饰,436.04,77.21,513.25
3449,616,SC,2024-11-12,delivered,厨具,181.1,11.3,192.4
3450,616,SC,2023-12-03,delivered,美妆健康,702.55,36.55,739.0999999999999
3451,616,SC,2023-06-14,delivered,图书,47.9,4.96,52.86
3451,616,SC,2023-06-14,delivered,运动休闲,402.05,36.11,438.16
3452,616,SC,2023-08-20,delivered,美妆健康,620.58,94.87,715.45
3452,616,SC,2023-08-20,delivered,电脑配件,207.03,41.37,248.4
3453,617,CE,2024-07-17,delivered,厨具,783.47,119.31,902.78
3454,618,AM,2024-04-07,delivered,运动休闲,769.17,133.4,902.5699999999999
3454,618,AM,2024-04-07,delivered,厨具,168.27,20.6,188.87
3455,619,RS,2023-10-30,canceled,运动休闲,551.17,69.76,620.93
3455,619,RS,2023-10-30,canceled,服饰,33.03,6.13,39.160000000000004
3455,619,RS,2023-10-30,canceled,运动休闲,796.69,110.82,907.51
3456,620,DF,2024-09-23,delivered,厨具,82.49,11.55,94.03999999999999
3456,620,DF,2024-09-23,delivered,运动休闲,303.55,18.99,322.54
3457,621,BA,2024-10-15,delivered,玩具,51.24,3.89,55.13
3458,622,PA,2023-06-21,delivered,家居家具,95.95,17.93,113.88
3458,622,PA,2023-06-21,delivered,厨具,457.53,38.38,495.90999999999997
3459,623,RS,2023-11-21,delivered,玩具,327.36,34.1,361.46000000000004
3459,623,RS,2023-11-21,delivered,电脑配件,313.28,16.52,329.79999999999995
3460,624,SP,2024-12-29,delivered,电子产品,361.58,34.38,395.96
3460,624,SP,2024-12-29,delivered,图书,361.81,40.0,401.81
3460,624,SP,2024-12-29,delivered,电子产品,198.14,19.85,217.98999999999998
3461,625,PE,2023-09-08,delivered,电脑配件,186.83,10.7,197.53
3461,625,PE,2023-09-08,delivered,宠物用品,687.24,91.07,778.31
3462,625,PE,2024-11-09,delivered,家居家具,352.01,29.08,381.09
3462,625,PE,2024-11-09,delivered,玩具,619.48,80.11,699.59
3463,625,PE,2024-12-29,delivered,家居家具,578.29,92.65,670.9399999999999
3463,625,PE,2024-12-29,delivered,电子产品,589.82,37.73,627.5500000000001
3464,625,PE,2024-07-16,delivered,玩具,138.48,16.55,155.03
3464,625,PE,2024-07-16,delivered,玩具,49.16,9.37,58.529999999999994
3464,625,PE,2024-07-16,delivered,服饰,184.22,36.21,220.43
3465,625,PE,2024-11-29,delivered,玩具,193.64,32.34,225.98
3465,625,PE,2024-11-29,delivered,玩具,365.73,67.34,433.07000000000005
3465,625,PE,2024-11-29,delivered,运动休闲,20.31,2.42,22.729999999999997
3466,625,PE,2023-12-26,delivered,玩具,305.7,46.95,352.65
3467,625,PE,2024-12-22,delivered,家居家具,119.23,11.91,131.14000000000001
3467,625,PE,2024-12-22,delivered,家居家具,609.37,40.21,649.58
3468,625,PE,2024-11-11,delivered,电脑配件,553.17,53.95,607.12
3468,625,PE,2024-11-11,delivered,厨具,183.37,22.83,206.2
3468,625,PE,2024-11-11,delivered,图书,94.95,16.73,111.68
3469,625,PE,2024-05-09,delivered,运动休闲,736.79,84.59,821.38
3469,625,PE,2024-05-09,delivered,电子产品,622.84,117.42,740.26
3469,625,PE,2024-05-09,delivered,图书,788.82,126.86,915.6800000000001
3470,625,PE,2024-04-02,delivered,宠物用品,198.55,18.56,217.11
3470,625,PE,2024-04-02,delivered,玩具,251.16,24.72,275.88
3470,625,PE,2024-04-02,delivered,电脑配件,375.93,32.17,408.1
3471,625,PE,2024-09-29,delivered,玩具,656.18,35.31,691.49
3471,625,PE,2024-09-29,delivered,服饰,50.55,9.12,59.669999999999995
3471,625,PE,2024-09-29,delivered,图书,639.65,47.19,686.8399999999999
3472,625,PE,2024-06-24,delivered,图书,176.29,9.78,186.07
3473,625,PE,2023-07-02,delivered,电子产品,509.03,30.35,539.38
3473,625,PE,2023-07-02,delivered,玩具,394.13,28.88,423.01
3474,625,PE,2023-12-08,delivered,服饰,577.66,109.59,687.25
3474,625,PE,2023-12-08,delivered,玩具,681.69,120.58,802.2700000000001
3475,625,PE,2024-04-24,delivered,运动休闲,654.92,51.43,706.3499999999999
3476,625,PE,2023-07-29,delivered,图书,335.39,43.17,378.56
3477,625,PE,2023-12-18,delivered,美妆健康,177.23,32.97,210.2
3477,625,PE,2023-12-18,delivered,家居家具,162.74,28.67,191.41000000000003
3477,625,PE,2023-12-18,delivered,家居家具,681.92,82.68,764.5999999999999
3478,625,PE,2023-09-27,delivered,电子产品,615.71,109.49,725.2
3479,625,PE,2024-05-06,delivered,图书,114.04,13.49,127.53
3479,625,PE,2024-05-06,delivered,服饰,67.14,12.49,79.63
3479,625,PE,2024-05-06,delivered,电脑配件,75.23,13.1,88.33
3480,625,PE,2024-06-16,delivered,服饰,619.09,43.36,662.45
3480,625,PE,2024-06-16,delivered,家居家具,763.26,66.22,829.48
3480,625,PE,2024-06-16,delivered,电子产品,584.68,70.48,655.16
3481,625,PE,2024-07-12,delivered,美妆健康,43.65,2.67,46.32
3481,625,PE,2024-07-12,delivered,服饰,387.17,28.89,416.06
3482,625,PE,2024-12-01,canceled,厨具,715.97,90.11,806.08
3482,625,PE,2024-12-01,canceled,电脑配件,576.18,32.05,608.2299999999999
3482,625,PE,2024-12-01,canceled,电脑配件,355.63,55.44,411.07
3483,625,PE,2023-09-19,delivered,电脑配件,65.16,8.96,74.12
3484,625,PE,2023-07-30,delivered,服饰,282.89,38.62,321.51
3484,625,PE,2023-07-30,delivered,玩具,352.8,65.1,417.9
3484,625,PE,2023-07-30,delivered,电子产品,642.1,55.86,697.96
3485,625,PE,2024-05-15,delivered,玩具,160.03,24.6,184.63
3485,625,PE,2024-05-15,delivered,家居家具,81.46,5.31,86.77
3486,625,PE,2023-08-07,delivered,服饰,232.07,12.62,244.69
3487,625,PE,2023-02-08,delivered,美妆健康,606.36,61.94,668.3
3488,625,PE,2023-08-02,delivered,美妆健康,54.86,6.5,61.36
3489,625,PE,2023-11-13,delivered,图书,345.24,46.23,391.47
3489,625,PE,2023-11-13,delivered,图书,609.14,38.0,647.14
3489,625,PE,2023-11-13,delivered,电脑配件,154.81,10.83,165.64000000000001
3490,625,PE,2023-02-24,delivered,家居家具,604.0,111.8,715.8
3490,625,PE,2023-02-24,delivered,服饰,796.89,124.81,921.7
3490,625,PE,2023-02-24,delivered,图书,74.42,4.2,78.62
3491,625,PE,2024-05-23,delivered,厨具,664.54,71.35,735.89
3491,625,PE,2024-05-23,delivered,美妆健康,160.18,12.15,172.33
3492,625,PE,2023-04-30,delivered,宠物用品,757.16,106.01,863.17
3492,625,PE,2023-04-30,delivered,玩具,56.67,6.28,62.95
3492,625,PE,2023-04-30,delivered,运动休闲,618.58,64.52,683.1
3493,625,PE,2023-06-17,delivered,玩具,328.49,54.89,383.38
3493,625,PE,2023-06-17,delivered,美妆健康,157.5,25.89,183.39
3494,625,PE,2024-04-29,delivered,运动休闲,80.17,9.16,89.33
3494,625,PE,2024-04-29,delivered,电脑配件,274.46,29.08,303.53999999999996
3494,625,PE,2024-04-29,delivered,厨具,265.96,49.39,315.34999999999997
3495,625,PE,2024-01-07,delivered,图书,347.14,54.18,401.32
3495,625,PE,2024-01-07,delivered,服饰,577.15,62.32,639.47
3496,625,PE,2024-05-04,delivered,厨具,330.66,43.32,373.98
3496,625,PE,2024-05-04,delivered,美妆健康,554.07,97.38,651.45
3497,625,PE,2023-09-21,delivered,美妆健康,429.09,36.04,465.13
3498,625,PE,2024-12-21,canceled,图书,50.21,6.13,56.34
3499,625,PE,2024-10-27,delivered,玩具,86.23,8.19,94.42
3500,625,PE,2024-04-05,delivered,家居家具,86.37,13.55,99.92
3501,625,PE,2024-08-21,delivered,服饰,172.36,27.94,200.3
3501,625,PE,2024-08-21,delivered,图书,210.17,33.59,243.76
3502,625,PE,2023-10-05,delivered,图书,470.29,33.5,503.79
3503,625,PE,2024-03-24,delivered,美妆健康,420.94,28.89,449.83
3504,625,PE,2024-01-08,delivered,电脑配件,203.76,40.59,244.35
3505,625,PE,2023-03-07,delivered,运动休闲,316.28,17.69,333.96999999999997
3505,625,PE,2023-03-07,delivered,电子产品,139.53,27.0,166.53
3506,625,PE,2023-06-27,delivered,运动休闲,74.94,11.23,86.17
3507,625,PE,2024-07-27,delivered,运动休闲,21.94,3.95,25.89
3508,625,PE,2024-06-16,delivered,玩具,690.74,103.13,793.87
3508,625,PE,2024-06-16,delivered,图书,441.58,43.24,484.82
3508,625,PE,2024-06-16,delivered,玩具,686.48,127.5,813.98
3509,625,PE,2023-05-25,delivered,运动休闲,574.46,45.07,619.5300000000001
3510,625,PE,2024-06-06,delivered,玩具,716.01,79.81,795.8199999999999
3511,625,PE,2023-03-13,delivered,厨具,221.92,43.03,264.95
3511,625,PE,2023-03-13,delivered,电脑配件,128.45,19.74,148.19
3511,625,PE,2023-03-13,delivered,服饰,769.28,46.05,815.3299999999999
3512,625,PE,2024-12-21,delivered,家居家具,704.98,107.42,812.4
3512,625,PE,2024-12-21,delivered,宠物用品,123.75,10.11,133.86
3513,625,PE,2023-08-06,delivered,服饰,432.49,26.73,459.22
3513,625,PE,2023-08-06,delivered,电子产品,536.16,82.13,618.29
3514,625,PE,2024-05-28,delivered,厨具,712.63,65.69,778.3199999999999
3514,625,PE,2024-05-28,delivered,电脑配件,624.48,86.54,711.02
3514,625,PE,2024-05-28,delivered,电脑配件,137.05,16.95,154.0
3515,625,PE,2023-12-28,delivered,厨具,782.05,126.79,908.8399999999999
3515,625,PE,2023-12-28,delivered,家居家具,408.87,49.4,458.27
3515,625,PE,2023-12-28,delivered,电脑配件,218.77,23.12,241.89000000000001
3516,625,PE,2023-07-07,delivered,厨具,188.54,9.52,198.06
3516,625,PE,2023-07-07,delivered,宠物用品,570.84,112.85,683.69
3516,625,PE,2023-07-07,delivered,图书,702.66,109.32,811.98
3517,625,PE,2024-02-09,delivered,运动休闲,601.99,104.25,706.24
3517,625,PE,2024-02-09,delivered,服饰,697.86,96.06,793.9200000000001
3517,625,PE,2024-02-09,delivered,家居家具,96.13,16.8,112.92999999999999
3518,625,PE,2024-11-02,delivered,玩具,343.8,51.38,395.18
3519,625,PE,2024-01-30,delivered,家居家具,712.61,54.51,767.12
3519,625,PE,2024-01-30,delivered,家居家具,243.27,30.66,273.93
3519,625,PE,2024-01-30,delivered,玩具,489.07,64.08,553.15
3520,625,PE,2024-12-15,delivered,图书,382.67,35.72,418.39
3520,625,PE,2024-12-15,delivered,电子产品,732.93,140.89,873.8199999999999
3520,625,PE,2024-12-15,delivered,玩具,537.81,54.43,592.2399999999999
3521,625,PE,2024-11-16,delivered,美妆健康,445.83,67.73,513.56
3521,625,PE,2024-11-16,delivered,宠物用品,95.09,13.27,108.36
3522,625,PE,2024-03-02,delivered,厨具,271.1,46.5,317.6
3523,625,PE,2023-02-19,delivered,宠物用品,155.85,30.63,186.48
3523,625,PE,2023-02-19,delivered,电子产品,181.86,12.53,194.39000000000001
3524,625,PE,2024-12-03,delivered,厨具,476.29,49.52,525.8100000000001
3525,625,PE,2024-04-19,delivered,玩具,430.16,76.45,506.61
3525,625,PE,2024-04-19,delivered,运动休闲,21.23,1.78,23.01
3525,625,PE,2024-04-19,delivered,服饰,185.37,31.08,216.45
3526,625,PE,2024-11-19,delivered,宠物用品,733.48,93.85,827.33
3527,625,PE,2024-05-19,delivered,玩具,706.57,76.22,782.7900000000001
3527,625,PE,2024-05-19,delivered,运动休闲,681.33,50.3,731.63
3528,625,PE,2024-03-24,delivered,美妆健康,655.9,97.31,753.21
3528,625,PE,2024-03-24,delivered,运动休闲,729.34,110.13,839.47
3529,625,PE,2023-10-25,delivered,电脑配件,122.21,23.07,145.28
3530,625,PE,2024-04-22,delivered,厨具,278.01,36.12,314.13
3530,625,PE,2024-04-22,delivered,运动休闲,36.71,3.25,39.96
3530,625,PE,2024-04-22,delivered,美妆健康,369.48,23.23,392.71000000000004
3531,625,PE,2023-10-23,delivered,运动休闲,472.95,39.8,512.75
3531,625,PE,2023-10-23,delivered,服饰,99.78,14.0,113.78
3532,625,PE,2024-04-30,delivered,玩具,770.04,47.86,817.9
3532,625,PE,2024-04-30,delivered,玩具,673.07,49.82,722.8900000000001
3532,625,PE,2024-04-30,delivered,运动休闲,677.78,53.53,731.31
3533,625,PE,2024-05-19,delivered,厨具,792.89,109.85,902.74
3533,625,PE,2024-05-19,delivered,电脑配件,691.16,87.38,778.54
3534,625,PE,2023-07-30,delivered,服饰,240.27,41.4,281.67
3535,625,PE,2024-03-03,delivered,电子产品,107.27,14.88,122.14999999999999
3536,625,PE,2023-01-28,delivered,电子产品,164.39,30.47,194.85999999999999
3536,625,PE,2023-01-28,delivered,电脑配件,492.62,58.75,551.37
3536,625,PE,2023-01-28,delivered,运动休闲,197.47,11.34,208.81
3537,625,PE,2023-09-25,delivered,电脑配件,461.12,43.98,505.1
3538,625,PE,2023-10-04,delivered,电脑配件,255.38,40.63,296.01
3539,625,PE,2023-07-24,delivered,厨具,316.85,22.41,339.26000000000005
3539,625,PE,2023-07-24,delivered,宠物用品,377.8,53.0,430.8
3540,626,MG,2023-09-08,delivered,玩具,595.23,118.68,713.9100000000001
3541,627,MG,2024-11-23,delivered,玩具,354.06,38.62,392.68
3541,627,MG,2024-11-23,delivered,厨具,750.96,49.55,800.51
3542,628,RS,2023-12-13,delivered,电脑配件,449.57,47.94,497.51
3542,628,RS,2023-12-13,delivered,电脑配件,153.62,14.44,168.06
3542,628,RS,2023-12-13,delivered,宠物用品,347.8,48.77,396.57
3543,629,PE,2024-12-29,delivered,电子产品,745.56,91.41,836.9699999999999
3544,630,SP,2023-10-20,delivered,运动休闲,677.03,109.55,786.5799999999999
3545,631,RS,2023-08-12,delivered,玩具,371.35,58.47,429.82000000000005
3545,631,RS,2023-08-12,delivered,电子产品,52.63,5.34,57.97
3545,631,RS,2023-08-12,delivered,运动休闲,155.24,27.83,183.07
3546,632,PR,2024-05-03,delivered,玩具,163.7,12.65,176.35
3546,632,PR,2024-05-03,delivered,家居家具,646.78,65.52,712.3
3546,632,PR,2024-05-03,delivered,服饰,167.05,21.45,188.5
3547,632,PR,2024-09-17,delivered,玩具,700.25,106.17,806.42
3547,632,PR,2024-09-17,delivered,玩具,48.66,5.69,54.349999999999994
3547,632,PR,2024-09-17,delivered,厨具,260.97,29.62,290.59000000000003
3548,632,PR,2023-01-21,delivered,图书,438.87,27.43,466.3
3548,632,PR,2023-01-21,delivered,厨具,185.79,12.44,198.23
3548,632,PR,2023-01-21,delivered,玩具,420.5,52.47,472.97
3549,632,PR,2024-01-16,delivered,玩具,217.6,42.28,259.88
3549,632,PR,2024-01-16,delivered,美妆健康,478.59,51.81,530.4
3549,632,PR,2024-01-16,delivered,厨具,791.44,119.02,910.46
3550,632,PR,2024-07-10,delivered,玩具,360.32,26.56,386.88
3550,632,PR,2024-07-10,delivered,服饰,650.1,84.19,734.29
3550,632,PR,2024-07-10,delivered,电脑配件,278.23,35.58,313.81
3551,632,PR,2023-02-25,delivered,厨具,216.72,29.7,246.42
3552,632,PR,2023-03-17,delivered,电子产品,231.68,34.27,265.95
3553,632,PR,2024-06-17,delivered,玩具,561.07,106.28,667.35
3553,632,PR,2024-06-17,delivered,家居家具,114.24,11.15,125.39
3554,632,PR,2024-05-09,delivered,美妆健康,652.92,65.05,717.9699999999999
3555,632,PR,2023-05-06,delivered,家居家具,324.73,58.1,382.83000000000004
3555,632,PR,2023-05-06,delivered,玩具,649.02,73.01,722.03
3556,632,PR,2023-04-11,delivered,美妆健康,296.78,46.85,343.63
3557,633,PR,2024-11-03,delivered,图书,360.2,52.42,412.62
3557,633,PR,2024-11-03,delivered,电脑配件,174.88,12.29,187.17
3557,633,PR,2024-11-03,delivered,宠物用品,607.15,99.91,707.06
3558,634,CE,2024-10-10,delivered,宠物用品,704.74,104.58,809.32
3559,635,PR,2024-08-29,delivered,运动休闲,162.62,18.49,181.11
3560,636,BA,2024-10-01,delivered,运动休闲,523.55,28.77,552.3199999999999
3560,636,BA,2024-10-01,delivered,运动休闲,114.12,17.13,131.25
3561,637,SP,2023-04-09,delivered,宠物用品,653.56,82.63,736.1899999999999
3561,637,SP,2023-04-09,delivered,家居家具,450.22,42.16,492.38
3562,638,RS,2024-12-25,delivered,运动休闲,185.81,27.74,213.55
3562,638,RS,2024-12-25,delivered,玩具,70.37,3.72,74.09
3563,639,BA,2024-09-14,delivered,电子产品,23.48,2.27,25.75
3563,639,BA,2024-09-14,delivered,玩具,673.43,78.52,751.9499999999999
3563,639,BA,2024-09-14,delivered,电脑配件,40.01,6.65,46.66
3564,640,PR,2023-05-28,delivered,电子产品,165.98,32.14,198.12
3564,640,PR,2023-05-28,delivered,电脑配件,346.49,60.4,406.89
3564,640,PR,2023-05-28,delivered,玩具,56.54,4.75,61.29
3565,641,MG,2023-09-21,delivered,宠物用品,715.8,102.36,818.16
3565,641,MG,2023-09-21,delivered,电子产品,772.67,63.43,836.0999999999999
3566,642,SP,2023-01-16,delivered,美妆健康,605.51,81.71,687.22
3566,642,SP,2023-01-16,delivered,电脑配件,580.72,75.14,655.86
3566,642,SP,2023-01-16,delivered,美妆健康,397.76,66.28,464.03999999999996
3567,643,PR,2024-07-24,delivered,服饰,111.07,9.52,120.58999999999999
3567,643,PR,2024-07-24,delivered,美妆健康,792.11,103.49,895.6
3568,644,SC,2023-12-23,delivered,服饰,30.05,2.71,32.76
3569,645,RJ,2023-04-07,delivered,家居家具,563.84,112.71,676.5500000000001
3569,645,RJ,2023-04-07,delivered,电子产品,791.9,137.83,929.73
3570,646,PE,2023-07-12,delivered,图书,330.98,49.37,380.35
3570,646,PE,2023-07-12,delivered,电子产品,316.84,33.13,349.96999999999997
3570,646,PE,2023-07-12,delivered,家居家具,770.58,81.07,851.6500000000001
3571,647,RS,2024-03-24,delivered,电脑配件,528.15,52.74,580.89
3572,648,CE,2023-12-20,delivered,电子产品,372.38,61.5,433.88
3572,648,CE,2023-12-20,delivered,美妆健康,181.05,14.21,195.26000000000002
3572,648,CE,2023-12-20,delivered,家居家具,294.52,29.88,324.4
3573,649,AM,2023-01-04,delivered,图书,635.08,115.49,750.57
3573,649,AM,2023-01-04,delivered,电子产品,290.69,31.45,322.14
3573,649,AM,2023-01-04,delivered,美妆健康,319.84,35.5,355.34
3574,650,BA,2024-12-03,delivered,家居家具,340.66,30.33,370.99
3575,651,BA,2024-03-05,delivered,玩具,537.52,82.37,619.89
3575,651,BA,2024-03-05,delivered,玩具,745.09,48.43,793.52
3575,651,BA,2024-03-05,delivered,服饰,153.72,23.34,177.06
3576,651,BA,2024-08-20,canceled,图书,777.09,124.01,901.1
3576,651,BA,2024-08-20,canceled,美妆健康,70.51,6.12,76.63000000000001
3577,651,BA,2023-01-30,delivered,电脑配件,784.82,49.93,834.75
3578,651,BA,2024-10-01,delivered,运动休闲,716.32,58.3,774.62
3578,651,BA,2024-10-01,delivered,运动休闲,130.31,13.37,143.68
3579,651,BA,2023-12-06,delivered,家居家具,248.51,47.69,296.2
3579,651,BA,2023-12-06,delivered,服饰,36.22,2.97,39.19
3580,651,BA,2023-10-24,delivered,美妆健康,118.68,19.51,138.19
3581,651,BA,2024-06-19,delivered,电子产品,256.32,26.34,282.65999999999997
3581,651,BA,2024-06-19,delivered,美妆健康,709.42,140.43,849.8499999999999
3582,652,CE,2024-11-16,delivered,电脑配件,72.41,4.01,76.42
3583,653,SP,2024-07-28,delivered,美妆健康,324.08,25.29,349.37
3583,653,SP,2024-07-28,delivered,服饰,137.71,15.43,153.14000000000001
3584,654,RJ,2023-06-27,delivered,电子产品,42.26,2.48,44.739999999999995
3584,654,RJ,2023-06-27,delivered,服饰,306.92,34.83,341.75
3585,655,RS,2024-10-29,delivered,电子产品,416.12,35.0,451.12
3585,655,RS,2024-10-29,delivered,运动休闲,345.41,55.58,400.99
3586,656,RJ,2024-10-10,delivered,美妆健康,539.76,62.8,602.56
3586,656,RJ,2024-10-10,delivered,家居家具,204.37,17.28,221.65
3587,657,MG,2024-02-03,delivered,图书,679.88,62.88,742.76
3588,658,SC,2023-03-10,delivered,服饰,278.81,28.74,307.55
3588,658,SC,2023-03-10,delivered,家居家具,71.16,11.84,83.0
3588,658,SC,2023-03-10,delivered,电脑配件,317.19,48.22,365.40999999999997
3589,659,DF,2023-06-24,delivered,服饰,414.63,79.88,494.51
3590,660,SP,2024-09-16,delivered,宠物用品,320.19,46.31,366.5
3590,660,SP,2024-09-16,delivered,服饰,66.5,11.3,77.8
3591,661,SC,2023-09-08,delivered,服饰,455.08,28.59,483.66999999999996
3591,661,SC,2023-09-08,delivered,电脑配件,142.53,8.85,151.38
3591,661,SC,2023-09-08,delivered,美妆健康,469.62,57.02,526.64
3592,662,SP,2023-12-26,delivered,服饰,417.94,28.9,446.84
3592,662,SP,2023-12-26,delivered,玩具,612.27,80.74,693.01
3592,662,SP,2023-12-26,delivered,图书,297.32,14.96,312.28
3593,663,RS,2023-12-10,delivered,电脑配件,590.53,85.51,676.04
3594,664,RS,2024-12-09,delivered,图书,638.7,77.56,716.26
3594,664,RS,2024-12-09,delivered,运动休闲,229.17,43.96,273.13
3594,664,RS,2024-12-09,delivered,玩具,411.73,61.59,473.32000000000005
3595,664,RS,2024-02-02,delivered,电子产品,257.43,39.14,296.57
3596,664,RS,2024-02-14,delivered,服饰,691.84,45.24,737.08
3597,664,RS,2023-03-25,delivered,家居家具,37.04,5.33,42.37
3597,664,RS,2023-03-25,delivered,玩具,521.02,79.68,600.7
3598,664,RS,2023-04-10,delivered,电脑配件,236.66,46.66,283.32
3598,664,RS,2023-04-10,delivered,玩具,311.67,25.67,337.34000000000003
3599,664,RS,2024-05-08,delivered,玩具,493.91,27.19,521.1
3599,664,RS,2024-05-08,delivered,运动休闲,353.69,63.15,416.84
3600,664,RS,2024-04-21,delivered,宠物用品,187.89,37.47,225.35999999999999
3600,664,RS,2024-04-21,delivered,电脑配件,744.54,63.21,807.75
3601,664,RS,2023-05-14,delivered,玩具,348.24,39.9,388.14
3602,664,RS,2023-04-22,delivered,家居家具,702.95,53.36,756.3100000000001
3602,664,RS,2023-04-22,delivered,运动休闲,775.46,129.5,904.96
3603,664,RS,2024-06-16,delivered,美妆健康,772.42,81.75,854.17
3603,664,RS,2024-06-16,delivered,玩具,461.15,50.98,512.13
3604,664,RS,2024-02-22,delivered,厨具,585.88,103.94,689.8199999999999
3604,664,RS,2024-02-22,delivered,厨具,94.81,15.21,110.02000000000001
3604,664,RS,2024-02-22,delivered,图书,638.54,64.11,702.65
3605,664,RS,2024-10-01,delivered,电子产品,743.39,85.92,829.31
3606,664,RS,2024-02-01,delivered,电子产品,622.1,66.76,688.86
3606,664,RS,2024-02-01,delivered,家居家具,782.51,135.22,917.73
3606,664,RS,2024-02-01,delivered,运动休闲,236.51,23.99,260.5
3607,664,RS,2023-09-01,delivered,电脑配件,544.78,106.43,651.21
3607,664,RS,2023-09-01,delivered,厨具,767.86,135.57,903.4300000000001
3608,664,RS,2023-11-24,delivered,厨具,769.23,84.93,854.1600000000001
3608,664,RS,2023-11-24,delivered,宠物用品,728.23,67.37,795.6
3609,664,RS,2024-05-12,delivered,厨具,761.31,49.85,811.16
3609,664,RS,2024-05-12,delivered,家居家具,694.76,87.15,781.91
3609,664,RS,2024-05-12,delivered,家居家具,727.08,121.19,848.27
3610,664,RS,2024-07-06,delivered,美妆健康,675.59,66.59,742.1800000000001
3611,664,RS,2023-10-23,delivered,图书,322.87,48.94,371.81
3611,664,RS,2023-10-23,delivered,家居家具,322.74,61.61,384.35
3612,664,RS,2024-10-20,delivered,图书,203.31,21.99,225.3
3612,664,RS,2024-10-20,delivered,玩具,538.1,66.34,604.44
3612,664,RS,2024-10-20,delivered,家居家具,363.24,66.94,430.18
3613,664,RS,2023-06-26,delivered,运动休闲,268.97,52.33,321.3
3613,664,RS,2023-06-26,delivered,运动休闲,140.24,7.53,147.77
3613,664,RS,2023-06-26,delivered,宠物用品,417.25,76.06,493.31
3614,664,RS,2023-01-01,delivered,图书,235.59,44.02,279.61
3614,664,RS,2023-01-01,delivered,玩具,182.68,15.73,198.41
3615,664,RS,2024-04-28,delivered,家居家具,476.5,54.52,531.02
3616,664,RS,2024-05-19,delivered,电脑配件,789.65,155.25,944.9
3616,664,RS,2024-05-19,delivered,电子产品,418.03,49.35,467.38
3617,664,RS,2024-11-11,delivered,图书,179.95,27.45,207.39999999999998
3617,664,RS,2024-11-11,delivered,玩具,39.58,7.66,47.239999999999995
3617,664,RS,2024-11-11,delivered,服饰,530.06,85.88,615.9399999999999
3618,664,RS,2024-09-03,delivered,运动休闲,589.66,109.84,699.5
3618,664,RS,2024-09-03,delivered,厨具,41.03,4.34,45.370000000000005
3618,664,RS,2024-09-03,delivered,运动休闲,789.67,54.14,843.81
3619,664,RS,2024-09-20,delivered,家居家具,99.44,19.48,118.92
3619,664,RS,2024-09-20,delivered,厨具,798.2,81.27,879.47
3619,664,RS,2024-09-20,delivered,服饰,533.81,27.78,561.5899999999999
3620,664,RS,2024-05-22,delivered,服饰,517.24,93.81,611.05
3620,664,RS,2024-05-22,delivered,玩具,58.89,6.1,64.99
3620,664,RS,2024-05-22,delivered,电子产品,135.02,7.46,142.48000000000002
3621,664,RS,2024-09-21,delivered,电子产品,764.0,94.38,858.38
3622,665,AM,2023-06-28,delivered,厨具,780.33,124.69,905.02
3622,665,AM,2023-06-28,delivered,电脑配件,442.99,38.1,481.09000000000003
3623,666,BA,2024-02-24,delivered,厨具,424.45,54.19,478.64
3623,666,BA,2024-02-24,delivered,美妆健康,374.44,59.62,434.06
3623,666,BA,2024-02-24,delivered,厨具,517.05,28.22,545.27
3624,667,RJ,2023-06-05,delivered,电子产品,500.04,31.0,531.04
3625,668,DF,2023-12-07,delivered,玩具,171.34,11.66,183.0
3626,669,CE,2024-12-28,delivered,电子产品,259.15,23.78,282.92999999999995
3627,670,MG,2024-09-05,delivered,电脑配件,125.67,14.58,140.25
3628,671,AM,2024-12-04,delivered,宠物用品,188.5,11.03,199.53
3628,671,AM,2024-12-04,delivered,运动休闲,588.37,53.05,641.42
3629,672,PA,2023-05-31,delivered,运动休闲,331.55,40.71,372.26
3630,673,DF,2023-06-19,delivered,图书,669.69,86.94,756.6300000000001
3631,674,SC,2023-12-14,canceled,家居家具,796.98,46.95,843.9300000000001
3632,675,PR,2024-05-24,delivered,服饰,54.96,4.34,59.3
3632,675,PR,2024-05-24,delivered,厨具,611.67,49.14,660.81
3633,676,PA,2024-10-03,delivered,玩具,480.09,72.95,553.04
3633,676,PA,2024-10-03,delivered,运动休闲,454.84,54.88,509.71999999999997
3634,677,PE,2024-05-16,delivered,电脑配件,315.19,53.57,368.76
3634,677,PE,2024-05-16,delivered,电脑配件,63.12,12.19,75.31
3635,677,PE,2023-12-26,delivered,电脑配件,482.83,65.36,548.1899999999999
3635,677,PE,2023-12-26,delivered,运动休闲,158.96,27.05,186.01000000000002
3636,677,PE,2024-11-03,delivered,运动休闲,545.6,46.02,591.62
3636,677,PE,2024-11-03,delivered,美妆健康,514.84,51.46,566.3000000000001
3636,677,PE,2024-11-03,delivered,美妆健康,790.57,86.13,876.7
3637,677,PE,2024-08-05,canceled,运动休闲,546.36,74.21,620.57
3637,677,PE,2024-08-05,canceled,家居家具,265.36,19.88,285.24
3637,677,PE,2024-08-05,canceled,家居家具,547.48,86.38,633.86
3638,677,PE,2024-08-05,delivered,厨具,88.52,5.46,93.97999999999999
3638,677,PE,2024-08-05,delivered,运动休闲,538.72,36.13,574.85
3639,677,PE,2024-12-15,delivered,电子产品,731.05,74.97,806.02
3640,677,PE,2024-08-31,delivered,服饰,702.61,52.02,754.63
3641,677,PE,2024-09-26,delivered,美妆健康,226.33,19.29,245.62
3642,678,MG,2024-03-22,delivered,服饰,537.19,47.43,584.62
3642,678,MG,2024-03-22,delivered,电子产品,503.21,42.38,545.59
3642,678,MG,2024-03-22,delivered,电脑配件,764.97,58.05,823.02
3643,679,RS,2024-03-25,delivered,图书,505.92,41.87,547.79
3643,679,RS,2024-03-25,delivered,电脑配件,57.15,5.29,62.44
3644,680,PA,2023-10-23,delivered,电脑配件,336.05,43.5,379.55
3644,680,PA,2023-10-23,delivered,服饰,569.39,107.2,676.59
3645,681,DF,2023-06-07,delivered,玩具,713.09,82.54,795.63
3646,682,AM,2023-12-04,delivered,电脑配件,173.48,15.35,188.82999999999998
3646,682,AM,2023-12-04,delivered,服饰,92.85,18.33,111.17999999999999
3647,683,MG,2024-09-06,delivered,厨具,378.51,42.24,420.75
3647,683,MG,2024-09-06,delivered,宠物用品,72.62,11.73,84.35000000000001
3647,683,MG,2024-09-06,delivered,电脑配件,535.98,52.1,588.08
3648,684,SP,2024-10-17,delivered,电子产品,516.65,59.9,576.55
3648,684,SP,2024-10-17,delivered,服饰,458.91,32.81,491.72
3648,684,SP,2024-10-17,delivered,厨具,472.3,87.66,559.96
3649,685,PA,2024-01-11,delivered,图书,574.13,30.22,604.35
3649,685,PA,2024-01-11,delivered,玩具,466.63,57.99,524.62
3649,685,PA,2024-01-11,delivered,运动休闲,566.63,42.52,609.15
3650,686,CE,2024-08-15,delivered,电子产品,649.11,82.37,731.48
3650,686,CE,2024-08-15,delivered,玩具,320.49,16.96,337.45
3651,687,AM,2024-04-27,delivered,宠物用品,437.98,29.19,467.17
3651,687,AM,2024-04-27,delivered,电子产品,460.64,51.62,512.26
3652,688,SC,2023-10-12,delivered,服饰,27.85,3.74,31.590000000000003
3653,689,PA,2023-06-03,canceled,家居家具,447.09,47.22,494.30999999999995
3653,689,PA,2023-06-03,canceled,电子产品,218.17,20.17,238.33999999999997
3653,689,PA,2023-06-03,canceled,图书,571.88,47.68,619.56
3654,690,PA,2024-11-08,delivered,图书,220.35,21.71,242.06
3655,691,CE,2023-04-13,delivered,图书,690.53,135.93,826.46
3655,691,CE,2023-04-13,delivered,美妆健康,364.42,65.12,429.54
3655,691,CE,2023-04-13,delivered,图书,32.13,5.87,38.0
3656,692,MG,2024-11-27,delivered,厨具,174.37,31.73,206.1
3657,693,CE,2023-02-06,delivered,运动休闲,688.79,101.4,790.1899999999999
3657,693,CE,2023-02-06,delivered,宠物用品,85.93,12.29,98.22
3658,694,CE,2024-03-31,delivered,玩具,153.97,29.91,183.88
3658,694,CE,2024-03-31,delivered,电子产品,321.31,28.86,350.17
3658,694,CE,2024-03-31,delivered,运动休闲,502.95,56.17,559.12
3659,695,DF,2023-05-29,delivered,美妆健康,633.54,36.9,670.4399999999999
3659,695,DF,2023-05-29,delivered,电脑配件,79.12,6.98,86.10000000000001
3660,696,SP,2024-04-09,delivered,厨具,588.84,92.75,681.59
3660,696,SP,2024-04-09,delivered,家居家具,593.54,30.76,624.3
3661,697,AM,2024-10-21,delivered,厨具,159.47,13.61,173.07999999999998
3661,697,AM,2024-10-21,delivered,厨具,341.41,53.96,395.37
3662,698,DF,2023-11-20,delivered,电脑配件,605.59,83.45,689.0400000000001
3662,698,DF,2023-11-20,delivered,宠物用品,108.99,15.42,124.41
3663,699,PA,2024-05-15,delivered,家居家具,64.69,7.29,71.98
3664,700,AM,2024-11-16,delivered,玩具,585.9,102.53,688.43
3664,700,AM,2024-11-16,delivered,厨具,454.78,35.58,490.35999999999996
3664,700,AM,2024-11-16,delivered,电脑配件,83.77,15.7,99.47
3665,701,PA,2024-01-17,delivered,玩具,313.46,56.68,370.14
3666,702,AM,2023-11-06,delivered,宠物用品,565.99,102.77,668.76
3666,702,AM,2023-11-06,delivered,运动休闲,63.42,8.84,72.26
3667,703,BA,2023-01-08,delivered,电子产品,370.36,65.19,435.55
3667,703,BA,2023-01-08,delivered,电子产品,272.9,31.3,304.2
3668,704,RJ,2023-11-11,delivered,玩具,379.33,30.46,409.78999999999996
3669,705,SP,2023-09-16,canceled,图书,244.13,21.8,265.93
3669,705,SP,2023-09-16,canceled,运动休闲,544.64,62.98,607.62
3670,706,SP,2023-03-07,delivered,家居家具,64.39,12.12,76.51
3670,706,SP,2023-03-07,delivered,电子产品,268.83,48.79,317.62
3671,707,MG,2023-09-17,delivered,家居家具,589.82,43.1,632.9200000000001
3671,707,MG,2023-09-17,delivered,厨具,28.1,2.73,30.830000000000002
3671,707,MG,2023-09-17,delivered,美妆健康,601.55,41.4,642.9499999999999
3672,708,AM,2023-12-01,delivered,运动休闲,785.82,71.23,857.0500000000001
3672,708,AM,2023-12-01,delivered,玩具,85.2,8.06,93.26
3673,709,PR,2023-11-12,delivered,厨具,401.3,48.87,450.17
3674,710,RJ,2023-07-08,delivered,图书,683.26,103.94,787.2
3674,710,RJ,2023-07-08,delivered,运动休闲,706.6,121.73,828.33
3675,711,SC,2023-03-22,canceled,厨具,311.61,17.84,329.45
3675,711,SC,2023-03-22,canceled,图书,22.64,4.02,26.66
3675,711,SC,2023-03-22,canceled,图书,397.68,57.83,455.51
3676,712,PE,2024-08-23,delivered,运动休闲,126.29,23.4,149.69
3676,712,PE,2024-08-23,delivered,图书,79.29,9.23,88.52000000000001
3677,713,CE,2024-09-21,delivered,家居家具,146.61,17.63,164.24
3678,714,SP,2023-05-02,canceled,玩具,407.24,39.67,446.91
3678,714,SP,2023-05-02,canceled,图书,618.36,76.19,694.55
3678,714,SP,2023-05-02,canceled,电脑配件,111.41,9.08,120.49
3679,715,AM,2024-06-28,delivered,运动休闲,457.86,82.6,540.46
3679,715,AM,2024-06-28,delivered,厨具,521.12,72.3,593.42
3680,716,SP,2023-01-15,delivered,服饰,269.83,32.98,302.81
3680,716,SP,2023-01-15,delivered,美妆健康,660.38,131.82,792.2
3680,716,SP,2023-01-15,delivered,图书,143.71,14.81,158.52
3681,717,AM,2023-01-05,canceled,厨具,55.66,9.4,65.06
3681,717,AM,2023-01-05,canceled,家居家具,109.66,17.55,127.21
3681,717,AM,2023-01-05,canceled,服饰,20.73,2.48,23.21
3682,718,CE,2023-07-06,delivered,图书,66.06,6.66,72.72
3683,719,AM,2023-07-24,delivered,厨具,635.47,44.45,679.9200000000001
3684,720,BA,2024-04-21,delivered,厨具,359.78,62.67,422.45
3685,721,PE,2023-12-16,delivered,厨具,255.15,29.03,284.18
3685,721,PE,2023-12-16,delivered,电子产品,738.01,56.53,794.54
3686,721,PE,2024-09-18,delivered,玩具,556.79,97.77,654.56
3686,721,PE,2024-09-18,delivered,玩具,618.85,106.49,725.34
3687,721,PE,2024-03-02,delivered,厨具,172.14,12.85,184.98999999999998
3687,721,PE,2024-03-02,delivered,服饰,224.79,36.08,260.87
3688,721,PE,2023-06-02,delivered,宠物用品,388.96,29.48,418.44
3688,721,PE,2023-06-02,delivered,家居家具,646.22,80.89,727.11
3688,721,PE,2023-06-02,delivered,服饰,158.11,22.6,180.71
3689,721,PE,2023-11-07,delivered,运动休闲,319.37,31.7,351.07
3689,721,PE,2023-11-07,delivered,运动休闲,303.91,30.95,334.86
3690,721,PE,2023-09-23,delivered,图书,470.78,86.2,556.98
3691,721,PE,2024-02-08,delivered,图书,554.26,65.37,619.63
3691,721,PE,2024-02-08,delivered,宠物用品,178.85,12.57,191.42
3691,721,PE,2024-02-08,delivered,玩具,56.26,11.15,67.41
3692,721,PE,2024-04-23,delivered,玩具,48.2,5.65,53.85
3692,721,PE,2024-04-23,delivered,服饰,110.5,5.77,116.27
3692,721,PE,2024-04-23,delivered,电子产品,290.58,42.47,333.04999999999995
3693,721,PE,2023-02-03,delivered,厨具,61.37,10.02,71.39
3693,721,PE,2023-02-03,delivered,电子产品,380.37,41.18,421.55
3694,721,PE,2024-04-18,delivered,电脑配件,503.98,81.76,585.74
3694,721,PE,2024-04-18,delivered,玩具,415.41,33.32,448.73
3695,721,PE,2024-05-25,delivered,服饰,453.81,69.8,523.61
3695,721,PE,2024-05-25,delivered,玩具,360.01,44.2,404.21
3695,721,PE,2024-05-25,delivered,家居家具,605.54,57.26,662.8
3696,721,PE,2023-01-13,delivered,电脑配件,782.76,55.12,837.88
3697,721,PE,2024-05-28,delivered,电脑配件,203.77,11.22,214.99
3697,721,PE,2024-05-28,delivered,玩具,578.6,103.61,682.21
3698,721,PE,2023-11-20,delivered,宠物用品,81.07,15.42,96.49
3698,721,PE,2023-11-20,delivered,宠物用品,326.86,47.72,374.58000000000004
3699,721,PE,2024-07-13,delivered,运动休闲,715.66,131.06,846.72
3700,721,PE,2024-07-23,delivered,服饰,731.61,117.93,849.54
3701,721,PE,2023-04-24,delivered,服饰,413.15,51.1,464.25
3702,721,PE,2023-05-05,delivered,厨具,719.29,83.09,802.38
3702,721,PE,2023-05-05,delivered,家居家具,531.95,93.95,625.9000000000001
3702,721,PE,2023-05-05,delivered,玩具,122.7,11.71,134.41
3703,721,PE,2024-10-14,delivered,家居家具,91.0,15.74,106.74
3703,721,PE,2024-10-14,delivered,美妆健康,753.03,143.63,896.66
3703,721,PE,2024-10-14,delivered,运动休闲,705.16,93.51,798.67
3704,721,PE,2024-06-17,delivered,图书,505.46,36.7,542.16
3705,721,PE,2024-05-19,delivered,玩具,587.02,38.76,625.78
3706,721,PE,2024-09-21,delivered,家居家具,605.28,66.05,671.3299999999999
3707,721,PE,2024-06-20,delivered,运动休闲,223.06,42.27,265.33
3707,721,PE,2024-06-20,delivered,宠物用品,391.87,61.66,453.53
3708,721,PE,2024-04-29,delivered,美妆健康,92.81,13.8,106.61
3709,721,PE,2024-09-05,delivered,服饰,561.89,37.73,599.62
3709,721,PE,2024-09-05,delivered,美妆健康,721.96,116.4,838.36
3709,721,PE,2024-09-05,delivered,美妆健康,744.83,73.44,818.27
3710,721,PE,2024-08-21,delivered,服饰,325.63,58.4,384.03
3710,721,PE,2024-08-21,delivered,运动休闲,282.34,29.42,311.76
3711,721,PE,2024-07-08,delivered,玩具,232.34,30.32,262.66
3712,721,PE,2024-08-02,delivered,宠物用品,456.15,77.57,533.72
3712,721,PE,2024-08-02,delivered,厨具,292.47,38.31,330.78000000000003
3712,721,PE,2024-08-02,delivered,电脑配件,410.52,41.94,452.46
3713,721,PE,2024-03-15,delivered,服饰,351.07,19.23,370.3
3714,721,PE,2024-07-31,delivered,玩具,174.98,27.26,202.23999999999998
3715,721,PE,2023-09-02,delivered,运动休闲,690.83,129.21,820.0400000000001
3716,721,PE,2023-09-08,delivered,运动休闲,105.16,13.92,119.08
3716,721,PE,2023-09-08,delivered,电脑配件,486.19,36.35,522.54
3716,721,PE,2023-09-08,delivered,电子产品,470.96,93.41,564.37
3717,721,PE,2024-12-22,delivered,玩具,358.61,50.23,408.84000000000003
3717,721,PE,2024-12-22,delivered,电脑配件,65.86,5.0,70.86
3718,721,PE,2023-11-24,delivered,厨具,202.09,13.69,215.78
3718,721,PE,2023-11-24,delivered,家居家具,223.91,34.13,258.04
3718,721,PE,2023-11-24,delivered,美妆健康,776.45,94.94,871.3900000000001
3719,721,PE,2023-05-13,delivered,图书,34.35,2.37,36.72
3720,721,PE,2024-04-11,delivered,运动休闲,373.4,36.82,410.21999999999997
3720,721,PE,2024-04-11,delivered,电子产品,501.56,84.79,586.35
3720,721,PE,2024-04-11,delivered,服饰,730.24,45.76,776.0
3721,721,PE,2024-02-22,delivered,玩具,179.54,23.51,203.04999999999998
3722,721,PE,2024-12-04,canceled,电脑配件,423.84,45.47,469.30999999999995
3722,721,PE,2024-12-04,canceled,运动休闲,241.45,39.09,280.53999999999996
3723,721,PE,2023-04-22,delivered,家居家具,618.28,62.04,680.3199999999999
3723,721,PE,2023-04-22,delivered,家居家具,781.31,70.86,852.17
3724,721,PE,2024-02-13,delivered,电脑配件,609.08,87.38,696.46
3725,721,PE,2024-04-21,canceled,图书,736.33,93.55,829.88
3725,721,PE,2024-04-21,canceled,美妆健康,731.5,85.27,816.77
3725,721,PE,2024-04-21,canceled,图书,247.3,30.21,277.51
3726,721,PE,2023-05-17,delivered,电子产品,781.31,89.71,871.02
3726,721,PE,2023-05-17,delivered,图书,632.26,119.92,752.18
3727,721,PE,2024-11-11,delivered,图书,506.84,40.67,547.51
3727,721,PE,2024-11-11,delivered,美妆健康,605.7,73.88,679.58
3727,721,PE,2024-11-11,delivered,厨具,660.23,131.72,791.95
3728,721,PE,2023-11-08,delivered,电脑配件,698.59,123.47,822.0600000000001
3729,721,PE,2024-08-23,delivered,家居家具,296.17,28.32,324.49
3730,721,PE,2024-09-06,delivered,玩具,65.3,7.5,72.8
3731,721,PE,2024-12-02,delivered,运动休闲,449.68,60.66,510.34000000000003
3732,721,PE,2023-09-16,delivered,玩具,641.09,83.87,724.96
3732,721,PE,2023-09-16,delivered,宠物用品,432.33,56.52,488.84999999999997
3733,721,PE,2024-11-24,delivered,玩具,450.09,61.47,511.55999999999995
3733,721,PE,2024-11-24,delivered,宠物用品,128.09,18.21,146.3
3734,721,PE,2024-08-05,delivered,运动休闲,444.7,57.26,501.96
3734,721,PE,2024-08-05,delivered,厨具,58.94,10.93,69.87
3735,721,PE,2023-05-06,delivered,玩具,662.46,48.31,710.77
3735,721,PE,2023-05-06,delivered,厨具,157.15,29.52,186.67000000000002
3735,721,PE,2023-05-06,delivered,电子产品,361.92,42.98,404.90000000000003
3736,721,PE,2023-05-13,delivered,电子产品,718.35,86.85,805.2
3736,721,PE,2023-05-13,delivered,玩具,344.37,31.45,375.82
3737,721,PE,2023-12-17,delivered,电脑配件,377.55,42.98,420.53000000000003
3737,721,PE,2023-12-17,delivered,运动休闲,169.94,21.6,191.54
3737,721,PE,2023-12-17,delivered,服饰,718.03,47.74,765.77
3738,721,PE,2023-02-19,delivered,图书,47.97,7.83,55.8
3738,721,PE,2023-02-19,delivered,玩具,748.27,77.26,825.53
3739,722,RS,2024-11-24,canceled,玩具,207.64,26.26,233.89999999999998
3739,722,RS,2024-11-24,canceled,图书,204.78,13.94,218.72
3739,722,RS,2024-11-24,canceled,服饰,456.85,27.93,484.78000000000003
3740,722,RS,2024-12-16,delivered,家居家具,691.74,115.96,807.7
3741,722,RS,2024-01-20,delivered,图书,243.16,15.57,258.73
3741,722,RS,2024-01-20,delivered,图书,493.72,90.67,584.39
3742,722,RS,2024-11-19,delivered,电子产品,219.15,24.94,244.09
3742,722,RS,2024-11-19,delivered,电子产品,297.19,16.53,313.72
3743,722,RS,2024-02-28,delivered,服饰,124.64,22.1,146.74
3743,722,RS,2024-02-28,delivered,宠物用品,758.24,94.86,853.1
3743,722,RS,2024-02-28,delivered,电脑配件,486.44,76.48,562.92
3744,722,RS,2024-11-09,delivered,美妆健康,329.98,57.35,387.33000000000004
3744,722,RS,2024-11-09,delivered,玩具,423.53,73.83,497.35999999999996
3745,722,RS,2024-08-08,delivered,电子产品,157.6,19.38,176.98
3746,722,RS,2023-11-30,delivered,玩具,628.62,111.32,739.94
3747,722,RS,2023-10-28,delivered,图书,788.73,110.04,898.77
3748,722,RS,2023-04-05,delivered,运动休闲,614.37,52.32,666.69
3748,722,RS,2023-04-05,delivered,服饰,728.01,143.42,871.43
3748,722,RS,2023-04-05,delivered,运动休闲,376.38,28.18,404.56
3749,722,RS,2023-05-12,delivered,运动休闲,505.7,90.41,596.11
3749,722,RS,2023-05-12,delivered,玩具,308.9,28.98,337.88
3750,722,RS,2024-04-13,canceled,服饰,88.51,13.46,101.97
3750,722,RS,2024-04-13,canceled,家居家具,788.46,107.08,895.5400000000001
3751,722,RS,2024-02-10,delivered,家居家具,462.08,63.83,525.91
3752,722,RS,2023-04-16,delivered,电子产品,204.46,21.0,225.46
3753,722,RS,2024-08-12,delivered,服饰,316.47,33.44,349.91
3754,722,RS,2023-10-27,canceled,美妆健康,367.4,30.59,397.98999999999995
3754,722,RS,2023-10-27,canceled,电子产品,619.15,45.65,664.8
3755,722,RS,2023-12-26,delivered,电脑配件,528.36,73.98,602.34
3755,722,RS,2023-12-26,delivered,图书,687.13,105.37,792.5
3756,722,RS,2024-03-08,delivered,运动休闲,628.63,71.01,699.64
3756,722,RS,2024-03-08,delivered,运动休闲,511.1,82.21,593.3100000000001
3757,722,RS,2024-09-20,delivered,电脑配件,265.52,50.08,315.59999999999997
3757,722,RS,2024-09-20,delivered,厨具,356.03,18.42,374.45
3757,722,RS,2024-09-20,delivered,宠物用品,406.5,28.36,434.86
3758,722,RS,2024-10-15,delivered,美妆健康,762.92,68.45,831.37
3758,722,RS,2024-10-15,delivered,服饰,204.63,37.16,241.79
3758,722,RS,2024-10-15,delivered,服饰,651.82,97.85,749.6700000000001
3759,722,RS,2024-10-03,delivered,玩具,666.13,114.41,780.54
3759,722,RS,2024-10-03,delivered,美妆健康,39.73,3.9,43.629999999999995
3760,722,RS,2024-08-14,delivered,运动休闲,712.76,130.93,843.69
3760,722,RS,2024-08-14,delivered,电脑配件,416.55,72.14,488.69
3761,722,RS,2024-10-28,delivered,服饰,643.68,53.43,697.1099999999999
3761,722,RS,2024-10-28,delivered,美妆健康,108.3,12.18,120.47999999999999
3762,722,RS,2023-09-04,delivered,宠物用品,458.82,75.52,534.34
3763,722,RS,2023-08-28,delivered,玩具,483.95,29.85,513.8
3763,722,RS,2023-08-28,delivered,运动休闲,400.08,78.36,478.44
3764,722,RS,2024-03-06,delivered,厨具,192.47,11.34,203.81
3764,722,RS,2024-03-06,delivered,电脑配件,28.02,1.86,29.88
3764,722,RS,2024-03-06,delivered,美妆健康,497.65,77.26,574.91
3765,722,RS,2024-02-20,delivered,宠物用品,38.7,7.31,46.010000000000005
3765,722,RS,2024-02-20,delivered,服饰,364.59,44.8,409.39
3766,722,RS,2023-10-29,delivered,电子产品,502.34,87.86,590.1999999999999
3767,722,RS,2024-02-11,delivered,运动休闲,402.53,63.66,466.18999999999994
3767,722,RS,2024-02-11,delivered,图书,82.43,12.41,94.84
3768,722,RS,2023-02-21,delivered,厨具,197.22,21.12,218.34
3768,722,RS,2023-02-21,delivered,家居家具,771.34,120.15,891.49
3768,722,RS,2023-02-21,delivered,运动休闲,502.59,43.35,545.9399999999999
3769,722,RS,2024-11-17,delivered,图书,703.21,133.49,836.7
3769,722,RS,2024-11-17,delivered,美妆健康,253.36,44.87,298.23
3770,722,RS,2024-01-26,delivered,电脑配件,500.75,81.84,582.59
3770,722,RS,2024-01-26,delivered,厨具,793.12,128.99,922.11
3771,722,RS,2023-05-19,delivered,图书,748.75,64.73,813.48
3771,722,RS,2023-05-19,delivered,服饰,128.62,23.17,151.79000000000002
3772,722,RS,2023-06-25,delivered,运动休闲,596.39,84.11,680.5
3773,722,RS,2024-09-18,canceled,厨具,69.0,8.84,77.84
3774,722,RS,2024-11-10,canceled,运动休闲,79.89,14.03,93.92
3774,722,RS,2024-11-10,canceled,服饰,294.04,22.42,316.46000000000004
3775,722,RS,2023-05-26,canceled,运动休闲,227.3,22.51,249.81
3775,722,RS,2023-05-26,canceled,服饰,662.69,84.47,747.1600000000001
3775,722,RS,2023-05-26,canceled,运动休闲,160.47,10.22,170.69
3776,722,RS,2023-12-07,delivered,电脑配件,400.46,71.42,471.88
3776,722,RS,2023-12-07,delivered,玩具,513.48,48.49,561.97
3777,722,RS,2023-06-27,delivered,服饰,671.69,114.84,786.5300000000001
3778,722,RS,2024-09-10,delivered,美妆健康,296.28,21.28,317.55999999999995
3779,722,RS,2024-05-04,delivered,服饰,326.33,41.37,367.7
3779,722,RS,2024-05-04,delivered,电子产品,623.8,71.49,695.29
3779,722,RS,2024-05-04,delivered,家居家具,229.86,35.02,264.88
3780,722,RS,2023-12-01,delivered,玩具,474.21,76.03,550.24
3780,722,RS,2023-12-01,delivered,服饰,486.99,50.24,537.23
3780,722,RS,2023-12-01,delivered,图书,437.28,81.97,519.25
3781,722,RS,2024-07-09,delivered,厨具,105.9,17.64,123.54
3781,722,RS,2024-07-09,delivered,运动休闲,235.9,13.99,249.89000000000001
3782,722,RS,2023-10-21,delivered,图书,104.8,18.51,123.31
3783,722,RS,2023-11-09,delivered,玩具,143.13,14.25,157.38
3783,722,RS,2023-11-09,delivered,厨具,297.48,58.66,356.14
3784,722,RS,2023-07-02,delivered,家居家具,491.36,84.06,575.4200000000001
3784,722,RS,2023-07-02,delivered,图书,368.8,25.27,394.07
3785,722,RS,2023-06-02,delivered,电脑配件,526.8,32.19,558.99
3785,722,RS,2023-06-02,delivered,服饰,735.33,87.51,822.84
3785,722,RS,2023-06-02,delivered,图书,773.46,91.59,865.0500000000001
3786,722,RS,2024-05-20,canceled,家居家具,356.16,55.93,412.09000000000003
3786,722,RS,2024-05-20,canceled,电脑配件,215.01,42.64,257.65
3787,722,RS,2024-06-02,delivered,电脑配件,548.85,49.43,598.28
3787,722,RS,2024-06-02,delivered,玩具,651.09,76.51,727.6
3788,722,RS,2023-12-16,delivered,图书,275.01,49.47,324.48
3788,722,RS,2023-12-16,delivered,家居家具,560.55,108.76,669.31
3789,722,RS,2024-04-24,delivered,家居家具,149.1,15.01,164.10999999999999
3790,722,RS,2024-11-10,delivered,电子产品,360.26,48.21,408.46999999999997
3791,722,RS,2024-10-21,delivered,厨具,617.92,47.99,665.91
3791,722,RS,2024-10-21,delivered,电脑配件,428.14,41.4,469.53999999999996
3792,722,RS,2024-10-21,canceled,家居家具,520.59,38.96,559.5500000000001
3793,722,RS,2023-02-03,delivered,图书,102.55,17.54,120.09
3793,722,RS,2023-02-03,delivered,图书,468.54,30.01,498.55
3793,722,RS,2023-02-03,delivered,电子产品,538.86,53.3,592.16
3794,722,RS,2024-08-03,delivered,家居家具,132.61,13.24,145.85000000000002
3795,722,RS,2024-03-21,delivered,图书,138.79,11.74,150.53
3796,723,SP,2024-05-02,delivered,图书,128.89,9.37,138.26
3796,723,SP,2024-05-02,delivered,运动休闲,784.66,77.96,862.62
3797,724,PE,2024-07-05,delivered,家居家具,367.69,29.99,397.68
3797,724,PE,2024-07-05,delivered,厨具,326.3,64.49,390.79
3798,725,RJ,2023-08-09,delivered,运动休闲,681.57,35.42,716.99
3798,725,RJ,2023-08-09,delivered,电子产品,721.43,84.87,806.3
3799,726,PA,2023-05-31,delivered,美妆健康,356.97,57.12,414.09000000000003
3799,726,PA,2023-05-31,delivered,美妆健康,84.91,12.67,97.58
3800,727,CE,2023-01-10,delivered,服饰,309.39,60.42,369.81
3801,728,CE,2024-10-29,delivered,玩具,676.45,38.17,714.62
3801,728,CE,2024-10-29,delivered,厨具,458.98,86.22,545.2
3801,728,CE,2024-10-29,delivered,运动休闲,524.85,37.19,562.04
3802,729,RJ,2023-04-06,delivered,图书,533.36,92.77,626.13
3802,729,RJ,2023-04-06,delivered,电子产品,44.38,8.54,52.92
3802,729,RJ,2023-04-06,delivered,运动休闲,725.3,110.61,835.91
3803,730,AM,2024-11-24,delivered,运动休闲,59.54,5.54,65.08
3804,731,CE,2024-10-23,delivered,服饰,221.64,39.89,261.53
3805,732,RJ,2024-05-16,delivered,运动休闲,341.43,36.33,377.76
3805,732,RJ,2024-05-16,delivered,电脑配件,363.77,47.58,411.34999999999997
3806,733,PA,2023-02-11,delivered,厨具,253.15,20.33,273.48
3806,733,PA,2023-02-11,delivered,厨具,659.12,37.74,696.86
3806,733,PA,2023-02-11,delivered,家居家具,512.32,47.77,560.09
3807,734,PA,2024-11-23,delivered,玩具,359.23,59.42,418.65000000000003
3807,734,PA,2024-11-23,delivered,玩具,636.64,56.18,692.8199999999999
3808,735,PE,2024-12-05,delivered,图书,248.02,12.69,260.71000000000004
3809,736,RS,2024-09-10,delivered,图书,399.96,22.05,422.01
3809,736,RS,2024-09-10,delivered,电子产品,566.96,41.24,608.2
3809,736,RS,2024-09-10,delivered,厨具,637.76,59.9,697.66
3810,737,RJ,2024-12-25,delivered,运动休闲,208.32,11.05,219.37
3810,737,RJ,2024-12-25,delivered,美妆健康,743.57,110.49,854.0600000000001
3811,738,RS,2023-05-17,delivered,美妆健康,628.27,70.57,698.8399999999999
3812,739,BA,2024-09-25,canceled,图书,307.36,56.91,364.27
3812,739,BA,2024-09-25,canceled,运动休闲,755.07,148.65,903.72
3813,740,PA,2024-07-24,delivered,宠物用品,489.68,89.27,578.95
3813,740,PA,2024-07-24,delivered,家居家具,550.06,66.14,616.1999999999999
3814,740,PA,2023-01-10,delivered,运动休闲,357.38,49.11,406.49
3815,740,PA,2023-05-27,delivered,玩具,781.08,135.46,916.5400000000001
3815,740,PA,2023-05-27,delivered,玩具,779.41,46.47,825.88
3816,740,PA,2023-03-05,delivered,运动休闲,663.03,63.59,726.62
3816,740,PA,2023-03-05,delivered,运动休闲,345.27,24.54,369.81
3816,740,PA,2023-03-05,delivered,宠物用品,111.56,22.03,133.59
3817,740,PA,2024-11-05,delivered,电子产品,251.57,16.76,268.33
3817,740,PA,2024-11-05,delivered,厨具,269.63,25.56,295.19
3817,740,PA,2024-11-05,delivered,家居家具,61.5,8.27,69.77
3818,740,PA,2024-11-23,delivered,运动休闲,481.57,93.94,575.51
3818,740,PA,2024-11-23,delivered,厨具,559.27,72.94,632.21
3818,740,PA,2024-11-23,delivered,家居家具,26.23,4.02,30.25
3819,740,PA,2024-09-29,canceled,服饰,683.87,51.72,735.59
3819,740,PA,2024-09-29,canceled,运动休闲,446.96,60.45,507.40999999999997
3820,740,PA,2024-11-13,delivered,家居家具,556.31,31.19,587.5
3820,740,PA,2024-11-13,delivered,家居家具,503.35,71.39,574.74
3820,740,PA,2024-11-13,delivered,运动休闲,747.91,115.39,863.3
3821,740,PA,2023-01-19,delivered,服饰,179.25,33.65,212.9
3822,740,PA,2023-01-25,canceled,厨具,346.89,23.01,369.9
3822,740,PA,2023-01-25,canceled,家居家具,658.31,91.33,749.64
3822,740,PA,2023-01-25,canceled,运动休闲,199.31,26.84,226.15
3823,740,PA,2023-02-26,delivered,美妆健康,495.42,71.99,567.41
3823,740,PA,2023-02-26,delivered,运动休闲,719.26,138.64,857.9
3823,740,PA,2023-02-26,delivered,电脑配件,260.28,21.44,281.71999999999997
3824,740,PA,2024-08-14,delivered,图书,788.45,55.49,843.94
3824,740,PA,2024-08-14,delivered,厨具,179.89,21.95,201.83999999999997
3824,740,PA,2024-08-14,delivered,运动休闲,44.23,8.03,52.26
3825,740,PA,2024-06-12,delivered,运动休闲,331.04,36.26,367.3
3826,740,PA,2023-07-04,delivered,运动休闲,494.59,69.69,564.28
3827,740,PA,2024-10-25,delivered,家居家具,359.03,47.6,406.63
3827,740,PA,2024-10-25,delivered,家居家具,794.48,64.29,858.77
3828,740,PA,2023-11-05,delivered,美妆健康,132.28,11.1,143.38
3828,740,PA,2023-11-05,delivered,家居家具,71.7,10.73,82.43
3828,740,PA,2023-11-05,delivered,玩具,377.52,45.2,422.71999999999997
3829,740,PA,2024-11-07,delivered,图书,396.69,60.92,457.61
3829,740,PA,2024-11-07,delivered,美妆健康,706.52,71.82,778.3399999999999
3829,740,PA,2024-11-07,delivered,服饰,432.77,85.2,517.97
3830,740,PA,2024-12-27,delivered,玩具,579.43,38.01,617.4399999999999
3830,740,PA,2024-12-27,delivered,电脑配件,345.66,38.98,384.64000000000004
3831,740,PA,2024-09-12,delivered,电子产品,718.65,90.37,809.02
3832,740,PA,2023-10-18,delivered,服饰,118.84,16.18,135.02
3832,740,PA,2023-10-18,delivered,服饰,734.84,111.92,846.76
3833,740,PA,2024-10-11,delivered,服饰,708.43,43.61,752.04
3833,740,PA,2024-10-11,delivered,家居家具,171.41,19.18,190.59
3834,740,PA,2023-07-01,delivered,图书,106.93,16.6,123.53
3835,740,PA,2023-07-16,canceled,家居家具,770.37,54.97,825.34
3835,740,PA,2023-07-16,canceled,服饰,202.68,36.56,239.24
3836,740,PA,2023-05-24,delivered,运动休闲,344.11,63.77,407.88
3836,740,PA,2023-05-24,delivered,厨具,80.24,7.43,87.66999999999999
3837,740,PA,2024-01-27,delivered,运动休闲,255.48,29.5,284.98
3838,740,PA,2024-11-22,delivered,图书,575.61,84.23,659.84
3839,740,PA,2024-06-23,delivered,玩具,585.16,45.94,631.0999999999999
3839,740,PA,2024-06-23,delivered,图书,665.37,63.48,728.85
3840,740,PA,2024-04-09,delivered,电脑配件,386.49,61.53,448.02
3841,740,PA,2024-07-17,delivered,服饰,102.15,13.31,115.46000000000001
3841,740,PA,2024-07-17,delivered,家居家具,735.89,93.31,829.2
3842,740,PA,2024-12-02,delivered,厨具,25.59,4.96,30.55
3842,740,PA,2024-12-02,delivered,玩具,216.44,31.92,248.36
3843,740,PA,2024-07-27,delivered,运动休闲,522.74,76.55,599.29
3844,740,PA,2023-02-07,delivered,图书,614.5,50.22,664.72
3845,740,PA,2024-06-14,delivered,玩具,484.21,63.59,547.8
3845,740,PA,2024-06-14,delivered,家居家具,163.09,17.23,180.32
3846,740,PA,2023-05-05,delivered,电子产品,186.19,27.64,213.82999999999998
3847,740,PA,2024-02-06,canceled,电子产品,299.79,46.82,346.61
3848,740,PA,2024-11-08,delivered,宠物用品,223.64,23.55,247.19
3849,740,PA,2024-11-14,delivered,厨具,595.45,85.28,680.73
3850,740,PA,2023-11-08,delivered,服饰,491.64,38.96,530.6
3850,740,PA,2023-11-08,delivered,图书,121.37,11.08,132.45000000000002
3850,740,PA,2023-11-08,delivered,美妆健康,348.29,51.43,399.72
3851,740,PA,2023-03-27,delivered,运动休闲,142.71,22.13,164.84
3851,740,PA,2023-03-27,delivered,电子产品,450.46,79.16,529.62
3852,740,PA,2023-06-10,delivered,家居家具,628.94,102.18,731.1200000000001
3852,740,PA,2023-06-10,delivered,家居家具,328.94,58.26,387.2
3853,740,PA,2023-08-29,delivered,家居家具,694.77,110.9,805.67
3853,740,PA,2023-08-29,delivered,服饰,566.6,70.55,637.15
3854,740,PA,2023-12-10,delivered,厨具,292.17,40.85,333.02000000000004
3855,740,PA,2024-08-09,delivered,宠物用品,447.57,32.56,480.13
3855,740,PA,2024-08-09,delivered,家居家具,577.7,62.05,639.75
3855,740,PA,2024-08-09,delivered,家居家具,540.93,93.53,634.4599999999999
3856,740,PA,2023-10-09,delivered,厨具,393.08,41.99,435.07
3856,740,PA,2023-10-09,delivered,家居家具,235.2,33.41,268.61
3856,740,PA,2023-10-09,delivered,图书,366.58,59.89,426.46999999999997
3857,740,PA,2024-10-10,delivered,宠物用品,191.58,26.78,218.36
3857,740,PA,2024-10-10,delivered,服饰,304.68,44.62,349.3
3857,740,PA,2024-10-10,delivered,服饰,559.53,87.34,646.87
3858,740,PA,2023-07-09,delivered,服饰,158.83,11.36,170.19
3859,740,PA,2024-01-16,delivered,玩具,780.77,86.55,867.3199999999999
3859,740,PA,2024-01-16,delivered,电脑配件,242.18,18.07,260.25
3860,740,PA,2024-12-16,delivered,图书,194.94,21.9,216.84
3860,740,PA,2024-12-16,delivered,电子产品,56.69,4.17,60.86
3860,740,PA,2024-12-16,delivered,电子产品,468.09,41.75,509.84
3861,740,PA,2024-02-04,canceled,服饰,206.49,40.28,246.77
3862,740,PA,2023-05-09,delivered,运动休闲,337.12,54.73,391.85
3862,740,PA,2023-05-09,delivered,美妆健康,566.7,70.8,637.5
3863,740,PA,2024-05-03,delivered,电子产品,245.86,47.26,293.12
3864,740,PA,2024-06-10,delivered,美妆健康,273.84,38.64,312.47999999999996
3865,740,PA,2024-07-11,delivered,图书,478.56,63.46,542.02
3866,740,PA,2024-05-31,delivered,美妆健康,346.83,22.11,368.94
3866,740,PA,2024-05-31,delivered,家居家具,52.5,3.03,55.53
3867,740,PA,2024-11-17,delivered,服饰,365.37,19.53,384.9
3868,741,BA,2024-03-08,delivered,服饰,212.92,36.82,249.73999999999998
3869,742,BA,2023-09-17,delivered,电子产品,360.58,58.27,418.84999999999997
3869,742,BA,2023-09-17,delivered,美妆健康,417.74,29.38,447.12
3869,742,BA,2023-09-17,delivered,厨具,738.55,105.5,844.05
3870,743,PA,2023-04-09,delivered,美妆健康,123.24,12.73,135.97
3870,743,PA,2023-04-09,delivered,服饰,683.81,84.25,768.06
3871,744,AM,2023-11-21,delivered,家居家具,441.45,85.28,526.73
3872,745,PE,2023-08-06,delivered,电脑配件,53.94,2.73,56.669999999999995
3873,746,PE,2023-12-21,delivered,图书,680.91,127.14,808.05
3874,747,SC,2024-05-25,delivered,服饰,190.3,17.66,207.96
3874,747,SC,2024-05-25,delivered,服饰,332.45,20.15,352.59999999999997
3874,747,SC,2024-05-25,delivered,美妆健康,788.93,71.44,860.3699999999999
3875,748,RJ,2023-03-09,delivered,电子产品,657.81,77.17,734.9799999999999
3875,748,RJ,2023-03-09,delivered,电脑配件,701.04,118.25,819.29
3875,748,RJ,2023-03-09,delivered,电脑配件,251.49,16.51,268.0
3876,749,PE,2023-12-27,delivered,电脑配件,35.84,7.0,42.84
3877,750,AM,2023-12-25,delivered,图书,456.87,24.3,481.17
3878,751,RS,2024-12-26,delivered,服饰,658.82,111.08,769.9000000000001
3879,752,SP,2023-05-04,delivered,宠物用品,355.32,28.4,383.71999999999997
3880,753,DF,2023-12-03,delivered,美妆健康,364.29,31.63,395.92
3880,753,DF,2023-12-03,delivered,运动休闲,31.04,2.15,33.19
3881,754,AM,2023-07-27,delivered,图书,679.16,93.07,772.23
3881,754,AM,2023-07-27,delivered,厨具,520.34,31.03,551.37
3882,755,AM,2023-06-04,delivered,宠物用品,351.72,46.9,398.62
3882,755,AM,2023-06-04,delivered,玩具,42.43,6.79,49.22
3882,755,AM,2023-06-04,delivered,电脑配件,91.28,12.82,104.1
3883,756,BA,2024-12-04,delivered,运动休闲,237.17,47.32,284.49
3883,756,BA,2024-12-04,delivered,运动休闲,37.09,4.27,41.36
3883,756,BA,2024-12-04,delivered,厨具,603.52,51.24,654.76
3884,757,RJ,2024-04-05,delivered,电脑配件,266.65,39.17,305.82
3884,757,RJ,2024-04-05,delivered,电脑配件,778.35,145.01,923.36
3885,758,DF,2023-12-19,delivered,图书,577.98,39.06,617.04
3886,759,MG,2023-05-31,delivered,运动休闲,654.25,115.55,769.8
3886,759,MG,2023-05-31,delivered,服饰,568.27,38.8,607.0699999999999
3887,759,MG,2024-02-17,delivered,服饰,416.35,38.48,454.83000000000004
3887,759,MG,2024-02-17,delivered,家居家具,703.33,99.92,803.25
3887,759,MG,2024-02-17,delivered,电脑配件,767.24,82.15,849.39
3888,759,MG,2024-02-16,delivered,运动休闲,798.93,120.85,919.78
3888,759,MG,2024-02-16,delivered,运动休闲,679.28,80.82,760.0999999999999
3888,759,MG,2024-02-16,delivered,厨具,692.99,50.09,743.08
3889,759,MG,2024-03-25,delivered,图书,501.08,77.23,578.31
3889,759,MG,2024-03-25,delivered,服饰,132.98,15.38,148.35999999999999
3890,759,MG,2024-06-06,delivered,电子产品,600.3,51.3,651.5999999999999
3891,759,MG,2024-06-13,delivered,服饰,553.39,76.99,630.38
3891,759,MG,2024-06-13,delivered,运动休闲,667.84,127.68,795.52
3891,759,MG,2024-06-13,delivered,运动休闲,736.93,76.05,812.9799999999999
3892,759,MG,2024-08-21,delivered,美妆健康,766.08,42.76,808.84
3892,759,MG,2024-08-21,delivered,玩具,558.07,49.09,607.1600000000001
3893,759,MG,2023-12-06,delivered,家居家具,684.11,112.99,797.1
3893,759,MG,2023-12-06,delivered,电脑配件,322.21,20.94,343.15
3894,759,MG,2023-11-02,delivered,玩具,108.32,8.51,116.83
3894,759,MG,2023-11-02,delivered,图书,366.62,27.35,393.97
3894,759,MG,2023-11-02,delivered,电子产品,775.6,39.36,814.96
3895,759,MG,2023-02-01,delivered,图书,631.65,71.82,703.47
3895,759,MG,2023-02-01,delivered,服饰,216.88,32.91,249.79
3895,759,MG,2023-02-01,delivered,家居家具,469.07,42.32,511.39
3896,759,MG,2023-11-03,delivered,服饰,201.01,34.99,236.0
3896,759,MG,2023-11-03,delivered,服饰,37.93,5.02,42.95
3897,759,MG,2023-07-23,delivered,美妆健康,507.33,46.59,553.92
3898,759,MG,2024-04-07,delivered,家居家具,40.2,7.66,47.86
3899,759,MG,2023-11-02,delivered,玩具,214.86,13.84,228.70000000000002
3900,759,MG,2024-04-17,delivered,玩具,495.64,38.82,534.46
3901,759,MG,2024-05-12,delivered,家居家具,279.95,30.03,309.98
3901,759,MG,2024-05-12,delivered,服饰,667.54,110.5,778.04
3902,759,MG,2023-08-14,delivered,运动休闲,267.87,31.52,299.39
3902,759,MG,2023-08-14,delivered,电脑配件,704.77,55.96,760.73
3903,759,MG,2023-12-05,canceled,玩具,495.99,88.21,584.2
3904,759,MG,2024-02-06,delivered,运动休闲,92.99,5.42,98.41
3904,759,MG,2024-02-06,delivered,图书,569.11,39.95,609.0600000000001
3905,759,MG,2024-12-23,delivered,服饰,721.59,125.23,846.82
3905,759,MG,2024-12-23,delivered,家居家具,236.08,42.04,278.12
3905,759,MG,2024-12-23,delivered,电脑配件,216.31,33.23,249.54
3906,759,MG,2023-01-15,delivered,玩具,63.98,4.53,68.50999999999999
3907,759,MG,2024-12-28,delivered,服饰,588.42,37.02,625.4399999999999
3907,759,MG,2024-12-28,delivered,服饰,53.28,7.24,60.52
3907,759,MG,2024-12-28,delivered,服饰,607.53,43.15,650.68
3908,759,MG,2024-06-04,delivered,宠物用品,795.32,87.92,883.24
3908,759,MG,2024-06-04,delivered,厨具,299.19,53.29,352.48
3909,759,MG,2024-05-15,delivered,厨具,340.13,28.19,368.32
3909,759,MG,2024-05-15,delivered,运动休闲,388.15,66.68,454.83
3910,759,MG,2023-12-08,delivered,厨具,633.36,123.89,757.25
3911,759,MG,2024-01-11,canceled,服饰,359.18,37.57,396.75
3911,759,MG,2024-01-11,canceled,运动休闲,122.1,7.32,129.42
3912,759,MG,2024-10-13,delivered,厨具,448.62,26.91,475.53000000000003
3912,759,MG,2024-10-13,delivered,图书,777.62,101.31,878.9300000000001
3912,759,MG,2024-10-13,delivered,美妆健康,390.37,71.71,462.08
3913,759,MG,2023-11-24,delivered,美妆健康,532.82,45.96,578.7800000000001
3913,759,MG,2023-11-24,delivered,图书,635.97,41.38,677.35
3913,759,MG,2023-11-24,delivered,服饰,775.09,78.73,853.82
3914,759,MG,2024-08-07,delivered,电脑配件,541.28,47.19,588.47
3915,759,MG,2024-06-12,delivered,美妆健康,391.34,64.54,455.88
3915,759,MG,2024-06-12,delivered,图书,553.36,86.31,639.6700000000001
3915,759,MG,2024-06-12,delivered,家居家具,370.98,21.81,392.79
3916,759,MG,2024-07-08,delivered,服饰,306.31,58.69,365.0
3916,759,MG,2024-07-08,delivered,图书,455.28,57.98,513.26
3916,759,MG,2024-07-08,delivered,家居家具,419.51,73.92,493.43
3917,759,MG,2024-01-28,delivered,宠物用品,107.88,8.82,116.69999999999999
3917,759,MG,2024-01-28,delivered,电子产品,671.5,54.93,726.43
3917,759,MG,2024-01-28,delivered,电脑配件,333.94,60.27,394.21
3918,759,MG,2024-08-25,delivered,厨具,654.41,104.78,759.1899999999999
3918,759,MG,2024-08-25,delivered,美妆健康,30.06,4.08,34.14
3918,759,MG,2024-08-25,delivered,运动休闲,177.08,24.23,201.31
3919,759,MG,2024-01-13,canceled,电子产品,462.28,84.69,546.97
3919,759,MG,2024-01-13,canceled,服饰,795.26,126.22,921.48
3919,759,MG,2024-01-13,canceled,电脑配件,694.05,131.91,825.9599999999999
3920,759,MG,2023-02-27,delivered,服饰,552.21,87.83,640.0400000000001
3920,759,MG,2023-02-27,delivered,运动休闲,196.21,22.84,219.05
3920,759,MG,2023-02-27,delivered,宠物用品,245.74,39.83,285.57
3921,759,MG,2024-11-08,canceled,图书,129.81,10.92,140.73
3921,759,MG,2024-11-08,canceled,电脑配件,707.29,57.7,764.99
3922,759,MG,2024-04-03,delivered,电子产品,405.65,21.32,426.96999999999997
3922,759,MG,2024-04-03,delivered,玩具,131.56,26.27,157.83
3922,759,MG,2024-04-03,delivered,运动休闲,317.79,59.13,376.92
3923,759,MG,2023-12-09,delivered,美妆健康,504.27,59.48,563.75
3923,759,MG,2023-12-09,delivered,服饰,577.19,96.99,674.1800000000001
3924,759,MG,2023-04-26,delivered,美妆健康,537.23,37.42,574.65
3925,759,MG,2023-04-13,delivered,家居家具,464.48,41.92,506.40000000000003
3925,759,MG,2023-04-13,delivered,运动休闲,671.65,116.91,788.56
3926,759,MG,2023-06-11,delivered,电脑配件,443.89,45.86,489.75
3926,759,MG,2023-06-11,delivered,厨具,108.05,14.22,122.27
3926,759,MG,2023-06-11,delivered,家居家具,337.17,48.31,385.48
3927,759,MG,2023-09-05,delivered,运动休闲,790.98,109.23,900.21
3927,759,MG,2023-09-05,delivered,电子产品,697.25,56.92,754.17
3928,759,MG,2024-04-09,delivered,图书,614.05,99.55,713.5999999999999
3928,759,MG,2024-04-09,delivered,运动休闲,200.93,40.15,241.08
3928,759,MG,2024-04-09,delivered,电子产品,80.56,8.16,88.72
3929,759,MG,2023-07-16,delivered,电子产品,149.56,25.36,174.92000000000002
3929,759,MG,2023-07-16,delivered,厨具,184.11,20.12,204.23000000000002
3929,759,MG,2023-07-16,delivered,厨具,334.88,62.25,397.13
3930,759,MG,2023-04-18,delivered,宠物用品,275.95,42.9,318.84999999999997
3930,759,MG,2023-04-18,delivered,运动休闲,380.13,47.18,427.31
3931,759,MG,2023-07-12,delivered,玩具,32.21,5.62,37.83
3932,759,MG,2024-08-19,delivered,电子产品,553.9,78.31,632.21
3932,759,MG,2024-08-19,delivered,服饰,553.82,49.46,603.2800000000001
3933,759,MG,2023-05-07,delivered,家居家具,92.29,8.61,100.9
3933,759,MG,2023-05-07,delivered,电脑配件,226.21,25.12,251.33
3933,759,MG,2023-05-07,delivered,电子产品,401.77,36.62,438.39
3934,759,MG,2023-11-06,canceled,运动休闲,439.0,75.49,514.49
3934,759,MG,2023-11-06,canceled,玩具,85.8,17.12,102.92
3935,759,MG,2024-08-03,delivered,玩具,497.11,91.4,588.51
3936,759,MG,2023-10-08,delivered,运动休闲,399.27,54.21,453.47999999999996
3937,759,MG,2024-03-29,delivered,电子产品,442.22,37.87,480.09000000000003
3937,759,MG,2024-03-29,delivered,电子产品,520.26,92.43,612.69
3937,759,MG,2024-03-29,delivered,电子产品,357.2,34.32,391.52
3938,759,MG,2023-10-02,delivered,服饰,588.34,87.26,675.6
3938,759,MG,2023-10-02,delivered,家居家具,333.7,34.55,368.25
3938,759,MG,2023-10-02,delivered,玩具,191.26,21.46,212.72
3939,759,MG,2023-04-12,canceled,电子产品,429.7,50.91,480.61
3939,759,MG,2023-04-12,canceled,电脑配件,605.48,85.39,690.87
3939,759,MG,2023-04-12,canceled,美妆健康,753.86,137.13,890.99
3940,759,MG,2024-04-19,delivered,家居家具,106.74,7.37,114.11
3940,759,MG,2024-04-19,delivered,家居家具,606.68,97.78,704.4599999999999
3941,759,MG,2024-01-10,canceled,电脑配件,640.39,107.88,748.27
3941,759,MG,2024-01-10,canceled,玩具,431.01,48.95,479.96
3941,759,MG,2024-01-10,canceled,服饰,537.35,94.61,631.96
3942,759,MG,2024-12-10,delivered,电子产品,97.34,9.6,106.94
3942,759,MG,2024-12-10,delivered,服饰,271.47,38.79,310.26000000000005
3943,759,MG,2023-03-28,delivered,服饰,419.89,50.68,470.57
3943,759,MG,2023-03-28,delivered,家居家具,122.18,15.18,137.36
3943,759,MG,2023-03-28,delivered,玩具,353.52,70.15,423.66999999999996
3944,759,MG,2024-05-07,delivered,家居家具,190.65,36.41,227.06
3944,759,MG,2024-05-07,delivered,宠物用品,305.46,29.7,335.15999999999997
3945,759,MG,2023-12-30,delivered,家居家具,654.52,34.21,688.73
3945,759,MG,2023-12-30,delivered,图书,562.76,86.58,649.34
3945,759,MG,2023-12-30,delivered,玩具,610.11,106.15,716.26
3946,759,MG,2023-08-25,delivered,服饰,162.43,29.79,192.22
3946,759,MG,2023-08-25,delivered,玩具,652.45,73.95,726.4000000000001
3946,759,MG,2023-08-25,delivered,运动休闲,415.45,64.35,479.79999999999995
3947,759,MG,2023-01-21,delivered,服饰,328.23,24.79,353.02000000000004
3947,759,MG,2023-01-21,delivered,电脑配件,615.8,92.97,708.77
3948,759,MG,2023-03-23,delivered,家居家具,336.66,31.97,368.63
3949,759,MG,2024-04-07,delivered,运动休闲,269.1,40.78,309.88
3949,759,MG,2024-04-07,delivered,家居家具,596.19,49.77,645.96
3950,759,MG,2023-05-20,delivered,运动休闲,340.34,21.46,361.79999999999995
3950,759,MG,2023-05-20,delivered,厨具,47.74,5.67,53.410000000000004
3950,759,MG,2023-05-20,delivered,玩具,390.83,44.63,435.46
3951,759,MG,2023-06-06,delivered,服饰,721.61,83.78,805.39
3951,759,MG,2023-06-06,delivered,宠物用品,679.1,100.23,779.33
3951,759,MG,2023-06-06,delivered,服饰,150.98,27.9,178.88
3952,759,MG,2024-05-28,delivered,图书,380.28,64.85,445.13
3952,759,MG,2024-05-28,delivered,家居家具,102.99,10.09,113.08
3952,759,MG,2024-05-28,delivered,电脑配件,232.27,44.88,277.15000000000003
3953,759,MG,2023-02-06,delivered,服饰,263.19,32.59,295.78
3953,759,MG,2023-02-06,delivered,家居家具,536.18,68.57,604.75
3954,759,MG,2023-02-25,delivered,厨具,720.34,87.77,808.11
3954,759,MG,2023-02-25,delivered,玩具,475.62,24.11,499.73
3955,759,MG,2024-04-16,delivered,图书,165.9,8.31,174.21
3955,759,MG,2024-04-16,delivered,电子产品,639.27,97.45,736.72
3956,759,MG,2024-10-26,delivered,玩具,494.85,94.94,589.79
3956,759,MG,2024-10-26,delivered,宠物用品,331.04,43.25,374.29
3957,760,PR,2024-04-07,delivered,图书,769.8,66.75,836.55
3957,760,PR,2024-04-07,delivered,服饰,761.34,99.79,861.13
3958,761,RS,2023-10-10,delivered,美妆健康,740.0,45.77,785.77
3958,761,RS,2023-10-10,delivered,运动休闲,155.23,28.13,183.35999999999999
3958,761,RS,2023-10-10,delivered,厨具,230.15,24.66,254.81
3959,762,AM,2023-01-23,delivered,运动休闲,325.56,49.42,374.98
3960,763,PA,2024-12-09,delivered,运动休闲,209.84,30.48,240.32
3961,764,PA,2024-08-01,delivered,电脑配件,675.17,34.88,710.05
3962,765,RS,2023-06-04,delivered,玩具,509.78,86.96,596.74
3962,765,RS,2023-06-04,delivered,运动休闲,516.68,29.29,545.9699999999999
3962,765,RS,2023-06-04,delivered,运动休闲,333.02,21.18,354.2
3963,766,DF,2024-11-16,delivered,家居家具,151.59,14.2,165.79
3963,766,DF,2024-11-16,delivered,电脑配件,735.86,113.82,849.6800000000001
3963,766,DF,2024-11-16,delivered,厨具,183.95,28.48,212.42999999999998
3964,767,DF,2023-05-19,delivered,厨具,91.67,12.34,104.01
3965,768,MG,2023-11-03,delivered,宠物用品,533.71,57.59,591.3000000000001
3965,768,MG,2023-11-03,delivered,运动休闲,399.04,72.96,472.0
3965,768,MG,2023-11-03,delivered,运动休闲,381.01,54.79,435.8
3966,769,SP,2023-05-06,delivered,服饰,459.04,47.94,506.98
3966,769,SP,2023-05-06,delivered,厨具,500.38,71.32,571.7
3966,769,SP,2023-05-06,delivered,服饰,770.04,89.63,859.67
3967,770,PE,2023-11-12,delivered,服饰,426.04,76.43,502.47
3968,771,SP,2024-11-20,delivered,厨具,99.42,12.4,111.82000000000001
3968,771,SP,2024-11-20,delivered,美妆健康,712.28,78.18,790.46
3968,771,SP,2024-11-20,delivered,图书,137.44,20.58,158.01999999999998
3969,772,PE,2023-11-17,delivered,服饰,109.92,7.85,117.77
3969,772,PE,2023-11-17,delivered,图书,772.32,100.18,872.5
3970,773,RS,2024-06-04,delivered,电子产品,87.17,9.41,96.58
3970,773,RS,2024-06-04,delivered,图书,676.67,61.8,738.4699999999999
3970,773,RS,2024-06-04,delivered,电子产品,26.02,4.2,30.22
3971,774,AM,2024-09-07,delivered,玩具,635.31,55.8,691.1099999999999
3971,774,AM,2024-09-07,delivered,运动休闲,534.84,61.89,596.73
3971,774,AM,2024-09-07,delivered,图书,463.84,31.41,495.25
3972,774,AM,2024-05-18,delivered,厨具,300.66,43.16,343.82000000000005
3972,774,AM,2024-05-18,delivered,厨具,518.92,30.27,549.1899999999999
3972,774,AM,2024-05-18,delivered,玩具,73.96,4.25,78.21
3973,774,AM,2024-02-23,delivered,家居家具,232.62,46.1,278.72
3974,774,AM,2024-06-10,delivered,图书,263.82,18.84,282.65999999999997
3974,774,AM,2024-06-10,delivered,图书,749.56,136.05,885.6099999999999
3975,774,AM,2023-09-11,delivered,家居家具,294.21,35.4,329.60999999999996
3975,774,AM,2023-09-11,delivered,服饰,23.21,4.02,27.23
3976,775,RJ,2023-07-07,canceled,厨具,504.99,63.6,568.59
3977,775,RJ,2023-05-07,delivered,厨具,680.75,70.35,751.1
3977,775,RJ,2023-05-07,delivered,服饰,369.92,42.67,412.59000000000003
3977,775,RJ,2023-05-07,delivered,服饰,39.0,3.59,42.59
3978,775,RJ,2024-04-20,delivered,电子产品,557.12,100.47,657.59
3978,775,RJ,2024-04-20,delivered,服饰,549.97,44.61,594.58
3979,775,RJ,2023-11-26,delivered,厨具,484.03,96.54,580.5699999999999
3980,775,RJ,2024-08-22,delivered,电子产品,79.44,7.92,87.36
3980,775,RJ,2024-08-22,delivered,运动休闲,615.54,67.42,682.9599999999999
3980,775,RJ,2024-08-22,delivered,电脑配件,42.02,7.02,49.040000000000006
3981,775,RJ,2023-05-04,delivered,厨具,669.69,36.41,706.1
3981,775,RJ,2023-05-04,delivered,玩具,177.42,14.72,192.14
3982,775,RJ,2024-10-30,delivered,美妆健康,639.45,44.63,684.08
3983,775,RJ,2024-11-24,delivered,厨具,777.08,55.82,832.9000000000001
3983,775,RJ,2024-11-24,delivered,电脑配件,202.72,20.39,223.11
3983,775,RJ,2024-11-24,delivered,运动休闲,758.17,118.15,876.3199999999999
3984,775,RJ,2024-06-24,delivered,运动休闲,192.15,37.34,229.49
3984,775,RJ,2024-06-24,delivered,美妆健康,302.16,58.87,361.03000000000003
3984,775,RJ,2024-06-24,delivered,服饰,350.47,63.48,413.95000000000005
3985,775,RJ,2023-07-11,delivered,厨具,325.02,44.27,369.28999999999996
3986,775,RJ,2023-04-05,delivered,电脑配件,703.65,58.58,762.23
3987,775,RJ,2024-05-05,canceled,电脑配件,98.27,16.29,114.56
3987,775,RJ,2024-05-05,canceled,服饰,658.11,67.77,725.88
3987,775,RJ,2024-05-05,canceled,厨具,749.38,134.87,884.25
3988,775,RJ,2023-03-02,canceled,家居家具,513.3,71.07,584.3699999999999
3988,775,RJ,2023-03-02,canceled,玩具,522.88,103.21,626.09
3988,775,RJ,2023-03-02,canceled,玩具,182.38,26.64,209.01999999999998
3989,775,RJ,2023-11-14,delivered,厨具,585.21,62.98,648.19
3989,775,RJ,2023-11-14,delivered,美妆健康,624.58,120.27,744.85
3989,775,RJ,2023-11-14,delivered,美妆健康,123.4,20.89,144.29000000000002
3990,775,RJ,2024-01-22,delivered,服饰,742.01,126.89,868.9
3990,775,RJ,2024-01-22,delivered,美妆健康,737.83,47.78,785.61
3990,775,RJ,2024-01-22,delivered,宠物用品,613.82,39.49,653.3100000000001
3991,775,RJ,2024-09-13,delivered,玩具,750.83,134.13,884.96
3991,775,RJ,2024-09-13,delivered,图书,714.2,113.49,827.69
3991,775,RJ,2024-09-13,delivered,服饰,413.15,34.12,447.27
3992,775,RJ,2024-03-10,delivered,厨具,161.87,26.82,188.69
3992,775,RJ,2024-03-10,delivered,美妆健康,743.52,45.84,789.36
3993,775,RJ,2023-07-28,delivered,电子产品,779.47,86.93,866.4000000000001
3994,775,RJ,2024-11-26,delivered,运动休闲,38.97,5.28,44.25
3995,775,RJ,2024-09-15,delivered,宠物用品,153.84,19.45,173.29
3995,775,RJ,2024-09-15,delivered,家居家具,390.53,50.47,441.0
3995,775,RJ,2024-09-15,delivered,图书,556.07,60.45,616.5200000000001
3996,776,PA,2024-10-21,delivered,宠物用品,775.41,39.71,815.12
3996,776,PA,2024-10-21,delivered,图书,555.53,70.83,626.36
3996,776,PA,2024-10-21,delivered,图书,141.32,18.68,160.0
3997,777,BA,2024-04-01,delivered,厨具,416.64,33.88,450.52
3997,777,BA,2024-04-01,delivered,厨具,108.46,9.05,117.50999999999999
3998,778,AM,2023-04-10,delivered,运动休闲,383.57,48.3,431.87
3998,778,AM,2023-04-10,delivered,宠物用品,605.43,45.19,650.6199999999999
3998,778,AM,2023-04-10,delivered,运动休闲,640.15,74.74,714.89
3999,779,PE,2024-02-06,delivered,厨具,513.46,94.34,607.8000000000001
3999,779,PE,2024-02-06,delivered,家居家具,698.7,55.75,754.45
3999,779,PE,2024-02-06,delivered,电子产品,50.34,8.92,59.260000000000005
4000,780,RS,2023-01-12,delivered,图书,624.09,114.94,739.03
4000,780,RS,2023-01-12,delivered,服饰,731.11,68.74,799.85
4000,780,RS,2023-01-12,delivered,图书,762.44,74.17,836.61
4001,781,PA,2023-01-31,delivered,电脑配件,364.61,60.26,424.87
4001,781,PA,2023-01-31,delivered,宠物用品,76.28,14.82,91.1
4002,782,CE,2024-09-11,delivered,电子产品,184.27,28.2,212.47
4002,782,CE,2024-09-11,delivered,家居家具,39.73,3.62,43.349999999999994
4003,782,CE,2023-08-18,delivered,图书,129.67,12.4,142.07
4004,782,CE,2024-07-01,delivered,服饰,627.85,74.91,702.76
4004,782,CE,2024-07-01,delivered,电子产品,635.46,109.89,745.35
4005,782,CE,2023-02-18,delivered,图书,746.35,39.37,785.72
4005,782,CE,2023-02-18,delivered,电脑配件,152.52,18.22,170.74
4005,782,CE,2023-02-18,delivered,服饰,95.67,14.45,110.12
4006,782,CE,2024-05-18,delivered,家居家具,308.74,21.31,330.05
4006,782,CE,2024-05-18,delivered,玩具,67.62,8.86,76.48
4007,782,CE,2024-06-06,delivered,电子产品,198.81,18.66,217.47
4007,782,CE,2024-06-06,delivered,电子产品,44.66,8.9,53.559999999999995
4007,782,CE,2024-06-06,delivered,服饰,620.3,54.9,675.1999999999999
4008,782,CE,2024-03-19,canceled,运动休闲,360.96,41.61,402.57
4008,782,CE,2024-03-19,canceled,玩具,494.23,46.69,540.9200000000001
4008,782,CE,2024-03-19,canceled,服饰,129.48,18.77,148.25
4009,782,CE,2024-10-18,delivered,宠物用品,679.75,80.73,760.48
4009,782,CE,2024-10-18,delivered,服饰,502.85,53.47,556.32
4010,782,CE,2023-10-22,delivered,服饰,302.71,42.99,345.7
4011,782,CE,2024-03-16,delivered,图书,228.47,35.42,263.89
4011,782,CE,2024-03-16,delivered,家居家具,774.45,79.7,854.1500000000001
4012,782,CE,2024-10-20,delivered,运动休闲,154.07,30.13,184.2
4013,782,CE,2023-03-20,delivered,厨具,618.12,33.25,651.37
4014,782,CE,2024-11-12,delivered,服饰,424.13,33.17,457.3
4015,782,CE,2024-11-07,delivered,宠物用品,436.2,37.47,473.66999999999996
4015,782,CE,2024-11-07,delivered,图书,634.85,98.8,733.65
4015,782,CE,2024-11-07,delivered,美妆健康,394.4,39.46,433.85999999999996
4016,782,CE,2023-05-17,canceled,运动休闲,482.25,82.19,564.44
4016,782,CE,2023-05-17,canceled,运动休闲,535.63,65.45,601.08
4016,782,CE,2023-05-17,canceled,电脑配件,230.0,45.86,275.86
4017,782,CE,2023-12-15,delivered,电脑配件,299.44,40.31,339.75
4018,782,CE,2023-09-30,delivered,服饰,172.9,29.75,202.65
4019,782,CE,2023-11-12,canceled,厨具,76.61,7.17,83.78
4019,782,CE,2023-11-12,canceled,图书,559.08,49.57,608.6500000000001
4020,782,CE,2023-11-24,delivered,玩具,563.11,103.55,666.66
4020,782,CE,2023-11-24,delivered,图书,213.61,27.51,241.12
4021,782,CE,2024-07-15,delivered,运动休闲,583.17,38.51,621.68
4021,782,CE,2024-07-15,delivered,美妆健康,375.23,55.17,430.40000000000003
4021,782,CE,2024-07-15,delivered,服饰,783.42,78.54,861.9599999999999
4022,782,CE,2024-11-02,delivered,美妆健康,307.19,55.18,362.37
4023,782,CE,2024-06-11,delivered,玩具,338.2,29.21,367.40999999999997
4023,782,CE,2024-06-11,delivered,玩具,339.39,39.68,379.07
4023,782,CE,2024-06-11,delivered,电脑配件,769.44,122.46,891.9000000000001
4024,782,CE,2023-12-25,delivered,服饰,354.7,29.75,384.45
4024,782,CE,2023-12-25,delivered,运动休闲,520.4,75.16,595.56
4025,782,CE,2024-12-13,delivered,运动休闲,693.9,37.47,731.37
4025,782,CE,2024-12-13,delivered,美妆健康,799.36,118.82,918.1800000000001
4025,782,CE,2024-12-13,delivered,服饰,729.04,40.57,769.61
4026,782,CE,2024-10-24,canceled,电脑配件,118.33,22.27,140.6
4026,782,CE,2024-10-24,canceled,电子产品,479.24,25.02,504.26
4027,782,CE,2024-11-20,delivered,服饰,792.38,149.84,942.22
4027,782,CE,2024-11-20,delivered,玩具,189.18,22.76,211.94
4027,782,CE,2024-11-20,delivered,图书,458.71,59.24,517.9499999999999
4028,782,CE,2023-01-18,delivered,电子产品,600.18,119.41,719.5899999999999
4029,782,CE,2023-04-14,delivered,服饰,753.56,67.69,821.25
4029,782,CE,2023-04-14,delivered,玩具,114.35,20.5,134.85
4030,782,CE,2024-01-02,delivered,电脑配件,407.15,55.54,462.69
4030,782,CE,2024-01-02,delivered,厨具,99.01,14.0,113.01
4031,782,CE,2024-05-21,delivered,服饰,418.84,34.18,453.02
4031,782,CE,2024-05-21,delivered,美妆健康,609.04,90.86,699.9
4031,782,CE,2024-05-21,delivered,美妆健康,476.22,65.46,541.6800000000001
4032,782,CE,2023-08-06,delivered,电子产品,422.99,54.2,477.19
4033,782,CE,2024-09-03,delivered,图书,768.21,140.32,908.53
4033,782,CE,2024-09-03,delivered,玩具,68.23,9.91,78.14
4034,782,CE,2023-12-25,delivered,电脑配件,382.56,30.34,412.9
4035,782,CE,2024-02-07,canceled,玩具,249.18,20.4,269.58
4036,782,CE,2023-11-09,delivered,玩具,751.05,90.06,841.1099999999999
4036,782,CE,2023-11-09,delivered,图书,679.79,68.62,748.41
4036,782,CE,2023-11-09,delivered,家居家具,181.73,21.57,203.29999999999998
4037,782,CE,2023-04-04,delivered,美妆健康,441.61,80.76,522.37
4038,782,CE,2023-10-25,delivered,家居家具,293.94,57.96,351.9
4039,782,CE,2023-08-02,delivered,运动休闲,411.53,73.31,484.84
4039,782,CE,2023-08-02,delivered,宠物用品,299.77,49.75,349.52
4040,782,CE,2023-12-25,delivered,图书,39.46,5.25,44.71
4041,782,CE,2023-05-05,delivered,家居家具,120.2,12.62,132.82
4041,782,CE,2023-05-05,delivered,玩具,172.23,24.04,196.26999999999998
4042,782,CE,2024-06-18,delivered,图书,596.44,108.44,704.8800000000001
4042,782,CE,2024-06-18,delivered,电子产品,184.7,18.63,203.32999999999998
4042,782,CE,2024-06-18,delivered,厨具,348.21,69.61,417.82
4043,782,CE,2024-05-12,delivered,厨具,757.48,150.5,907.98
4043,782,CE,2024-05-12,delivered,服饰,224.11,40.66,264.77
4043,782,CE,2024-05-12,delivered,厨具,629.06,88.25,717.31
4044,782,CE,2023-10-31,delivered,电子产品,149.24,21.71,170.95000000000002
4045,782,CE,2023-05-04,delivered,服饰,205.6,29.81,235.41
4045,782,CE,2023-05-04,delivered,电子产品,747.85,142.64,890.49
4045,782,CE,2023-05-04,delivered,电脑配件,243.24,42.21,285.45
4046,782,CE,2024-06-03,canceled,宠物用品,197.93,10.37,208.3
4046,782,CE,2024-06-03,canceled,宠物用品,303.42,22.53,325.95000000000005
4047,782,CE,2024-11-14,delivered,服饰,524.28,31.64,555.92
4047,782,CE,2024-11-14,delivered,电脑配件,185.34,25.69,211.03
4048,782,CE,2023-09-30,delivered,电脑配件,428.05,69.52,497.57
4048,782,CE,2023-09-30,delivered,宠物用品,116.53,20.95,137.48
4049,782,CE,2023-12-28,delivered,运动休闲,427.03,65.53,492.55999999999995
4050,782,CE,2023-03-07,delivered,运动休闲,478.68,90.7,569.38
4050,782,CE,2023-03-07,delivered,服饰,694.66,93.15,787.81
4050,782,CE,2023-03-07,delivered,电脑配件,469.95,59.22,529.17
4051,782,CE,2024-06-17,delivered,服饰,381.42,45.64,427.06
4051,782,CE,2024-06-17,delivered,玩具,90.47,12.5,102.97
4052,782,CE,2024-10-27,delivered,厨具,193.35,15.43,208.78
4052,782,CE,2024-10-27,delivered,美妆健康,161.42,17.25,178.67
4053,782,CE,2024-10-10,delivered,电脑配件,31.22,4.07,35.29
4053,782,CE,2024-10-10,delivered,服饰,109.79,6.93,116.72
4053,782,CE,2024-10-10,delivered,服饰,570.54,42.67,613.2099999999999
4054,782,CE,2024-10-10,delivered,运动休闲,62.59,8.27,70.86
4054,782,CE,2024-10-10,delivered,玩具,355.26,48.3,403.56
4054,782,CE,2024-10-10,delivered,服饰,662.56,43.42,705.9799999999999
4055,782,CE,2024-11-14,delivered,电子产品,593.78,38.54,632.3199999999999
4055,782,CE,2024-11-14,delivered,玩具,566.14,57.97,624.11
4055,782,CE,2024-11-14,delivered,电子产品,755.94,89.93,845.8700000000001
4056,782,CE,2024-04-02,delivered,服饰,497.34,72.93,570.27
4057,782,CE,2024-07-05,canceled,图书,446.1,41.69,487.79
4057,782,CE,2024-07-05,canceled,家居家具,410.3,35.32,445.62
4058,782,CE,2023-08-09,delivered,电子产品,107.72,13.87,121.59
4059,782,CE,2023-10-02,delivered,服饰,316.07,16.08,332.15
4059,782,CE,2023-10-02,delivered,图书,295.67,52.78,348.45000000000005
4060,782,CE,2023-07-17,delivered,电子产品,377.2,19.18,396.38
4060,782,CE,2023-07-17,delivered,玩具,429.49,76.75,506.24
4060,782,CE,2023-07-17,delivered,服饰,474.5,53.37,527.87
4061,782,CE,2023-12-14,delivered,运动休闲,319.91,38.16,358.07000000000005
4061,782,CE,2023-12-14,delivered,电脑配件,150.24,11.61,161.85000000000002
4062,782,CE,2024-07-22,delivered,服饰,614.09,32.71,646.8000000000001
4062,782,CE,2024-07-22,delivered,图书,757.86,73.87,831.73
4063,782,CE,2024-01-23,delivered,玩具,523.53,96.09,619.62
4064,782,CE,2023-11-08,delivered,图书,440.51,34.35,474.86
4065,782,CE,2024-01-16,delivered,服饰,112.12,18.48,130.6
4066,782,CE,2024-07-30,delivered,玩具,747.53,62.07,809.6
4066,782,CE,2024-07-30,delivered,美妆健康,580.57,99.51,680.08
4066,782,CE,2024-07-30,delivered,图书,290.22,44.78,335.0
4067,782,CE,2024-10-02,delivered,家居家具,576.49,32.63,609.12
4067,782,CE,2024-10-02,delivered,运动休闲,129.36,9.92,139.28
4068,782,CE,2024-04-05,delivered,家居家具,319.32,45.93,365.25
4068,782,CE,2024-04-05,delivered,美妆健康,446.95,89.07,536.02
4069,782,CE,2024-06-26,delivered,美妆健康,128.57,12.53,141.1
4070,782,CE,2024-05-02,delivered,图书,775.94,113.64,889.58
4071,782,CE,2024-09-24,delivered,电子产品,682.69,67.76,750.45
4071,782,CE,2024-09-24,delivered,玩具,295.88,34.88,330.76
4071,782,CE,2024-09-24,delivered,家居家具,753.91,149.64,903.55
4072,783,RS,2023-10-23,delivered,运动休闲,507.61,78.38,585.99
4072,783,RS,2023-10-23,delivered,玩具,498.95,65.79,564.74
4072,783,RS,2023-10-23,delivered,厨具,516.3,60.15,576.4499999999999
4073,784,PE,2024-12-21,delivered,电子产品,408.88,77.57,486.45
4074,785,PE,2023-07-31,delivered,运动休闲,23.11,2.92,26.03
4075,786,PE,2024-10-12,delivered,服饰,277.07,37.45,314.52
4076,787,RJ,2023-08-22,delivered,服饰,188.57,31.31,219.88
4076,787,RJ,2023-08-22,delivered,电脑配件,512.79,92.95,605.74
4077,788,CE,2024-11-16,delivered,图书,302.92,16.09,319.01
4077,788,CE,2024-11-16,delivered,宠物用品,83.78,12.52,96.3
4077,788,CE,2024-11-16,delivered,电子产品,442.9,82.83,525.73
4078,789,BA,2024-04-10,canceled,电脑配件,193.04,22.12,215.16
4079,790,RS,2023-04-17,delivered,厨具,687.64,104.95,792.59
4079,790,RS,2023-04-17,delivered,运动休闲,334.87,24.86,359.73
4079,790,RS,2023-04-17,delivered,美妆健康,366.32,39.98,406.3
4080,791,RJ,2024-11-26,delivered,运动休闲,287.07,28.35,315.42
4081,792,PE,2024-09-26,delivered,运动休闲,88.95,12.25,101.2
4081,792,PE,2024-09-26,delivered,美妆健康,754.85,53.0,807.85
4081,792,PE,2024-09-26,delivered,家居家具,277.82,48.87,326.69
4082,793,SP,2023-06-24,delivered,电子产品,109.15,12.62,121.77000000000001
4082,793,SP,2023-06-24,delivered,服饰,310.92,20.54,331.46000000000004
4082,793,SP,2023-06-24,delivered,宠物用品,503.08,74.5,577.5799999999999
4083,794,RS,2023-03-31,delivered,运动休闲,217.88,20.83,238.70999999999998
4083,794,RS,2023-03-31,delivered,玩具,47.98,7.73,55.709999999999994
4084,795,PE,2024-12-26,delivered,电子产品,672.05,111.48,783.53
4084,795,PE,2024-12-26,delivered,图书,361.15,64.77,425.91999999999996
4084,795,PE,2024-12-26,delivered,电子产品,710.32,52.25,762.57
4085,796,RJ,2024-10-28,delivered,电脑配件,54.67,10.57,65.24000000000001
4085,796,RJ,2024-10-28,delivered,家居家具,526.28,62.57,588.85
4086,796,RJ,2024-03-30,delivered,服饰,146.56,21.66,168.22
4086,796,RJ,2024-03-30,delivered,玩具,642.47,70.71,713.1800000000001
4087,796,RJ,2024-07-19,delivered,运动休闲,648.63,92.27,740.9
4088,796,RJ,2024-01-17,delivered,图书,212.52,28.74,241.26000000000002
4088,796,RJ,2024-01-17,delivered,玩具,360.1,41.15,401.25
4089,796,RJ,2023-05-18,delivered,电子产品,269.38,19.07,288.45
4090,796,RJ,2023-11-29,delivered,运动休闲,300.03,52.57,352.59999999999997
4090,796,RJ,2023-11-29,delivered,玩具,433.14,22.14,455.28
4090,796,RJ,2023-11-29,delivered,服饰,731.86,72.29,804.15
4091,796,RJ,2024-12-15,delivered,图书,239.17,20.66,259.83
4091,796,RJ,2024-12-15,delivered,服饰,797.79,93.01,890.8
4092,796,RJ,2024-09-12,delivered,厨具,44.25,5.03,49.28
4092,796,RJ,2024-09-12,delivered,玩具,572.01,57.23,629.24
4092,796,RJ,2024-09-12,delivered,运动休闲,468.41,70.98,539.39
4093,796,RJ,2024-09-15,delivered,服饰,318.89,31.2,350.09
4093,796,RJ,2024-09-15,delivered,美妆健康,239.14,16.98,256.12
4094,796,RJ,2023-12-14,delivered,美妆健康,267.11,28.39,295.5
4095,796,RJ,2024-08-14,delivered,服饰,626.39,110.48,736.87
4095,796,RJ,2024-08-14,delivered,美妆健康,580.87,73.8,654.67
4096,796,RJ,2024-04-02,delivered,服饰,527.87,89.83,617.7
4097,796,RJ,2023-12-07,delivered,电脑配件,646.92,62.84,709.76
4098,796,RJ,2024-10-22,delivered,玩具,731.64,98.07,829.71
4099,796,RJ,2023-10-02,delivered,运动休闲,662.63,91.58,754.21
4099,796,RJ,2023-10-02,delivered,玩具,335.01,32.58,367.59
4100,796,RJ,2023-10-04,delivered,电脑配件,24.57,3.45,28.02
4100,796,RJ,2023-10-04,delivered,运动休闲,554.26,37.42,591.68
4101,796,RJ,2024-05-15,delivered,电子产品,137.58,23.58,161.16000000000003
4102,796,RJ,2024-08-07,delivered,宠物用品,389.68,77.6,467.28
4102,796,RJ,2024-08-07,delivered,电子产品,253.32,29.78,283.1
4102,796,RJ,2024-08-07,delivered,服饰,400.86,58.49,459.35
4103,796,RJ,2024-04-01,delivered,运动休闲,493.55,36.07,529.62
4104,796,RJ,2023-10-19,delivered,厨具,144.63,7.91,152.54
4104,796,RJ,2023-10-19,delivered,家居家具,246.24,14.97,261.21000000000004
4105,796,RJ,2023-07-21,delivered,美妆健康,327.54,47.89,375.43
4106,796,RJ,2023-12-13,delivered,运动休闲,473.61,63.1,536.71
4106,796,RJ,2023-12-13,delivered,电脑配件,301.27,39.27,340.53999999999996
4107,796,RJ,2024-07-19,delivered,电子产品,734.56,59.12,793.68
4107,796,RJ,2024-07-19,delivered,服饰,58.27,3.13,61.400000000000006
4107,796,RJ,2024-07-19,delivered,玩具,365.02,42.2,407.21999999999997
4108,796,RJ,2023-02-04,delivered,家居家具,355.59,31.08,386.66999999999996
4108,796,RJ,2023-02-04,delivered,电脑配件,561.86,102.8,664.66
4109,796,RJ,2023-04-21,delivered,厨具,186.97,23.3,210.27
4110,796,RJ,2023-06-25,delivered,玩具,641.15,100.74,741.89
4110,796,RJ,2023-06-25,delivered,图书,151.62,12.11,163.73000000000002
4110,796,RJ,2023-06-25,delivered,厨具,682.13,85.97,768.1
4111,796,RJ,2024-10-18,delivered,电子产品,536.99,50.77,587.76
4112,796,RJ,2023-11-23,delivered,宠物用品,705.1,51.11,756.21
4112,796,RJ,2023-11-23,delivered,电脑配件,518.26,54.42,572.68
4113,796,RJ,2024-09-23,delivered,玩具,419.75,21.51,441.26
4113,796,RJ,2024-09-23,delivered,玩具,324.75,37.38,362.13
4114,796,RJ,2024-10-31,delivered,宠物用品,246.52,43.39,289.91
4114,796,RJ,2024-10-31,delivered,服饰,784.12,112.55,896.67
4115,796,RJ,2023-02-23,delivered,服饰,371.93,57.74,429.67
4115,796,RJ,2023-02-23,delivered,家居家具,799.63,156.12,955.75
4115,796,RJ,2023-02-23,delivered,美妆健康,126.41,8.1,134.51
4116,796,RJ,2024-05-26,delivered,玩具,414.56,55.11,469.67
4116,796,RJ,2024-05-26,delivered,图书,230.07,24.07,254.14
4116,796,RJ,2024-05-26,delivered,家居家具,230.89,24.23,255.11999999999998
4117,796,RJ,2023-11-04,delivered,美妆健康,242.49,28.41,270.90000000000003
4117,796,RJ,2023-11-04,delivered,厨具,154.53,10.07,164.6
4118,796,RJ,2024-04-12,delivered,玩具,196.56,10.57,207.13
4119,796,RJ,2023-05-25,delivered,玩具,482.88,89.77,572.65
4119,796,RJ,2023-05-25,delivered,美妆健康,650.62,68.28,718.9
4119,796,RJ,2023-05-25,delivered,家居家具,491.03,69.35,560.38
4120,796,RJ,2024-09-10,delivered,厨具,603.87,37.13,641.0
4121,796,RJ,2023-12-10,canceled,电脑配件,477.72,71.57,549.29
4122,796,RJ,2024-01-12,delivered,厨具,501.16,95.84,597.0
4123,796,RJ,2024-01-16,delivered,厨具,762.25,69.47,831.72
4123,796,RJ,2024-01-16,delivered,电子产品,512.41,62.87,575.28
4124,796,RJ,2024-08-17,delivered,家居家具,779.67,110.8,890.4699999999999
4125,796,RJ,2024-09-21,delivered,玩具,356.6,43.41,400.01
4125,796,RJ,2024-09-21,delivered,图书,659.02,123.97,782.99
4125,796,RJ,2024-09-21,delivered,宠物用品,46.35,5.07,51.42
4126,796,RJ,2023-04-11,delivered,运动休闲,495.7,43.59,539.29
4126,796,RJ,2023-04-11,delivered,电子产品,237.52,21.07,258.59000000000003
4127,796,RJ,2023-01-02,delivered,厨具,86.45,16.93,103.38
4127,796,RJ,2023-01-02,delivered,厨具,650.15,128.06,778.21
4128,796,RJ,2023-08-19,delivered,美妆健康,126.81,8.33,135.14000000000001
4128,796,RJ,2023-08-19,delivered,电脑配件,740.32,77.78,818.1
4128,796,RJ,2023-08-19,delivered,服饰,583.67,82.67,666.3399999999999
4129,796,RJ,2023-07-24,delivered,玩具,101.67,7.24,108.91
4129,796,RJ,2023-07-24,delivered,家居家具,403.31,34.26,437.57
4129,796,RJ,2023-07-24,delivered,图书,227.75,38.0,265.75
4130,796,RJ,2023-04-03,delivered,图书,691.57,63.27,754.84
4131,796,RJ,2024-12-04,delivered,服饰,715.5,41.51,757.01
4132,796,RJ,2023-06-14,delivered,玩具,543.8,65.83,609.63
4132,796,RJ,2023-06-14,delivered,图书,59.64,5.03,64.67
4132,796,RJ,2023-06-14,delivered,电脑配件,375.05,60.54,435.59000000000003
4133,796,RJ,2024-04-02,delivered,运动休闲,273.67,54.26,327.93
4133,796,RJ,2024-04-02,delivered,运动休闲,523.81,52.62,576.43
4134,796,RJ,2024-06-13,canceled,家居家具,320.23,21.8,342.03000000000003
4134,796,RJ,2024-06-13,canceled,图书,527.18,69.25,596.43
4135,796,RJ,2023-05-18,delivered,运动休闲,147.61,22.06,169.67000000000002
4135,796,RJ,2023-05-18,delivered,图书,173.72,23.45,197.17
4135,796,RJ,2023-05-18,delivered,厨具,143.52,28.43,171.95000000000002
4136,796,RJ,2024-11-05,delivered,运动休闲,791.24,152.63,943.87
4136,796,RJ,2024-11-05,delivered,运动休闲,243.12,41.52,284.64
4137,796,RJ,2023-03-28,delivered,厨具,619.1,80.75,699.85
4137,796,RJ,2023-03-28,delivered,服饰,117.46,19.4,136.85999999999999
4137,796,RJ,2023-03-28,delivered,运动休闲,580.55,64.67,645.2199999999999
4138,796,RJ,2024-11-26,delivered,玩具,233.46,20.49,253.95000000000002
4139,796,RJ,2023-09-29,delivered,电子产品,22.44,2.18,24.62
4139,796,RJ,2023-09-29,delivered,图书,100.74,17.12,117.86
4140,797,CE,2024-12-28,delivered,电脑配件,374.52,46.86,421.38
4141,798,PE,2024-05-17,delivered,图书,319.74,27.54,347.28000000000003
4141,798,PE,2024-05-17,delivered,玩具,236.83,26.4,263.23
4141,798,PE,2024-05-17,delivered,服饰,696.77,71.5,768.27
4142,799,RS,2024-06-12,delivered,运动休闲,373.41,63.96,437.37
4143,800,SC,2023-03-07,delivered,厨具,224.64,17.89,242.52999999999997
4143,800,SC,2023-03-07,delivered,服饰,328.65,34.55,363.2
4144,801,BA,2023-12-22,delivered,电脑配件,446.69,67.87,514.56
4144,801,BA,2023-12-22,delivered,服饰,692.79,49.02,741.81
4145,802,BA,2023-07-22,delivered,美妆健康,52.61,4.59,57.2
4146,803,RJ,2024-05-21,delivered,运动休闲,743.02,43.94,786.96
4146,803,RJ,2024-05-21,delivered,美妆健康,23.32,2.95,26.27
4146,803,RJ,2024-05-21,delivered,厨具,118.5,19.98,138.48
4147,804,DF,2024-06-07,delivered,电脑配件,778.08,83.75,861.83
4148,804,DF,2023-12-22,delivered,玩具,197.71,29.22,226.93
4148,804,DF,2023-12-22,delivered,美妆健康,116.98,16.08,133.06
4149,804,DF,2023-01-24,delivered,服饰,258.1,47.18,305.28000000000003
4150,804,DF,2024-11-16,delivered,玩具,162.11,14.84,176.95000000000002
4151,804,DF,2023-07-30,delivered,电脑配件,61.23,11.11,72.34
4151,804,DF,2023-07-30,delivered,美妆健康,581.64,47.28,628.92
4151,804,DF,2023-07-30,delivered,运动休闲,395.09,71.41,466.5
4152,804,DF,2023-12-26,delivered,厨具,362.04,22.17,384.21000000000004
4153,804,DF,2023-11-30,delivered,运动休闲,172.57,16.4,188.97
4154,804,DF,2024-04-24,delivered,宠物用品,192.54,34.63,227.17
4154,804,DF,2024-04-24,delivered,厨具,489.43,69.21,558.64
4154,804,DF,2024-04-24,delivered,厨具,181.89,24.6,206.48999999999998
4155,804,DF,2024-01-23,delivered,服饰,788.9,91.21,880.11
4156,804,DF,2024-10-03,delivered,图书,731.92,37.32,769.24
4156,804,DF,2024-10-03,delivered,厨具,351.0,64.59,415.59000000000003
4157,804,DF,2023-11-16,delivered,家居家具,250.96,15.8,266.76
4157,804,DF,2023-11-16,delivered,玩具,539.54,90.42,629.9599999999999
4158,804,DF,2023-01-07,delivered,美妆健康,763.02,60.13,823.15
4158,804,DF,2023-01-07,delivered,图书,440.57,52.52,493.09
4159,804,DF,2024-12-19,delivered,运动休闲,81.88,14.83,96.71
4159,804,DF,2024-12-19,delivered,家居家具,501.78,26.64,528.42
4160,804,DF,2023-07-12,delivered,电脑配件,319.43,18.53,337.96000000000004
4160,804,DF,2023-07-12,delivered,玩具,544.93,61.32,606.25
4161,804,DF,2024-11-18,delivered,服饰,358.95,65.9,424.85
4161,804,DF,2024-11-18,delivered,图书,474.22,72.73,546.95
4162,804,DF,2024-06-05,delivered,厨具,103.69,17.56,121.25
4162,804,DF,2024-06-05,delivered,家居家具,190.13,15.71,205.84
4162,804,DF,2024-06-05,delivered,电子产品,341.34,39.55,380.89
4163,804,DF,2024-09-22,delivered,玩具,714.62,80.56,795.1800000000001
4163,804,DF,2024-09-22,delivered,电子产品,541.2,64.04,605.24
4163,804,DF,2024-09-22,delivered,玩具,103.56,15.67,119.23
4164,804,DF,2024-02-15,delivered,玩具,249.5,14.6,264.1
4165,804,DF,2023-06-16,delivered,运动休闲,587.27,66.37,653.64
4166,804,DF,2024-11-02,delivered,家居家具,246.26,31.85,278.11
4166,804,DF,2024-11-02,delivered,图书,527.87,78.46,606.33
4167,804,DF,2024-09-14,delivered,厨具,572.16,69.4,641.56
4168,804,DF,2024-03-23,delivered,宠物用品,319.71,45.68,365.39
4169,804,DF,2024-06-01,delivered,图书,786.38,131.76,918.14
4169,804,DF,2024-06-01,delivered,服饰,387.35,66.56,453.91
4169,804,DF,2024-06-01,delivered,家居家具,697.73,73.23,770.96
4170,804,DF,2024-01-10,delivered,电脑配件,438.27,29.64,467.90999999999997
4170,804,DF,2024-01-10,delivered,玩具,105.72,6.36,112.08
4171,804,DF,2024-03-28,delivered,美妆健康,423.83,36.49,460.32
4171,804,DF,2024-03-28,delivered,服饰,696.68,131.29,827.9699999999999
4172,804,DF,2023-11-25,delivered,家居家具,125.95,19.86,145.81
4172,804,DF,2023-11-25,delivered,美妆健康,475.83,48.61,524.4399999999999
4173,804,DF,2024-08-11,delivered,家居家具,140.08,17.08,157.16000000000003
4173,804,DF,2024-08-11,delivered,玩具,521.16,53.32,574.48
4173,804,DF,2024-08-11,delivered,电子产品,641.06,62.94,704.0
4174,804,DF,2023-07-15,delivered,电脑配件,226.02,13.84,239.86
4175,804,DF,2024-09-21,delivered,宠物用品,47.21,9.33,56.54
4175,804,DF,2024-09-21,delivered,服饰,769.8,63.25,833.05
4175,804,DF,2024-09-21,delivered,玩具,129.35,11.4,140.75
4176,804,DF,2023-04-30,delivered,图书,442.52,54.59,497.11
4176,804,DF,2023-04-30,delivered,运动休闲,479.49,28.48,507.97
4176,804,DF,2023-04-30,delivered,运动休闲,443.37,81.46,524.83
4177,804,DF,2024-06-13,delivered,服饰,452.87,51.97,504.84000000000003
4177,804,DF,2024-06-13,delivered,图书,739.13,143.82,882.95
4177,804,DF,2024-06-13,delivered,服饰,20.88,1.38,22.259999999999998
4178,804,DF,2024-01-03,delivered,美妆健康,607.94,30.87,638.8100000000001
4179,804,DF,2024-02-08,delivered,家居家具,337.5,61.53,399.03
4180,804,DF,2024-07-01,delivered,厨具,339.67,53.8,393.47
4180,804,DF,2024-07-01,delivered,运动休闲,745.9,59.87,805.77
4180,804,DF,2024-07-01,delivered,宠物用品,617.15,40.21,657.36
4181,804,DF,2023-01-12,delivered,电脑配件,355.31,64.6,419.90999999999997
4181,804,DF,2023-01-12,delivered,电子产品,550.18,36.95,587.13
4181,804,DF,2023-01-12,delivered,美妆健康,394.95,73.68,468.63
4182,804,DF,2024-04-02,delivered,家居家具,449.43,86.85,536.28
4183,804,DF,2024-01-07,delivered,厨具,101.95,12.79,114.74000000000001
4184,804,DF,2024-10-03,delivered,宠物用品,776.98,119.23,896.21
4184,804,DF,2024-10-03,delivered,美妆健康,399.92,42.96,442.88
4184,804,DF,2024-10-03,delivered,厨具,472.74,39.56,512.3
4185,804,DF,2023-04-24,delivered,美妆健康,553.53,68.95,622.48
4186,804,DF,2023-01-12,delivered,美妆健康,272.18,23.77,295.95
4186,804,DF,2023-01-12,delivered,家居家具,477.36,24.24,501.6
4186,804,DF,2023-01-12,delivered,厨具,172.18,8.75,180.93
4187,804,DF,2023-12-21,delivered,运动休闲,581.85,88.2,670.0500000000001
4188,804,DF,2023-11-28,delivered,图书,86.92,16.23,103.15
4188,804,DF,2023-11-28,delivered,运动休闲,228.67,37.65,266.32
4189,804,DF,2023-11-12,delivered,家居家具,323.63,20.51,344.14
4190,804,DF,2024-12-21,canceled,电子产品,436.76,54.32,491.08
4190,804,DF,2024-12-21,canceled,服饰,504.11,67.93,572.04
4191,804,DF,2023-03-06,delivered,家居家具,769.38,144.4,913.78
4191,804,DF,2023-03-06,delivered,运动休闲,170.71,16.21,186.92000000000002
4191,804,DF,2023-03-06,delivered,玩具,463.36,90.57,553.9300000000001
4192,804,DF,2023-03-04,delivered,家居家具,220.88,17.94,238.82
4193,804,DF,2023-08-11,delivered,运动休闲,650.7,64.27,714.97
4194,804,DF,2024-01-16,delivered,运动休闲,385.11,50.32,435.43
4194,804,DF,2024-01-16,delivered,运动休闲,263.77,34.43,298.2
4195,804,DF,2023-06-04,delivered,服饰,69.03,12.92,81.95
4196,804,DF,2023-04-09,delivered,玩具,97.21,17.11,114.32
4196,804,DF,2023-04-09,delivered,服饰,209.02,11.58,220.60000000000002
4197,804,DF,2023-08-18,delivered,服饰,46.31,6.74,53.050000000000004
4198,804,DF,2023-06-17,delivered,家居家具,306.25,28.08,334.33
4199,804,DF,2024-01-29,canceled,厨具,696.61,138.54,835.15
4199,804,DF,2024-01-29,canceled,运动休闲,582.34,87.14,669.48
4200,804,DF,2024-11-25,delivered,服饰,583.83,48.88,632.71
4200,804,DF,2024-11-25,delivered,图书,75.58,13.71,89.28999999999999
4200,804,DF,2024-11-25,delivered,图书,351.87,18.92,370.79
4201,804,DF,2024-09-24,delivered,电子产品,737.31,89.62,826.93
4201,804,DF,2024-09-24,delivered,家居家具,288.69,54.86,343.55
4202,805,RJ,2024-05-18,delivered,电脑配件,501.11,97.64,598.75
4203,806,MG,2023-11-19,delivered,宠物用品,772.75,71.13,843.88
4204,807,PA,2023-07-11,delivered,服饰,714.77,84.33,799.1
4205,808,CE,2024-10-01,delivered,图书,736.65,137.65,874.3
4205,808,CE,2024-10-01,delivered,厨具,125.92,10.63,136.55
4205,808,CE,2024-10-01,delivered,宠物用品,30.41,2.97,33.38
4206,809,RS,2024-05-20,delivered,运动休闲,44.49,3.92,48.410000000000004
4206,809,RS,2024-05-20,delivered,运动休闲,271.6,37.26,308.86
4206,809,RS,2024-05-20,delivered,电子产品,578.51,47.54,626.05
4207,810,PR,2024-07-25,delivered,宠物用品,210.33,40.33,250.66000000000003
4207,810,PR,2024-07-25,delivered,运动休闲,638.17,108.8,746.9699999999999
4208,811,MG,2024-05-26,delivered,美妆健康,428.71,85.52,514.23
4208,811,MG,2024-05-26,delivered,厨具,121.87,8.86,130.73000000000002
4209,812,DF,2023-05-18,delivered,厨具,516.74,59.33,576.07
4210,813,AM,2023-08-01,delivered,家居家具,491.4,72.87,564.27
4210,813,AM,2023-08-01,delivered,电脑配件,88.13,10.88,99.00999999999999
4210,813,AM,2023-08-01,delivered,电子产品,413.88,65.17,479.05
4211,814,CE,2024-06-22,delivered,家居家具,250.3,21.51,271.81
4212,815,RS,2023-12-25,delivered,图书,566.82,48.12,614.94
4212,815,RS,2023-12-25,delivered,电子产品,358.08,71.1,429.17999999999995
4212,815,RS,2023-12-25,delivered,图书,460.44,36.72,497.15999999999997
4213,816,RJ,2023-06-05,delivered,电脑配件,737.76,125.92,863.68
4214,816,RJ,2023-10-19,delivered,宠物用品,79.36,4.27,83.63
4214,816,RJ,2023-10-19,delivered,家居家具,595.52,41.83,637.35
4215,816,RJ,2023-08-01,delivered,服饰,121.99,12.2,134.19
4215,816,RJ,2023-08-01,delivered,电子产品,409.79,53.93,463.72
4215,816,RJ,2023-08-01,delivered,美妆健康,76.58,5.04,81.62
4216,816,RJ,2024-12-15,delivered,运动休闲,259.82,17.33,277.15
4216,816,RJ,2024-12-15,delivered,电脑配件,687.61,128.8,816.4100000000001
4217,816,RJ,2024-11-17,delivered,厨具,245.13,36.93,282.06
4218,816,RJ,2024-02-13,delivered,厨具,753.64,149.51,903.15
4218,816,RJ,2024-02-13,delivered,家居家具,252.15,43.71,295.86
4218,816,RJ,2024-02-13,delivered,图书,741.08,61.48,802.5600000000001
4219,816,RJ,2024-10-31,delivered,电子产品,547.53,106.27,653.8
4219,816,RJ,2024-10-31,delivered,图书,231.62,28.02,259.64
4219,816,RJ,2024-10-31,delivered,电子产品,249.05,27.91,276.96000000000004
4220,816,RJ,2023-06-26,delivered,玩具,744.77,83.33,828.1
4220,816,RJ,2023-06-26,delivered,服饰,261.44,21.19,282.63
4220,816,RJ,2023-06-26,delivered,家居家具,590.45,32.89,623.34
4221,816,RJ,2023-02-25,delivered,美妆健康,510.39,56.17,566.56
4221,816,RJ,2023-02-25,delivered,服饰,768.53,107.99,876.52
4221,816,RJ,2023-02-25,delivered,玩具,361.41,70.14,431.55
4222,816,RJ,2024-03-28,delivered,运动休闲,521.11,85.2,606.3100000000001
4223,816,RJ,2024-12-25,delivered,电脑配件,142.08,23.64,165.72000000000003
4223,816,RJ,2024-12-25,delivered,电脑配件,215.33,28.38,243.71
4223,816,RJ,2024-12-25,delivered,运动休闲,531.5,33.85,565.35
4224,816,RJ,2024-05-11,delivered,电脑配件,355.37,55.23,410.6
4224,816,RJ,2024-05-11,delivered,厨具,780.42,85.2,865.62
4225,816,RJ,2023-11-16,canceled,电子产品,575.53,34.15,609.68
4226,816,RJ,2023-10-24,delivered,玩具,455.58,37.4,492.97999999999996
4226,816,RJ,2023-10-24,delivered,宠物用品,378.09,54.38,432.46999999999997
4226,816,RJ,2023-10-24,delivered,厨具,400.37,60.45,460.82
4227,816,RJ,2024-11-18,delivered,电子产品,403.95,29.75,433.7
4227,816,RJ,2024-11-18,delivered,电脑配件,417.56,41.59,459.15
4228,816,RJ,2023-09-11,delivered,运动休闲,493.73,89.69,583.4200000000001
4228,816,RJ,2023-09-11,delivered,家居家具,417.92,42.36,460.28000000000003
4228,816,RJ,2023-09-11,delivered,图书,718.61,142.79,861.4
4229,816,RJ,2024-05-06,delivered,运动休闲,341.15,45.18,386.33
4230,816,RJ,2023-05-07,delivered,运动休闲,49.81,9.43,59.24
4230,816,RJ,2023-05-07,delivered,电子产品,168.76,8.71,177.47
4230,816,RJ,2023-05-07,delivered,电脑配件,731.86,116.99,848.85
4231,816,RJ,2023-06-09,delivered,玩具,491.91,84.81,576.72
4232,816,RJ,2024-02-04,delivered,家居家具,749.2,110.5,859.7
4232,816,RJ,2024-02-04,delivered,美妆健康,309.87,47.71,357.58
4233,816,RJ,2024-06-03,delivered,美妆健康,436.28,24.96,461.23999999999995
4233,816,RJ,2024-06-03,delivered,图书,525.87,71.36,597.23
4233,816,RJ,2024-06-03,delivered,电子产品,634.49,58.28,692.77
4234,816,RJ,2023-07-10,delivered,电脑配件,702.07,70.08,772.1500000000001
4235,816,RJ,2023-05-24,delivered,运动休闲,29.81,3.77,33.58
4235,816,RJ,2023-05-24,delivered,美妆健康,258.59,15.67,274.26
4236,816,RJ,2024-05-02,delivered,宠物用品,337.56,18.77,356.33
4236,816,RJ,2024-05-02,delivered,服饰,26.63,4.08,30.71
4237,816,RJ,2023-08-11,delivered,厨具,294.72,43.08,337.8
4238,816,RJ,2024-06-07,delivered,图书,90.79,16.84,107.63000000000001
4238,816,RJ,2024-06-07,delivered,图书,761.85,120.29,882.14
4238,816,RJ,2024-06-07,delivered,电脑配件,746.81,54.73,801.54
4239,816,RJ,2024-04-11,delivered,美妆健康,496.24,70.87,567.11
4239,816,RJ,2024-04-11,delivered,运动休闲,271.84,19.23,291.07
4240,816,RJ,2023-10-05,delivered,运动休闲,422.21,39.74,461.95
4240,816,RJ,2023-10-05,delivered,运动休闲,380.29,67.78,448.07000000000005
4241,816,RJ,2024-05-02,delivered,玩具,497.33,65.97,563.3
4241,816,RJ,2024-05-02,delivered,电脑配件,150.18,16.21,166.39000000000001
4241,816,RJ,2024-05-02,delivered,宠物用品,45.09,5.05,50.14
4242,816,RJ,2023-07-19,delivered,家居家具,568.93,96.75,665.68
4242,816,RJ,2023-07-19,delivered,家居家具,479.98,52.98,532.96
4243,816,RJ,2024-10-23,delivered,电子产品,445.05,80.76,525.8100000000001
4243,816,RJ,2024-10-23,delivered,家居家具,254.14,50.52,304.65999999999997
4244,816,RJ,2023-07-04,delivered,美妆健康,671.44,107.2,778.6400000000001
4244,816,RJ,2023-07-04,delivered,厨具,732.18,112.54,844.7199999999999
4245,816,RJ,2023-08-26,delivered,服饰,721.16,93.24,814.4
4245,816,RJ,2023-08-26,delivered,服饰,477.63,47.08,524.71
4245,816,RJ,2023-08-26,delivered,服饰,658.24,127.71,785.95
4246,816,RJ,2024-05-13,delivered,电子产品,690.01,85.17,775.18
4246,816,RJ,2024-05-13,delivered,玩具,165.02,16.26,181.28
4246,816,RJ,2024-05-13,delivered,图书,353.06,25.42,378.48
4247,816,RJ,2024-09-20,delivered,厨具,454.51,37.94,492.45
4247,816,RJ,2024-09-20,delivered,图书,137.85,16.0,153.85
4248,816,RJ,2024-12-05,canceled,电脑配件,429.03,44.61,473.64
4249,816,RJ,2024-12-01,delivered,玩具,168.92,14.81,183.73
4249,816,RJ,2024-12-01,delivered,家居家具,654.94,117.35,772.2900000000001
4250,816,RJ,2024-11-17,delivered,家居家具,547.38,108.51,655.89
4250,816,RJ,2024-11-17,delivered,美妆健康,475.41,89.66,565.07
4250,816,RJ,2024-11-17,delivered,美妆健康,687.12,61.49,748.61
4251,816,RJ,2024-02-23,delivered,服饰,522.17,103.86,626.03
4251,816,RJ,2024-02-23,delivered,图书,169.14,21.35,190.48999999999998
4252,816,RJ,2023-02-25,delivered,运动休闲,130.01,13.94,143.95
4252,816,RJ,2023-02-25,delivered,服饰,93.98,13.34,107.32000000000001
4253,816,RJ,2024-01-19,delivered,服饰,179.06,27.01,206.07
4254,816,RJ,2024-08-25,delivered,电子产品,688.95,63.48,752.4300000000001
4254,816,RJ,2024-08-25,delivered,电子产品,622.8,106.3,729.0999999999999
4254,816,RJ,2024-08-25,delivered,图书,730.25,126.7,856.95
4255,816,RJ,2023-01-08,delivered,电子产品,360.34,21.73,382.07
4255,816,RJ,2023-01-08,delivered,家居家具,352.26,49.36,401.62
4255,816,RJ,2023-01-08,delivered,玩具,492.59,38.55,531.14
4256,816,RJ,2024-12-25,delivered,电子产品,546.82,53.09,599.9100000000001
4256,816,RJ,2024-12-25,delivered,宠物用品,490.38,56.87,547.25
4257,816,RJ,2024-10-04,delivered,服饰,62.26,8.29,70.55
4257,816,RJ,2024-10-04,delivered,服饰,128.96,10.36,139.32
4257,816,RJ,2024-10-04,delivered,厨具,231.1,34.03,265.13
4258,816,RJ,2024-08-25,delivered,服饰,796.09,133.87,929.96
4259,816,RJ,2023-02-17,delivered,图书,34.05,2.81,36.86
4259,816,RJ,2023-02-17,delivered,电子产品,45.71,6.14,51.85
4260,816,RJ,2023-11-10,delivered,电子产品,751.32,45.38,796.7
4260,816,RJ,2023-11-10,delivered,电脑配件,506.42,35.22,541.64
4260,816,RJ,2023-11-10,delivered,玩具,345.66,40.49,386.15000000000003
4261,816,RJ,2023-10-18,delivered,图书,553.03,29.31,582.3399999999999
4262,816,RJ,2023-04-21,delivered,电脑配件,213.03,40.05,253.07999999999998
4262,816,RJ,2023-04-21,delivered,美妆健康,726.91,48.35,775.26
4262,816,RJ,2023-04-21,delivered,厨具,133.74,23.76,157.5
4263,816,RJ,2024-06-17,delivered,服饰,315.28,37.39,352.66999999999996
4263,816,RJ,2024-06-17,delivered,玩具,708.45,50.34,758.7900000000001
4263,816,RJ,2024-06-17,delivered,玩具,149.66,19.1,168.76
4264,816,RJ,2023-12-01,delivered,玩具,411.17,69.63,480.8
4264,816,RJ,2023-12-01,delivered,厨具,233.59,27.69,261.28000000000003
4264,816,RJ,2023-12-01,delivered,运动休闲,535.32,101.26,636.58
4265,816,RJ,2023-06-23,delivered,玩具,351.0,64.6,415.6
4265,816,RJ,2023-06-23,delivered,电脑配件,681.7,72.16,753.86
4266,816,RJ,2023-12-08,delivered,玩具,798.79,48.11,846.9
4266,816,RJ,2023-12-08,delivered,图书,631.76,106.26,738.02
4267,816,RJ,2023-06-20,delivered,玩具,572.98,95.51,668.49
4267,816,RJ,2023-06-20,delivered,电子产品,269.91,18.51,288.42
4267,816,RJ,2023-06-20,delivered,运动休闲,253.49,24.44,277.93
4268,816,RJ,2023-12-04,delivered,电子产品,705.57,39.32,744.8900000000001
4268,816,RJ,2023-12-04,delivered,电子产品,603.58,64.92,668.5
4269,816,RJ,2023-08-07,delivered,玩具,133.84,9.84,143.68
4270,816,RJ,2024-10-26,delivered,运动休闲,117.63,13.2,130.82999999999998
4271,816,RJ,2023-11-09,delivered,服饰,203.0,13.44,216.44
4271,816,RJ,2023-11-09,delivered,玩具,95.54,17.38,112.92
4271,816,RJ,2023-11-09,delivered,美妆健康,95.89,17.94,113.83
4272,816,RJ,2024-07-23,delivered,厨具,561.83,97.86,659.69
4273,816,RJ,2024-02-23,delivered,玩具,695.75,83.26,779.01
4273,816,RJ,2024-02-23,delivered,家居家具,314.85,46.86,361.71000000000004
4274,816,RJ,2023-05-30,delivered,厨具,642.54,59.64,702.18
4275,816,RJ,2023-08-29,delivered,电脑配件,389.28,30.5,419.78
4276,816,RJ,2024-01-09,delivered,图书,578.95,44.39,623.34
4277,816,RJ,2024-09-10,delivered,家居家具,55.7,5.17,60.870000000000005
4277,816,RJ,2024-09-10,delivered,玩具,510.99,41.59,552.58
4277,816,RJ,2024-09-10,delivered,家居家具,771.75,71.9,843.65
4278,816,RJ,2023-09-17,delivered,图书,171.51,19.72,191.23
4278,816,RJ,2023-09-17,delivered,电脑配件,651.15,49.85,701.0
4278,816,RJ,2023-09-17,delivered,服饰,232.12,26.59,258.71
4279,816,RJ,2023-02-16,delivered,家居家具,582.1,40.77,622.87
4279,816,RJ,2023-02-16,delivered,运动休闲,717.43,121.39,838.8199999999999
4279,816,RJ,2023-02-16,delivered,服饰,475.89,49.43,525.3199999999999
4280,816,RJ,2024-04-23,delivered,玩具,520.14,97.51,617.65
4280,816,RJ,2024-04-23,delivered,美妆健康,692.13,70.7,762.83
4280,816,RJ,2024-04-23,delivered,宠物用品,711.11,49.0,760.11
4281,816,RJ,2024-09-05,delivered,厨具,284.21,37.07,321.28
4282,816,RJ,2024-07-06,delivered,服饰,617.8,69.09,686.89
4282,816,RJ,2024-07-06,delivered,厨具,540.95,56.04,596.99
4282,816,RJ,2024-07-06,delivered,运动休闲,252.48,16.8,269.28
4283,816,RJ,2023-12-30,delivered,家居家具,529.39,50.46,579.85
4284,816,RJ,2024-03-02,delivered,服饰,436.44,52.53,488.97
4284,816,RJ,2024-03-02,delivered,运动休闲,423.87,68.22,492.09000000000003
4284,816,RJ,2024-03-02,delivered,宠物用品,550.29,48.98,599.27
4285,816,RJ,2023-09-28,delivered,厨具,541.42,76.31,617.73
4285,816,RJ,2023-09-28,delivered,图书,300.26,26.72,326.98
4286,816,RJ,2023-10-26,delivered,电脑配件,428.64,39.6,468.24
4287,816,RJ,2023-09-05,delivered,电脑配件,52.05,4.17,56.22
4287,816,RJ,2023-09-05,delivered,玩具,780.06,97.89,877.9499999999999
4288,816,RJ,2024-04-05,delivered,电子产品,130.31,17.69,148.0
4288,816,RJ,2024-04-05,delivered,玩具,347.45,32.01,379.46
4289,816,RJ,2024-07-04,delivered,电脑配件,742.0,47.5,789.5
4289,816,RJ,2024-07-04,delivered,宠物用品,466.0,48.18,514.18
4290,816,RJ,2024-09-13,delivered,运动休闲,662.07,101.69,763.76
4290,816,RJ,2024-09-13,delivered,家居家具,473.18,37.63,510.81
4291,816,RJ,2023-12-02,delivered,图书,561.09,82.66,643.75
4291,816,RJ,2023-12-02,delivered,电子产品,764.57,138.7,903.27
4291,816,RJ,2023-12-02,delivered,运动休闲,92.63,11.31,103.94
4292,817,PA,2023-11-22,delivered,运动休闲,279.14,44.38,323.52
4293,818,PR,2024-03-10,delivered,美妆健康,376.72,31.39,408.11
4294,819,BA,2023-01-06,delivered,宠物用品,786.13,104.14,890.27
4295,820,PE,2024-05-20,delivered,电脑配件,669.82,53.33,723.1500000000001
4296,820,PE,2024-04-14,delivered,运动休闲,661.05,56.52,717.5699999999999
4296,820,PE,2024-04-14,delivered,家居家具,786.54,129.53,916.0699999999999
4296,820,PE,2024-04-14,delivered,宠物用品,306.26,25.46,331.71999999999997
4297,820,PE,2023-08-11,delivered,电子产品,501.06,44.56,545.62
4297,820,PE,2023-08-11,delivered,图书,102.33,18.83,121.16
4297,820,PE,2023-08-11,delivered,厨具,194.07,33.8,227.87
4298,820,PE,2023-09-09,delivered,服饰,436.99,86.86,523.85
4299,820,PE,2023-11-21,delivered,运动休闲,280.59,30.03,310.62
4299,820,PE,2023-11-21,delivered,玩具,144.1,8.36,152.45999999999998
4300,820,PE,2023-04-16,delivered,家居家具,352.79,60.19,412.98
4301,820,PE,2023-07-10,delivered,玩具,537.28,71.78,609.06
4301,820,PE,2023-07-10,delivered,家居家具,86.19,15.5,101.69
4302,820,PE,2023-10-25,delivered,服饰,413.56,67.31,480.87
4302,820,PE,2023-10-25,delivered,电子产品,654.11,68.88,722.99
4302,820,PE,2023-10-25,delivered,家居家具,86.7,13.47,100.17
4303,820,PE,2023-11-02,delivered,玩具,709.67,42.03,751.6999999999999
4303,820,PE,2023-11-02,delivered,服饰,638.57,119.3,757.87
4304,820,PE,2023-03-11,delivered,厨具,322.84,57.62,380.46
4305,820,PE,2023-12-17,delivered,电脑配件,643.3,36.4,679.6999999999999
4305,820,PE,2023-12-17,delivered,美妆健康,235.64,11.96,247.6
4305,820,PE,2023-12-17,delivered,运动休闲,705.56,107.15,812.7099999999999
4306,820,PE,2024-11-23,delivered,服饰,437.95,79.95,517.9
4306,820,PE,2024-11-23,delivered,运动休闲,721.73,73.59,795.32
4306,820,PE,2024-11-23,delivered,宠物用品,357.07,64.64,421.71
4307,820,PE,2024-10-17,delivered,图书,274.75,15.48,290.23
4307,820,PE,2024-10-17,delivered,美妆健康,88.25,8.33,96.58
4307,820,PE,2024-10-17,delivered,电子产品,727.91,37.81,765.72
4308,820,PE,2023-06-30,canceled,服饰,758.31,105.03,863.3399999999999
4308,820,PE,2023-06-30,canceled,运动休闲,461.69,64.63,526.3199999999999
4309,820,PE,2024-05-13,delivered,图书,669.79,90.86,760.65
4309,820,PE,2024-05-13,delivered,玩具,71.66,8.92,80.58
4309,820,PE,2024-05-13,delivered,厨具,248.09,19.51,267.6
4310,820,PE,2023-03-06,delivered,玩具,21.25,3.88,25.13
4311,820,PE,2024-05-30,canceled,运动休闲,157.36,9.77,167.13000000000002
4311,820,PE,2024-05-30,canceled,厨具,255.51,40.43,295.94
4312,820,PE,2023-01-24,delivered,美妆健康,407.54,60.06,467.6
4313,820,PE,2023-03-19,delivered,电脑配件,515.09,75.12,590.21
4313,820,PE,2023-03-19,delivered,厨具,488.76,76.25,565.01
4314,820,PE,2024-07-14,delivered,图书,470.83,91.21,562.04
4314,820,PE,2024-07-14,delivered,电脑配件,577.45,56.67,634.12
4315,820,PE,2024-03-30,delivered,家居家具,625.0,121.06,746.06
4315,820,PE,2024-03-30,delivered,电脑配件,316.05,23.86,339.91
4316,820,PE,2023-09-06,delivered,运动休闲,39.8,6.88,46.68
4316,820,PE,2023-09-06,delivered,图书,188.63,11.26,199.89
4317,820,PE,2024-01-19,delivered,电子产品,108.18,7.21,115.39
4318,820,PE,2024-07-10,delivered,电脑配件,759.8,44.25,804.05
4318,820,PE,2024-07-10,delivered,服饰,137.81,26.57,164.38
4319,820,PE,2024-07-29,delivered,电脑配件,452.62,41.64,494.26
4320,820,PE,2023-01-09,canceled,玩具,23.93,4.44,28.37
4320,820,PE,2023-01-09,canceled,家居家具,668.1,42.1,710.2
4320,820,PE,2023-01-09,canceled,运动休闲,337.18,28.34,365.52
4321,820,PE,2023-12-14,delivered,美妆健康,286.88,28.52,315.4
4321,820,PE,2023-12-14,delivered,服饰,678.88,102.78,781.66
4321,820,PE,2023-12-14,delivered,服饰,330.8,51.37,382.17
4322,820,PE,2024-11-21,delivered,宠物用品,478.54,56.53,535.07
4322,820,PE,2024-11-21,delivered,图书,695.74,43.66,739.4
4323,820,PE,2024-02-03,delivered,电脑配件,116.2,21.92,138.12
4323,820,PE,2024-02-03,delivered,运动休闲,106.2,14.63,120.83
4323,820,PE,2024-02-03,delivered,图书,469.32,58.17,527.49
4324,820,PE,2023-11-02,delivered,家居家具,509.63,99.73,609.36
4324,820,PE,2023-11-02,delivered,图书,632.68,74.67,707.3499999999999
4325,820,PE,2024-04-17,canceled,服饰,666.81,122.14,788.9499999999999
4325,820,PE,2024-04-17,canceled,电子产品,539.89,95.67,635.56
4326,820,PE,2023-11-04,delivered,家居家具,252.37,28.74,281.11
4326,820,PE,2023-11-04,delivered,电子产品,121.25,20.19,141.44
4326,820,PE,2023-11-04,delivered,电子产品,222.31,39.56,261.87
4327,820,PE,2024-12-13,delivered,服饰,147.65,18.91,166.56
4328,820,PE,2024-07-31,delivered,美妆健康,512.3,47.52,559.8199999999999
4328,820,PE,2024-07-31,delivered,服饰,637.69,98.06,735.75
4328,820,PE,2024-07-31,delivered,厨具,334.42,59.26,393.68
4329,820,PE,2023-05-19,delivered,运动休闲,765.4,102.04,867.4399999999999
4329,820,PE,2023-05-19,delivered,图书,263.22,13.31,276.53000000000003
4330,820,PE,2024-08-07,delivered,运动休闲,743.38,108.08,851.46
4331,820,PE,2024-05-24,delivered,图书,24.31,1.33,25.64
4332,820,PE,2024-08-01,delivered,家居家具,404.72,22.66,427.38000000000005
4332,820,PE,2024-08-01,delivered,服饰,296.21,39.02,335.22999999999996
4332,820,PE,2024-08-01,delivered,美妆健康,56.59,11.02,67.61
4333,820,PE,2023-06-13,delivered,厨具,734.91,78.93,813.8399999999999
4333,820,PE,2023-06-13,delivered,美妆健康,73.87,10.2,84.07000000000001
4334,820,PE,2023-10-06,delivered,电脑配件,565.32,51.63,616.95
4334,820,PE,2023-10-06,delivered,电脑配件,415.6,51.36,466.96000000000004
4335,820,PE,2023-10-12,delivered,服饰,568.26,96.26,664.52
4336,820,PE,2023-03-04,delivered,运动休闲,635.52,55.3,690.8199999999999
4337,820,PE,2024-12-17,delivered,运动休闲,221.3,37.51,258.81
4338,820,PE,2024-12-11,delivered,宠物用品,185.76,26.23,211.98999999999998
4339,820,PE,2024-09-11,delivered,家居家具,652.59,32.92,685.51
4339,820,PE,2024-09-11,delivered,电脑配件,783.1,63.88,846.98
4340,820,PE,2024-05-28,delivered,宠物用品,609.63,110.97,720.6
4340,820,PE,2024-05-28,delivered,美妆健康,684.3,106.27,790.5699999999999
4341,820,PE,2024-10-05,delivered,运动休闲,512.27,41.26,553.53
4341,820,PE,2024-10-05,delivered,玩具,549.11,43.53,592.64
4341,820,PE,2024-10-05,delivered,玩具,795.68,121.63,917.31
4342,820,PE,2024-12-27,delivered,电脑配件,551.82,54.97,606.7900000000001
4342,820,PE,2024-12-27,delivered,电脑配件,614.3,81.74,696.04
4342,820,PE,2024-12-27,delivered,玩具,168.53,11.11,179.64
4343,820,PE,2024-05-24,delivered,家居家具,86.56,9.21,95.77000000000001
4344,820,PE,2023-07-30,delivered,厨具,445.56,87.83,533.39
4345,820,PE,2023-01-19,delivered,厨具,35.74,3.55,39.29
4345,820,PE,2023-01-19,delivered,电脑配件,368.54,47.17,415.71000000000004
4345,820,PE,2023-01-19,delivered,玩具,702.72,113.49,816.21
4346,820,PE,2024-05-20,delivered,玩具,753.58,120.71,874.2900000000001
4346,820,PE,2024-05-20,delivered,运动休闲,124.03,7.95,131.98
4347,820,PE,2023-04-19,delivered,运动休闲,93.06,11.3,104.36
4347,820,PE,2023-04-19,delivered,服饰,404.37,20.48,424.85
4347,820,PE,2023-04-19,delivered,电脑配件,401.2,45.12,446.32
4348,820,PE,2024-09-06,delivered,家居家具,507.87,64.51,572.38
4348,820,PE,2024-09-06,delivered,图书,766.11,146.39,912.5
4348,820,PE,2024-09-06,delivered,美妆健康,382.0,51.97,433.97
4349,820,PE,2023-10-25,delivered,宠物用品,246.63,40.4,287.03
4350,820,PE,2024-04-04,delivered,家居家具,330.38,30.78,361.15999999999997
4350,820,PE,2024-04-04,delivered,美妆健康,94.53,5.74,100.27
4350,820,PE,2024-04-04,delivered,运动休闲,527.62,58.11,585.73
4351,820,PE,2024-03-28,delivered,电子产品,359.03,25.13,384.15999999999997
4351,820,PE,2024-03-28,delivered,电脑配件,693.34,130.29,823.63
4351,820,PE,2024-03-28,delivered,家居家具,627.37,42.27,669.64
4352,820,PE,2024-12-30,delivered,电子产品,771.95,101.0,872.95
4353,820,PE,2024-02-04,delivered,运动休闲,537.22,52.27,589.49
4354,820,PE,2024-06-06,delivered,图书,231.43,35.43,266.86
4355,820,PE,2023-05-02,delivered,电子产品,28.46,4.03,32.49
4356,820,PE,2024-12-30,delivered,服饰,750.1,115.46,865.5600000000001
4356,820,PE,2024-12-30,delivered,宠物用品,680.57,96.92,777.49
4356,820,PE,2024-12-30,delivered,图书,752.66,80.76,833.42
4357,821,PE,2024-06-10,canceled,家居家具,91.05,5.02,96.07
4358,822,SC,2023-04-19,canceled,宠物用品,463.71,51.47,515.18
4358,822,SC,2023-04-19,canceled,运动休闲,453.05,32.63,485.68
4358,822,SC,2023-04-19,canceled,宠物用品,796.93,41.47,838.4
4359,823,SP,2023-11-21,canceled,图书,781.45,46.77,828.22
4359,823,SP,2023-11-21,canceled,宠物用品,341.76,51.41,393.16999999999996
4359,823,SP,2023-11-21,canceled,电子产品,222.6,28.99,251.59
4360,824,MG,2024-12-03,delivered,图书,311.4,19.96,331.35999999999996
4361,825,SP,2024-12-22,delivered,服饰,70.37,5.18,75.55000000000001
4361,825,SP,2024-12-22,delivered,服饰,556.24,83.12,639.36
4361,825,SP,2024-12-22,delivered,宠物用品,67.47,12.91,80.38
4362,826,PE,2024-12-24,delivered,运动休闲,25.47,1.44,26.91
4362,826,PE,2024-12-24,delivered,服饰,360.75,26.6,387.35
4363,826,PE,2024-09-21,delivered,厨具,206.52,21.74,228.26000000000002
4363,826,PE,2024-09-21,delivered,家居家具,683.75,88.52,772.27
4363,826,PE,2024-09-21,delivered,宠物用品,181.14,9.61,190.75
4364,826,PE,2024-11-20,delivered,运动休闲,441.43,82.37,523.8
4364,826,PE,2024-11-20,delivered,宠物用品,188.67,17.17,205.83999999999997
4365,826,PE,2024-07-23,delivered,运动休闲,127.86,23.81,151.67
4366,826,PE,2023-10-16,delivered,图书,624.83,79.31,704.1400000000001
4367,826,PE,2024-09-01,delivered,运动休闲,405.06,37.9,442.96
4367,826,PE,2024-09-01,delivered,电脑配件,664.21,75.7,739.9100000000001
4368,826,PE,2023-05-27,delivered,运动休闲,499.77,33.48,533.25
4368,826,PE,2023-05-27,delivered,运动休闲,415.78,31.86,447.64
4369,826,PE,2024-10-07,delivered,电子产品,280.54,38.61,319.15000000000003
4369,826,PE,2024-10-07,delivered,电脑配件,318.84,44.44,363.28
4369,826,PE,2024-10-07,delivered,家居家具,425.73,23.94,449.67
4370,826,PE,2024-12-18,delivered,电脑配件,34.7,6.23,40.93000000000001
4370,826,PE,2024-12-18,delivered,美妆健康,263.02,42.66,305.67999999999995
4370,826,PE,2024-12-18,delivered,电子产品,715.49,62.36,777.85
4371,826,PE,2024-05-15,delivered,家居家具,100.88,5.58,106.46
4372,826,PE,2024-08-29,delivered,美妆健康,430.89,57.8,488.69
4373,826,PE,2023-12-06,delivered,厨具,795.99,101.08,897.07
4373,826,PE,2023-12-06,delivered,家居家具,439.56,72.02,511.58
4374,826,PE,2023-11-30,delivered,宠物用品,198.19,17.89,216.07999999999998
4374,826,PE,2023-11-30,delivered,运动休闲,644.71,109.7,754.4100000000001
4375,826,PE,2024-10-15,delivered,服饰,395.67,74.12,469.79
4376,826,PE,2024-11-27,delivered,美妆健康,151.77,21.29,173.06
4376,826,PE,2024-11-27,delivered,电脑配件,557.84,33.74,591.58
4377,826,PE,2024-07-20,delivered,宠物用品,510.95,71.03,581.98
4377,826,PE,2024-07-20,delivered,玩具,192.65,32.97,225.62
4378,826,PE,2024-11-10,delivered,玩具,380.29,72.6,452.89
4378,826,PE,2024-11-10,delivered,厨具,500.6,46.23,546.83
4378,826,PE,2024-11-10,delivered,电脑配件,431.1,48.51,479.61
4379,826,PE,2023-10-30,delivered,服饰,458.84,49.1,507.94
4380,826,PE,2024-04-06,delivered,服饰,610.75,103.82,714.5699999999999
4380,826,PE,2024-04-06,delivered,服饰,494.05,28.38,522.4300000000001
4380,826,PE,2024-04-06,delivered,美妆健康,491.01,56.36,547.37
4381,826,PE,2023-05-19,delivered,家居家具,102.18,18.19,120.37
4381,826,PE,2023-05-19,delivered,美妆健康,556.7,95.28,651.98
4381,826,PE,2023-05-19,delivered,图书,61.18,6.68,67.86
4382,826,PE,2024-10-03,delivered,美妆健康,168.74,12.55,181.29000000000002
4382,826,PE,2024-10-03,delivered,家居家具,92.02,6.85,98.86999999999999
4382,826,PE,2024-10-03,delivered,服饰,172.71,13.42,186.13
4383,826,PE,2024-09-29,canceled,图书,518.69,93.46,612.1500000000001
4384,826,PE,2023-08-02,delivered,服饰,631.71,48.47,680.1800000000001
4385,826,PE,2024-12-27,canceled,图书,186.22,14.93,201.15
4385,826,PE,2024-12-27,canceled,服饰,784.01,123.19,907.2
4385,826,PE,2024-12-27,canceled,运动休闲,723.41,50.91,774.3199999999999
4386,826,PE,2024-01-08,delivered,电子产品,780.72,150.97,931.69
4386,826,PE,2024-01-08,delivered,厨具,99.39,14.51,113.9
4387,826,PE,2024-06-14,delivered,运动休闲,239.97,42.91,282.88
4388,826,PE,2023-07-02,delivered,宠物用品,667.13,84.26,751.39
4388,826,PE,2023-07-02,delivered,服饰,536.02,97.42,633.4399999999999
4389,826,PE,2024-10-16,delivered,电脑配件,243.84,29.31,273.15
4390,826,PE,2024-02-01,delivered,美妆健康,98.54,13.2,111.74000000000001
4390,826,PE,2024-02-01,delivered,图书,697.81,63.1,760.91
4390,826,PE,2024-02-01,delivered,美妆健康,127.18,19.91,147.09
4391,826,PE,2024-06-16,delivered,美妆健康,497.84,40.04,537.88
4391,826,PE,2024-06-16,delivered,电子产品,558.37,47.47,605.84
4392,826,PE,2023-04-22,delivered,玩具,68.34,4.57,72.91
4393,826,PE,2024-10-03,delivered,厨具,373.2,39.01,412.21
4393,826,PE,2024-10-03,delivered,图书,462.7,57.67,520.37
4394,826,PE,2024-01-25,delivered,电子产品,493.25,67.39,560.64
4395,826,PE,2024-04-05,delivered,服饰,88.77,6.73,95.5
4395,826,PE,2024-04-05,delivered,电子产品,481.63,52.98,534.61
4396,826,PE,2024-04-10,delivered,玩具,405.47,59.31,464.78000000000003
4397,826,PE,2023-12-01,canceled,玩具,661.34,65.23,726.57
4398,826,PE,2023-12-29,delivered,服饰,92.88,7.2,100.08
4398,826,PE,2023-12-29,delivered,家居家具,175.29,15.89,191.18
4398,826,PE,2023-12-29,delivered,宠物用品,657.63,51.44,709.0699999999999
4399,826,PE,2023-12-13,delivered,美妆健康,702.25,74.36,776.61
4399,826,PE,2023-12-13,delivered,玩具,536.25,85.79,622.04
4400,826,PE,2024-09-10,delivered,家居家具,499.9,65.14,565.04
4400,826,PE,2024-09-10,delivered,美妆健康,262.86,18.32,281.18
4401,826,PE,2023-12-01,delivered,电子产品,299.02,54.84,353.86
4401,826,PE,2023-12-01,delivered,玩具,179.05,15.38,194.43
4401,826,PE,2023-12-01,delivered,电脑配件,547.76,43.85,591.61
4402,826,PE,2023-06-10,delivered,宠物用品,483.51,81.44,564.95
4402,826,PE,2023-06-10,delivered,图书,418.19,83.56,501.75
4402,826,PE,2023-06-10,delivered,玩具,570.46,56.72,627.1800000000001
4403,826,PE,2024-11-24,delivered,电子产品,245.2,45.79,290.99
4403,826,PE,2024-11-24,delivered,玩具,354.89,26.35,381.24
4403,826,PE,2024-11-24,delivered,家居家具,614.41,71.83,686.24
4404,826,PE,2024-11-13,delivered,服饰,236.27,12.66,248.93
4405,826,PE,2024-01-10,delivered,玩具,643.65,35.12,678.77
4405,826,PE,2024-01-10,delivered,图书,704.66,115.82,820.48
4405,826,PE,2024-01-10,delivered,电脑配件,552.52,97.96,650.48
4406,826,PE,2023-07-20,delivered,厨具,749.0,93.72,842.72
4406,826,PE,2023-07-20,delivered,运动休闲,731.82,84.12,815.94
4407,826,PE,2023-08-07,delivered,玩具,117.8,15.95,133.75
4407,826,PE,2023-08-07,delivered,服饰,609.22,118.65,727.87
4408,826,PE,2024-03-03,delivered,运动休闲,553.26,106.39,659.65
4409,826,PE,2023-10-09,delivered,电子产品,200.56,17.57,218.13
4409,826,PE,2023-10-09,delivered,玩具,288.06,16.0,304.06
4409,826,PE,2023-10-09,delivered,电脑配件,617.54,71.1,688.64
4410,826,PE,2023-06-03,delivered,运动休闲,119.63,10.56,130.19
4410,826,PE,2023-06-03,delivered,服饰,694.44,47.21,741.6500000000001
4410,826,PE,2023-06-03,delivered,运动休闲,31.18,6.17,37.35
4411,826,PE,2024-06-24,delivered,厨具,176.54,28.29,204.82999999999998
4411,826,PE,2024-06-24,delivered,电脑配件,560.97,38.71,599.6800000000001
4412,826,PE,2024-02-20,delivered,图书,40.18,6.43,46.61
4412,826,PE,2024-02-20,delivered,服饰,599.95,101.98,701.9300000000001
4413,826,PE,2024-05-10,delivered,家居家具,582.18,72.25,654.43
4413,826,PE,2024-05-10,delivered,运动休闲,303.51,40.36,343.87
4413,826,PE,2024-05-10,delivered,玩具,224.95,34.63,259.58
4414,826,PE,2024-07-06,delivered,电子产品,635.29,53.25,688.54
4414,826,PE,2024-07-06,delivered,美妆健康,374.93,61.52,436.45
4414,826,PE,2024-07-06,delivered,图书,665.1,99.56,764.6600000000001
4415,826,PE,2024-12-29,delivered,家居家具,770.49,140.77,911.26
4415,826,PE,2024-12-29,delivered,美妆健康,735.42,136.67,872.0899999999999
4416,826,PE,2024-09-28,delivered,玩具,494.09,31.1,525.1899999999999
4417,826,PE,2023-08-13,delivered,电子产品,343.47,58.67,402.14000000000004
4418,826,PE,2024-08-27,delivered,运动休闲,300.57,31.13,331.7
4419,826,PE,2024-07-28,delivered,家居家具,101.35,7.3,108.64999999999999
4419,826,PE,2024-07-28,delivered,电脑配件,600.48,82.35,682.83
4420,826,PE,2023-12-10,delivered,服饰,617.01,122.53,739.54
4420,826,PE,2023-12-10,delivered,玩具,338.67,67.41,406.08000000000004
4420,826,PE,2023-12-10,delivered,电子产品,366.25,33.63,399.88
4421,826,PE,2024-11-15,delivered,电脑配件,101.58,8.52,110.1
4422,826,PE,2024-03-20,delivered,宠物用品,780.62,70.01,850.63
4422,826,PE,2024-03-20,delivered,玩具,467.94,26.97,494.90999999999997
4422,826,PE,2024-03-20,delivered,服饰,682.59,71.81,754.4000000000001
4423,826,PE,2024-07-11,delivered,服饰,147.32,17.21,164.53
4424,826,PE,2023-12-26,canceled,运动休闲,424.55,71.93,496.48
4425,826,PE,2024-10-12,delivered,电脑配件,329.23,30.57,359.8
4426,826,PE,2023-11-17,delivered,宠物用品,671.93,100.0,771.93
4427,827,AM,2024-04-11,delivered,美妆健康,699.24,87.81,787.05
4428,828,PE,2023-04-17,delivered,电脑配件,601.13,35.68,636.81
4428,828,PE,2023-04-17,delivered,服饰,200.27,16.62,216.89000000000001
4428,828,PE,2023-04-17,delivered,厨具,351.31,21.36,372.67
4429,829,SC,2024-08-30,delivered,运动休闲,283.82,45.58,329.4
4429,829,SC,2024-08-30,delivered,厨具,144.43,15.56,159.99
4430,830,RS,2024-08-26,delivered,服饰,436.84,37.38,474.21999999999997
4431,830,RS,2024-11-26,delivered,厨具,230.37,16.97,247.34
4432,830,RS,2024-11-25,delivered,运动休闲,84.01,16.71,100.72
4433,830,RS,2023-09-01,delivered,厨具,179.02,26.07,205.09
4433,830,RS,2023-09-01,delivered,美妆健康,746.25,138.51,884.76
4433,830,RS,2023-09-01,delivered,家居家具,541.1,52.48,593.58
4434,830,RS,2023-09-26,delivered,电子产品,172.04,29.85,201.89
4435,830,RS,2024-08-03,delivered,厨具,659.91,78.88,738.79
4435,830,RS,2024-08-03,delivered,厨具,328.89,50.26,379.15
4436,830,RS,2024-08-12,delivered,图书,621.79,42.35,664.14
4437,830,RS,2024-11-01,delivered,电子产品,138.24,14.39,152.63
4437,830,RS,2024-11-01,delivered,图书,675.86,40.9,716.76
4438,830,RS,2024-11-19,delivered,图书,793.25,153.05,946.3
4438,830,RS,2024-11-19,delivered,美妆健康,565.32,87.17,652.49
4439,830,RS,2023-10-16,delivered,宠物用品,255.52,47.58,303.1
4439,830,RS,2023-10-16,delivered,电脑配件,722.74,40.49,763.23
4439,830,RS,2023-10-16,delivered,玩具,90.56,9.63,100.19
4440,830,RS,2024-06-16,delivered,服饰,190.57,30.47,221.04
4440,830,RS,2024-06-16,delivered,服饰,616.51,31.1,647.61
4440,830,RS,2024-06-16,delivered,服饰,144.05,24.12,168.17000000000002
4441,830,RS,2024-05-05,delivered,厨具,721.05,140.83,861.88
4441,830,RS,2024-05-05,delivered,厨具,481.1,50.32,531.4200000000001
4442,830,RS,2024-10-04,delivered,玩具,566.73,91.57,658.3
4442,830,RS,2024-10-04,delivered,家居家具,592.84,50.19,643.03
4442,830,RS,2024-10-04,delivered,图书,778.96,109.04,888.0
4443,830,RS,2023-01-29,delivered,电脑配件,200.36,39.65,240.01000000000002
4443,830,RS,2023-01-29,delivered,运动休闲,286.69,33.17,319.86
4444,830,RS,2024-12-10,delivered,玩具,68.91,6.47,75.38
4444,830,RS,2024-12-10,delivered,运动休闲,326.63,47.01,373.64
4444,830,RS,2024-12-10,delivered,电脑配件,336.98,47.61,384.59000000000003
4445,830,RS,2024-06-28,delivered,图书,283.24,51.08,334.32
4445,830,RS,2024-06-28,delivered,图书,293.51,30.44,323.95
4445,830,RS,2024-06-28,delivered,美妆健康,418.05,58.22,476.27
4446,830,RS,2024-04-27,delivered,家居家具,637.94,47.2,685.1400000000001
4446,830,RS,2024-04-27,delivered,电脑配件,318.55,40.8,359.35
4446,830,RS,2024-04-27,delivered,电脑配件,129.72,22.21,151.93
4447,830,RS,2023-02-27,delivered,电脑配件,417.6,67.94,485.54
4448,830,RS,2024-01-30,delivered,电脑配件,757.32,47.9,805.22
4449,830,RS,2024-08-02,delivered,电脑配件,273.66,25.16,298.82000000000005
4450,830,RS,2024-02-02,canceled,服饰,703.18,47.04,750.2199999999999
4451,830,RS,2024-04-01,delivered,图书,561.57,91.96,653.5300000000001
4452,830,RS,2023-03-10,delivered,玩具,546.17,36.67,582.8399999999999
4452,830,RS,2023-03-10,delivered,厨具,797.28,147.23,944.51
4452,830,RS,2023-03-10,delivered,运动休闲,387.96,35.87,423.83
4453,830,RS,2024-11-07,delivered,电脑配件,59.89,9.8,69.69
4453,830,RS,2024-11-07,delivered,宠物用品,729.47,51.3,780.77
4453,830,RS,2024-11-07,delivered,图书,551.74,59.15,610.89
4454,830,RS,2024-06-09,delivered,电脑配件,704.01,100.79,804.8
4454,830,RS,2024-06-09,delivered,厨具,459.9,41.34,501.24
4454,830,RS,2024-06-09,delivered,电子产品,39.79,2.77,42.56
4455,830,RS,2024-02-12,delivered,服饰,584.28,79.33,663.61
4456,830,RS,2024-11-23,delivered,家居家具,512.91,35.33,548.24
4457,830,RS,2024-01-01,delivered,运动休闲,139.69,7.54,147.23
4457,830,RS,2024-01-01,delivered,电子产品,798.93,131.9,930.8299999999999
4457,830,RS,2024-01-01,delivered,电脑配件,539.17,63.16,602.3299999999999
4458,830,RS,2024-08-25,canceled,电子产品,712.37,64.53,776.9
4458,830,RS,2024-08-25,canceled,玩具,219.2,24.85,244.04999999999998
4459,830,RS,2023-02-10,delivered,厨具,701.39,81.94,783.3299999999999
4460,830,RS,2023-12-27,delivered,厨具,753.78,123.82,877.5999999999999
4460,830,RS,2023-12-27,delivered,电子产品,495.28,72.65,567.93
4461,830,RS,2023-12-30,delivered,运动休闲,36.3,6.58,42.879999999999995
4461,830,RS,2023-12-30,delivered,玩具,279.25,17.8,297.05
4461,830,RS,2023-12-30,delivered,厨具,793.4,89.68,883.0799999999999
4462,830,RS,2024-09-11,delivered,厨具,516.71,86.73,603.44
4463,830,RS,2024-11-19,delivered,家居家具,216.58,23.81,240.39000000000001
4464,830,RS,2024-12-01,delivered,运动休闲,104.84,5.7,110.54
4465,830,RS,2024-06-22,delivered,玩具,228.11,40.63,268.74
4465,830,RS,2024-06-22,delivered,图书,181.33,19.61,200.94
4466,830,RS,2023-03-09,delivered,玩具,136.08,21.66,157.74
4467,830,RS,2023-09-29,delivered,玩具,175.37,10.52,185.89000000000001
4467,830,RS,2023-09-29,delivered,玩具,695.57,65.71,761.2800000000001
4468,830,RS,2023-11-20,delivered,运动休闲,723.59,50.22,773.8100000000001
4469,830,RS,2023-05-03,delivered,美妆健康,258.08,16.0,274.08
4470,830,RS,2023-05-18,delivered,玩具,630.6,110.21,740.8100000000001
4471,830,RS,2023-10-02,delivered,服饰,453.61,51.89,505.5
4471,830,RS,2023-10-02,delivered,运动休闲,375.27,23.73,399.0
4472,831,PA,2024-09-14,delivered,玩具,254.69,35.59,290.28
4472,831,PA,2024-09-14,delivered,宠物用品,431.73,42.16,473.89
4473,832,MG,2024-08-23,delivered,服饰,62.57,12.26,74.83
4473,832,MG,2024-08-23,delivered,美妆健康,706.6,40.68,747.28
4473,832,MG,2024-08-23,delivered,厨具,573.24,33.99,607.23
4474,833,SC,2024-05-20,canceled,图书,306.37,47.0,353.37
4474,833,SC,2024-05-20,canceled,美妆健康,360.6,39.63,400.23
4475,834,PR,2023-03-17,delivered,图书,686.36,35.06,721.4200000000001
4475,834,PR,2023-03-17,delivered,玩具,218.52,23.36,241.88
4475,834,PR,2023-03-17,delivered,电子产品,631.5,101.05,732.55
4476,835,SC,2024-12-21,delivered,玩具,298.96,30.17,329.13
4477,836,PR,2024-12-07,delivered,运动休闲,734.82,79.39,814.21
4477,836,PR,2024-12-07,delivered,玩具,763.12,43.22,806.34
4477,836,PR,2024-12-07,delivered,玩具,264.1,23.66,287.76000000000005
4478,837,RJ,2023-06-04,delivered,电脑配件,458.33,28.24,486.57
4478,837,RJ,2023-06-04,delivered,电子产品,54.44,7.19,61.629999999999995
4479,838,PR,2023-03-28,canceled,服饰,762.72,88.57,851.29
4479,838,PR,2023-03-28,canceled,美妆健康,601.51,64.8,666.31
4479,838,PR,2023-03-28,canceled,厨具,207.84,23.88,231.72
4480,839,SP,2023-01-31,delivered,电脑配件,667.72,56.86,724.58
4480,839,SP,2023-01-31,delivered,运动休闲,370.5,33.08,403.58
4480,839,SP,2023-01-31,delivered,电子产品,575.5,83.73,659.23
4481,840,PR,2024-07-27,canceled,电脑配件,445.89,37.26,483.15
4481,840,PR,2024-07-27,canceled,家居家具,479.58,70.86,550.4399999999999
4481,840,PR,2024-07-27,canceled,玩具,665.02,115.62,780.64
4482,841,PR,2023-03-13,canceled,图书,318.42,23.21,341.63
4482,841,PR,2023-03-13,canceled,服饰,599.83,53.86,653.69
4482,841,PR,2023-03-13,canceled,服饰,129.58,18.82,148.4
4483,842,SC,2024-11-07,delivered,电脑配件,441.48,43.41,484.89
4484,843,RJ,2024-11-16,delivered,宠物用品,268.11,42.18,310.29
4484,843,RJ,2024-11-16,delivered,电脑配件,582.4,46.27,628.67
4485,844,BA,2024-10-19,delivered,家居家具,742.05,79.63,821.68
4486,845,PA,2023-05-25,delivered,玩具,374.6,74.66,449.26
4486,845,PA,2023-05-25,delivered,家居家具,522.76,31.28,554.04
4487,846,SP,2023-09-03,delivered,美妆健康,451.15,72.24,523.39
4487,846,SP,2023-09-03,delivered,电脑配件,346.17,26.24,372.41
4487,846,SP,2023-09-03,delivered,运动休闲,575.31,86.67,661.9799999999999
4488,847,PA,2024-10-11,delivered,电子产品,182.2,27.54,209.73999999999998
4488,847,PA,2024-10-11,delivered,运动休闲,574.07,99.53,673.6
4489,848,RS,2024-05-17,delivered,运动休闲,56.94,5.33,62.269999999999996
4490,849,RS,2024-08-23,delivered,电子产品,423.68,71.32,495.0
4490,849,RS,2024-08-23,delivered,美妆健康,414.69,64.11,478.8
4491,850,PR,2023-07-10,delivered,电脑配件,373.05,26.39,399.44
4492,851,RJ,2024-06-24,delivered,服饰,728.71,46.96,775.6700000000001
4492,851,RJ,2024-06-24,delivered,玩具,702.14,61.68,763.8199999999999
4492,851,RJ,2024-06-24,delivered,运动休闲,448.9,31.63,480.53
4493,852,SC,2024-04-09,canceled,电子产品,185.78,20.81,206.59
4494,853,SC,2024-05-13,delivered,宠物用品,498.18,77.74,575.92
4494,853,SC,2024-05-13,delivered,玩具,296.15,27.83,323.97999999999996
4495,854,DF,2023-12-18,delivered,厨具,475.35,51.37,526.72
4496,855,RJ,2024-08-20,delivered,服饰,314.37,21.84,336.21
4497,856,PR,2023-11-22,delivered,玩具,127.14,10.59,137.73
4498,857,SC,2023-09-06,delivered,运动休闲,86.01,9.94,95.95
4498,857,SC,2023-09-06,delivered,电子产品,624.14,122.58,746.72
4498,857,SC,2023-09-06,delivered,电脑配件,792.4,132.09,924.49
4499,858,RS,2023-12-18,delivered,运动休闲,372.26,19.31,391.57
4499,858,RS,2023-12-18,delivered,电脑配件,607.32,91.56,698.8800000000001
4500,859,SP,2024-04-13,delivered,玩具,273.14,21.88,295.02
4501,860,RS,2023-08-24,delivered,家居家具,610.69,115.3,725.99
4501,860,RS,2023-08-24,delivered,电子产品,708.98,46.26,755.24
4502,861,RJ,2024-11-01,delivered,玩具,722.63,104.95,827.58
4503,862,SP,2023-12-02,delivered,厨具,662.51,108.55,771.06
4503,862,SP,2023-12-02,delivered,宠物用品,180.4,14.26,194.66
4504,862,SP,2023-03-03,delivered,电脑配件,606.42,90.5,696.92
4505,862,SP,2024-12-17,delivered,宠物用品,621.98,42.05,664.03
4505,862,SP,2024-12-17,delivered,厨具,777.21,40.13,817.34
4506,862,SP,2023-05-07,delivered,图书,399.12,64.61,463.73
4507,862,SP,2024-07-13,delivered,玩具,664.52,132.84,797.36
4508,862,SP,2024-05-18,delivered,服饰,523.48,69.08,592.5600000000001
4509,862,SP,2024-08-23,delivered,运动休闲,425.72,72.34,498.06000000000006
4510,862,SP,2024-10-09,delivered,服饰,171.02,17.29,188.31
4510,862,SP,2024-10-09,delivered,电脑配件,497.04,93.3,590.34
4511,862,SP,2024-10-06,delivered,图书,168.16,28.85,197.01
4512,862,SP,2024-04-13,delivered,电子产品,565.61,41.36,606.97
4513,862,SP,2024-11-28,delivered,宠物用品,626.31,118.34,744.65
4513,862,SP,2024-11-28,delivered,宠物用品,273.45,34.19,307.64
4513,862,SP,2024-11-28,delivered,厨具,714.66,89.47,804.13
4514,862,SP,2024-12-21,delivered,电子产品,299.07,33.23,332.3
4515,862,SP,2023-02-16,delivered,家居家具,693.41,50.48,743.89
4516,862,SP,2024-07-13,delivered,服饰,174.13,24.19,198.32
4517,862,SP,2024-04-09,delivered,美妆健康,439.59,49.21,488.79999999999995
4517,862,SP,2024-04-09,delivered,厨具,777.74,111.32,889.06
4518,862,SP,2024-07-09,delivered,美妆健康,417.56,59.1,476.66
4519,862,SP,2024-11-08,delivered,美妆健康,55.68,3.83,59.51
4519,862,SP,2024-11-08,delivered,厨具,484.15,76.18,560.3299999999999
4520,862,SP,2024-12-14,delivered,玩具,267.89,42.95,310.84
4521,862,SP,2024-01-01,delivered,玩具,762.08,118.86,880.94
4521,862,SP,2024-01-01,delivered,运动休闲,295.33,25.95,321.28
4522,862,SP,2024-10-06,delivered,美妆健康,28.32,1.79,30.11
4522,862,SP,2024-10-06,delivered,运动休闲,597.53,56.58,654.11
4523,862,SP,2024-08-10,delivered,运动休闲,419.03,28.6,447.63
4523,862,SP,2024-08-10,delivered,电脑配件,727.5,134.06,861.56
4523,862,SP,2024-08-10,delivered,玩具,682.92,119.57,802.49
4524,862,SP,2024-11-08,delivered,厨具,224.04,16.75,240.79
4525,862,SP,2024-04-11,delivered,服饰,307.52,37.85,345.37
4526,862,SP,2023-06-25,delivered,电脑配件,116.97,6.9,123.87
4527,862,SP,2024-09-01,delivered,电脑配件,603.52,57.32,660.84
4527,862,SP,2024-09-01,delivered,运动休闲,614.93,82.36,697.29
4527,862,SP,2024-09-01,delivered,美妆健康,577.54,39.74,617.28
4528,862,SP,2023-02-09,delivered,服饰,204.6,38.72,243.32
4528,862,SP,2023-02-09,delivered,电子产品,312.91,27.42,340.33000000000004
4528,862,SP,2023-02-09,delivered,图书,419.14,52.83,471.96999999999997
4529,862,SP,2024-11-01,delivered,玩具,396.87,26.43,423.3
4530,862,SP,2023-03-30,delivered,服饰,742.62,120.07,862.69
4530,862,SP,2023-03-30,delivered,玩具,788.99,77.23,866.22
4531,862,SP,2023-12-06,delivered,玩具,652.2,78.28,730.48
4531,862,SP,2023-12-06,delivered,服饰,675.29,43.16,718.4499999999999
4532,862,SP,2024-01-12,delivered,电子产品,483.95,95.08,579.03
4532,862,SP,2024-01-12,delivered,玩具,228.49,39.22,267.71000000000004
4533,862,SP,2023-07-16,delivered,宠物用品,194.66,20.15,214.81
4534,862,SP,2023-11-01,delivered,服饰,763.51,121.42,884.93
4534,862,SP,2023-11-01,delivered,家居家具,252.02,45.35,297.37
4534,862,SP,2023-11-01,delivered,美妆健康,47.79,3.0,50.79
4535,862,SP,2023-12-13,delivered,运动休闲,658.37,69.65,728.02
4535,862,SP,2023-12-13,delivered,宠物用品,623.96,87.59,711.5500000000001
4536,862,SP,2023-05-09,delivered,家居家具,716.65,46.26,762.91
4536,862,SP,2023-05-09,delivered,电子产品,735.72,114.95,850.6700000000001
4536,862,SP,2023-05-09,delivered,运动休闲,139.22,23.35,162.57
4537,862,SP,2023-03-10,canceled,电脑配件,431.23,76.33,507.56
4537,862,SP,2023-03-10,canceled,玩具,383.08,35.95,419.03
4538,863,AM,2024-12-28,delivered,电脑配件,196.24,24.25,220.49
4539,864,RS,2024-03-25,delivered,玩具,30.04,4.73,34.769999999999996
4539,864,RS,2024-03-25,delivered,家居家具,93.1,9.65,102.75
4539,864,RS,2024-03-25,delivered,图书,113.41,15.84,129.25
4540,865,AM,2023-12-15,delivered,图书,181.56,18.98,200.54
4541,866,MG,2023-11-24,delivered,运动休闲,696.61,75.35,771.96
4542,867,BA,2024-08-07,delivered,玩具,135.91,21.7,157.60999999999999
4543,868,RS,2023-03-08,delivered,电脑配件,301.4,44.09,345.49
4543,868,RS,2023-03-08,delivered,玩具,115.08,19.58,134.66
4544,869,SC,2023-09-22,delivered,服饰,555.44,43.69,599.1300000000001
4544,869,SC,2023-09-22,delivered,美妆健康,219.21,20.65,239.86
4545,870,CE,2024-09-05,delivered,运动休闲,717.17,120.35,837.52
4545,870,CE,2024-09-05,delivered,运动休闲,390.9,59.95,450.84999999999997
4545,870,CE,2024-09-05,delivered,玩具,486.0,87.78,573.78
4546,871,PR,2023-09-14,delivered,运动休闲,127.71,12.24,139.95
4547,872,BA,2024-11-11,delivered,服饰,166.09,23.99,190.08
4547,872,BA,2024-11-11,delivered,厨具,585.45,36.16,621.61
4547,872,BA,2024-11-11,delivered,玩具,357.34,23.09,380.42999999999995
4548,872,BA,2024-12-26,delivered,美妆健康,49.26,7.39,56.65
4549,872,BA,2024-04-13,delivered,服饰,54.23,5.57,59.8
4549,872,BA,2024-04-13,delivered,服饰,735.85,99.44,835.29
4550,872,BA,2023-12-14,delivered,服饰,672.17,133.75,805.92
4550,872,BA,2023-12-14,delivered,运动休闲,698.19,117.56,815.75
4551,872,BA,2023-09-26,canceled,美妆健康,567.2,72.92,640.12
4551,872,BA,2023-09-26,canceled,电子产品,288.64,54.3,342.94
4551,872,BA,2023-09-26,canceled,电脑配件,578.22,74.76,652.98
4552,872,BA,2023-04-17,delivered,图书,504.74,43.59,548.33
4552,872,BA,2023-04-17,delivered,厨具,358.19,64.89,423.08
4553,872,BA,2023-12-11,delivered,美妆健康,446.7,50.23,496.93
4553,872,BA,2023-12-11,delivered,图书,186.7,34.07,220.76999999999998
4554,872,BA,2024-08-31,canceled,图书,529.53,80.51,610.04
4554,872,BA,2024-08-31,canceled,运动休闲,268.76,40.5,309.26
4555,873,PR,2024-07-23,delivered,运动休闲,601.52,113.8,715.3199999999999
4556,874,SC,2024-03-27,delivered,电子产品,211.66,15.33,226.99
4557,875,SP,2024-04-02,delivered,玩具,754.59,81.26,835.85
4558,876,AM,2023-11-11,delivered,电脑配件,170.99,29.67,200.66000000000003
4558,876,AM,2023-11-11,delivered,厨具,775.86,64.13,839.99
4559,876,AM,2023-12-16,delivered,厨具,691.88,128.27,820.15
4559,876,AM,2023-12-16,delivered,电脑配件,178.24,24.01,202.25
4560,876,AM,2024-10-26,delivered,运动休闲,92.41,9.39,101.8
4560,876,AM,2024-10-26,delivered,玩具,148.29,7.92,156.20999999999998
4560,876,AM,2024-10-26,delivered,图书,323.27,64.02,387.28999999999996
4561,876,AM,2023-12-27,delivered,电脑配件,272.48,46.48,318.96000000000004
4561,876,AM,2023-12-27,delivered,宠物用品,485.33,47.96,533.29
4562,876,AM,2024-11-25,delivered,电子产品,742.09,71.16,813.25
4562,876,AM,2024-11-25,delivered,厨具,727.38,104.55,831.93
4563,876,AM,2024-03-26,canceled,宠物用品,333.89,32.14,366.03
4563,876,AM,2024-03-26,canceled,玩具,503.52,40.85,544.37
4563,876,AM,2024-03-26,canceled,家居家具,149.62,16.27,165.89000000000001
4564,876,AM,2023-06-06,delivered,玩具,542.61,34.87,577.48
4564,876,AM,2023-06-06,delivered,电脑配件,366.42,61.92,428.34000000000003
4565,876,AM,2024-09-10,delivered,厨具,372.32,59.57,431.89
4565,876,AM,2024-09-10,delivered,服饰,469.81,62.28,532.09
4566,876,AM,2024-10-29,delivered,图书,162.75,30.09,192.84
4566,876,AM,2024-10-29,delivered,服饰,493.35,38.7,532.0500000000001
4567,876,AM,2023-05-26,delivered,玩具,229.13,41.6,270.73
4567,876,AM,2023-05-26,delivered,电脑配件,339.27,22.61,361.88
4567,876,AM,2023-05-26,delivered,电子产品,347.01,31.25,378.26
4568,876,AM,2024-02-17,delivered,图书,379.93,58.05,437.98
4568,876,AM,2024-02-17,delivered,电子产品,96.34,13.51,109.85000000000001
4569,876,AM,2024-04-03,delivered,玩具,759.58,71.05,830.63
4570,876,AM,2024-11-01,delivered,家居家具,662.15,44.29,706.4399999999999
4571,876,AM,2024-09-18,canceled,服饰,468.99,84.24,553.23
4572,876,AM,2023-12-07,delivered,宠物用品,27.13,4.92,32.05
4572,876,AM,2023-12-07,delivered,家居家具,553.44,104.11,657.5500000000001
4572,876,AM,2023-12-07,delivered,服饰,492.6,78.02,570.62
4573,876,AM,2023-05-25,delivered,图书,780.45,93.49,873.94
4573,876,AM,2023-05-25,delivered,服饰,766.12,128.65,894.77
4573,876,AM,2023-05-25,delivered,厨具,353.93,58.23,412.16
4574,876,AM,2024-02-10,delivered,电子产品,587.55,113.71,701.26
4575,876,AM,2024-01-13,canceled,玩具,391.55,44.22,435.77
4576,876,AM,2023-05-27,delivered,服饰,238.5,37.38,275.88
4576,876,AM,2023-05-27,delivered,服饰,133.74,22.07,155.81
4577,876,AM,2023-11-09,delivered,厨具,220.88,26.6,247.48
4577,876,AM,2023-11-09,delivered,家居家具,529.87,82.14,612.01
4578,876,AM,2023-06-21,delivered,运动休闲,729.41,43.95,773.36
4578,876,AM,2023-06-21,delivered,玩具,763.23,137.87,901.1
4579,876,AM,2024-03-28,delivered,电子产品,71.88,11.75,83.63
4579,876,AM,2024-03-28,delivered,家居家具,580.58,110.5,691.08
4579,876,AM,2024-03-28,delivered,电脑配件,548.89,51.46,600.35
4580,876,AM,2024-12-17,delivered,运动休闲,28.09,2.2,30.29
4581,876,AM,2024-10-16,delivered,宠物用品,594.44,50.98,645.4200000000001
4581,876,AM,2024-10-16,delivered,美妆健康,295.8,22.37,318.17
4582,876,AM,2024-10-14,delivered,厨具,431.87,78.14,510.01
4582,876,AM,2024-10-14,delivered,厨具,296.55,27.44,323.99
4582,876,AM,2024-10-14,delivered,家居家具,354.25,60.68,414.93
4583,876,AM,2024-09-09,delivered,厨具,731.35,42.72,774.07
4583,876,AM,2024-09-09,delivered,电子产品,101.21,8.03,109.24
4583,876,AM,2024-09-09,delivered,美妆健康,288.01,48.32,336.33
4584,876,AM,2023-05-23,delivered,运动休闲,622.96,63.01,685.97
4584,876,AM,2023-05-23,delivered,美妆健康,659.78,75.43,735.21
4584,876,AM,2023-05-23,delivered,电子产品,85.03,14.73,99.76
4585,876,AM,2024-10-28,delivered,图书,715.09,77.09,792.1800000000001
4585,876,AM,2024-10-28,delivered,电子产品,201.67,13.0,214.67
4585,876,AM,2024-10-28,delivered,电子产品,770.9,65.68,836.5799999999999
4586,876,AM,2024-12-23,delivered,运动休闲,692.46,127.48,819.94
4586,876,AM,2024-12-23,delivered,运动休闲,490.44,85.64,576.08
4587,876,AM,2024-05-23,delivered,玩具,542.82,55.74,598.5600000000001
4587,876,AM,2024-05-23,delivered,家居家具,98.54,9.85,108.39
4588,876,AM,2023-03-24,delivered,电子产品,433.96,74.74,508.7
4589,876,AM,2023-07-31,delivered,服饰,760.47,138.35,898.82
4589,876,AM,2023-07-31,delivered,家居家具,56.44,7.5,63.94
4589,876,AM,2023-07-31,delivered,服饰,660.85,96.91,757.76
4590,876,AM,2023-01-23,delivered,运动休闲,634.0,78.83,712.83
4590,876,AM,2023-01-23,delivered,运动休闲,654.64,94.57,749.21
4590,876,AM,2023-01-23,delivered,服饰,725.08,46.39,771.47
4591,876,AM,2023-09-15,delivered,美妆健康,542.6,104.49,647.09
4592,876,AM,2023-05-13,delivered,服饰,311.77,34.63,346.4
4593,876,AM,2024-08-13,delivered,电子产品,716.15,83.6,799.75
4593,876,AM,2024-08-13,delivered,服饰,434.41,49.06,483.47
4593,876,AM,2024-08-13,delivered,图书,496.98,53.58,550.5600000000001
4594,876,AM,2024-05-27,delivered,厨具,451.74,69.54,521.28
4594,876,AM,2024-05-27,delivered,家居家具,518.02,96.73,614.75
4595,876,AM,2024-06-03,delivered,图书,797.24,152.25,949.49
4595,876,AM,2024-06-03,delivered,厨具,728.1,40.99,769.09
4596,876,AM,2023-05-20,delivered,图书,495.04,61.59,556.63
4597,876,AM,2023-08-22,delivered,服饰,515.72,35.48,551.2
4597,876,AM,2023-08-22,delivered,服饰,581.41,84.22,665.63
4598,876,AM,2023-11-10,delivered,家居家具,612.38,63.57,675.95
4598,876,AM,2023-11-10,delivered,宠物用品,468.27,57.34,525.61
4598,876,AM,2023-11-10,delivered,电脑配件,295.12,42.75,337.87
4599,876,AM,2023-09-03,delivered,家居家具,581.65,116.31,697.96
4599,876,AM,2023-09-03,delivered,美妆健康,228.62,41.9,270.52
4600,877,SC,2024-11-15,canceled,运动休闲,159.64,13.95,173.58999999999997
4600,877,SC,2024-11-15,canceled,服饰,317.28,49.05,366.33
4600,877,SC,2024-11-15,canceled,美妆健康,411.62,38.71,450.33
4601,878,CE,2023-05-15,delivered,玩具,226.14,32.94,259.08
4601,878,CE,2023-05-15,delivered,玩具,623.44,101.72,725.1600000000001
4601,878,CE,2023-05-15,delivered,服饰,276.54,48.54,325.08000000000004
4602,879,CE,2024-09-23,delivered,运动休闲,188.42,13.56,201.98
4602,879,CE,2024-09-23,delivered,服饰,542.12,79.66,621.78
4602,879,CE,2024-09-23,delivered,玩具,30.7,4.16,34.86
4603,880,BA,2023-12-27,delivered,美妆健康,604.11,96.75,700.86
4603,880,BA,2023-12-27,delivered,图书,746.85,127.21,874.0600000000001
4603,880,BA,2023-12-27,delivered,运动休闲,295.56,28.33,323.89
4604,881,PA,2024-06-25,delivered,厨具,405.26,53.32,458.58
4605,882,RJ,2023-06-02,delivered,电子产品,740.52,67.81,808.3299999999999
4606,883,SP,2024-11-09,delivered,玩具,665.08,50.19,715.27
4607,884,PA,2024-12-11,delivered,图书,238.29,18.93,257.21999999999997
4607,884,PA,2024-12-11,delivered,玩具,508.81,31.74,540.55
4607,884,PA,2024-12-11,delivered,图书,216.34,21.1,237.44
4608,885,SC,2024-07-24,delivered,电脑配件,314.12,58.31,372.43
4608,885,SC,2024-07-24,delivered,电子产品,336.99,38.63,375.62
4609,885,SC,2024-01-21,delivered,图书,45.19,2.38,47.57
4609,885,SC,2024-01-21,delivered,美妆健康,507.37,68.45,575.82
4609,885,SC,2024-01-21,delivered,玩具,534.91,86.34,621.25
4610,885,SC,2024-09-11,delivered,运动休闲,458.09,26.87,484.96
4610,885,SC,2024-09-11,delivered,宠物用品,111.06,19.99,131.05
4610,885,SC,2024-09-11,delivered,运动休闲,629.91,113.25,743.16
4611,885,SC,2024-11-04,delivered,运动休闲,82.77,9.67,92.44
4611,885,SC,2024-11-04,delivered,图书,582.16,76.0,658.16
4612,885,SC,2024-04-29,delivered,家居家具,572.44,88.1,660.5400000000001
4613,885,SC,2024-06-01,delivered,电脑配件,572.17,97.51,669.68
4613,885,SC,2024-06-01,delivered,服饰,325.72,62.53,388.25
4614,885,SC,2024-04-14,delivered,电脑配件,437.75,73.25,511.0
4614,885,SC,2024-04-14,delivered,电脑配件,780.9,77.01,857.91
4615,885,SC,2024-02-27,delivered,电脑配件,383.91,62.39,446.3
4615,885,SC,2024-02-27,delivered,玩具,92.79,11.45,104.24000000000001
4615,885,SC,2024-02-27,delivered,图书,638.12,56.4,694.52
4616,885,SC,2023-08-26,delivered,家居家具,658.64,35.21,693.85
4616,885,SC,2023-08-26,delivered,服饰,799.47,131.98,931.45
4616,885,SC,2023-08-26,delivered,宠物用品,311.34,60.89,372.22999999999996
4617,885,SC,2023-12-12,delivered,服饰,508.03,70.55,578.5799999999999
4617,885,SC,2023-12-12,delivered,服饰,602.2,67.52,669.72
4617,885,SC,2023-12-12,delivered,电脑配件,455.21,42.15,497.35999999999996
4618,885,SC,2024-04-27,delivered,服饰,521.17,26.29,547.4599999999999
4618,885,SC,2024-04-27,delivered,家居家具,480.78,51.91,532.6899999999999
4618,885,SC,2024-04-27,delivered,图书,693.6,98.35,791.95
4619,885,SC,2023-09-28,delivered,服饰,564.13,107.85,671.98
4620,885,SC,2023-09-24,delivered,服饰,141.41,23.26,164.67
4620,885,SC,2023-09-24,delivered,电子产品,483.0,84.78,567.78
4620,885,SC,2023-09-24,delivered,图书,105.75,15.88,121.63
4621,885,SC,2023-02-03,delivered,美妆健康,394.11,66.19,460.3
4622,885,SC,2023-08-29,delivered,运动休闲,176.42,11.24,187.66
4622,885,SC,2023-08-29,delivered,电脑配件,773.44,112.39,885.83
4623,885,SC,2024-04-25,delivered,家居家具,288.2,55.02,343.21999999999997
4623,885,SC,2024-04-25,delivered,家居家具,57.35,10.11,67.46000000000001
4623,885,SC,2024-04-25,delivered,电子产品,790.78,52.4,843.18
4624,885,SC,2024-12-20,delivered,电脑配件,220.76,32.2,252.95999999999998
4624,885,SC,2024-12-20,delivered,宠物用品,785.97,83.62,869.59
4625,885,SC,2023-11-20,delivered,服饰,206.41,26.96,233.37
4626,885,SC,2024-03-17,delivered,电脑配件,75.92,5.42,81.34
4626,885,SC,2024-03-17,delivered,运动休闲,311.3,17.81,329.11
4627,885,SC,2023-11-01,delivered,玩具,521.07,99.45,620.5200000000001
4627,885,SC,2023-11-01,delivered,家居家具,140.23,27.37,167.6
4628,885,SC,2023-02-19,delivered,图书,121.55,20.91,142.46
4629,885,SC,2023-02-17,delivered,厨具,507.86,47.05,554.91
4629,885,SC,2023-02-17,delivered,服饰,88.42,11.02,99.44
4629,885,SC,2023-02-17,delivered,服饰,619.88,110.18,730.06
4630,885,SC,2023-07-02,delivered,运动休闲,770.4,129.6,900.0
4630,885,SC,2023-07-02,delivered,服饰,451.91,48.04,499.95000000000005
4630,885,SC,2023-07-02,delivered,电子产品,594.62,112.49,707.11
4631,885,SC,2024-04-29,delivered,运动休闲,375.45,42.49,417.94
4631,885,SC,2024-04-29,delivered,服饰,185.43,19.14,204.57
4632,885,SC,2024-11-12,delivered,厨具,236.67,16.75,253.42
4632,885,SC,2024-11-12,delivered,美妆健康,742.0,131.86,873.86
4632,885,SC,2024-11-12,delivered,运动休闲,509.65,99.23,608.88
4633,886,PE,2023-01-05,delivered,厨具,442.67,82.74,525.41
4633,886,PE,2023-01-05,delivered,家居家具,564.49,98.69,663.1800000000001
4634,887,DF,2024-11-22,delivered,电脑配件,189.33,37.41,226.74
4635,888,MG,2023-12-28,canceled,电脑配件,377.14,74.44,451.58
4635,888,MG,2023-12-28,canceled,玩具,581.9,50.05,631.9499999999999
4636,889,AM,2024-09-13,canceled,宠物用品,69.81,12.92,82.73
4636,889,AM,2024-09-13,canceled,玩具,59.12,3.08,62.199999999999996
4636,889,AM,2024-09-13,canceled,图书,62.49,3.16,65.65
4637,889,AM,2023-04-26,delivered,电子产品,68.91,8.81,77.72
4637,889,AM,2023-04-26,delivered,图书,678.06,72.36,750.42
4638,889,AM,2023-05-13,delivered,厨具,427.91,29.01,456.92
4639,889,AM,2023-03-20,delivered,服饰,559.27,57.57,616.84
4639,889,AM,2023-03-20,delivered,玩具,123.06,16.7,139.76
4639,889,AM,2023-03-20,delivered,家居家具,704.08,109.42,813.5
4640,889,AM,2023-09-27,canceled,家居家具,587.27,84.49,671.76
4641,889,AM,2023-11-01,delivered,运动休闲,735.21,109.93,845.1400000000001
4641,889,AM,2023-11-01,delivered,图书,572.4,65.79,638.1899999999999
4641,889,AM,2023-11-01,delivered,图书,686.57,101.59,788.1600000000001
4642,889,AM,2023-12-13,delivered,电子产品,319.29,41.35,360.64000000000004
4642,889,AM,2023-12-13,delivered,图书,104.8,20.22,125.02
4642,889,AM,2023-12-13,delivered,服饰,540.4,54.64,595.04
4643,889,AM,2023-04-25,canceled,图书,571.78,66.75,638.53
4644,889,AM,2024-12-02,delivered,美妆健康,361.16,41.71,402.87
4644,889,AM,2024-12-02,delivered,运动休闲,723.06,70.72,793.78
4644,889,AM,2024-12-02,delivered,厨具,457.15,35.7,492.84999999999997
4645,889,AM,2023-12-22,delivered,服饰,121.71,20.22,141.93
4646,889,AM,2024-11-06,delivered,宠物用品,297.45,49.35,346.8
4646,889,AM,2024-11-06,delivered,电脑配件,704.47,41.84,746.3100000000001
4646,889,AM,2024-11-06,delivered,厨具,779.13,131.61,910.74
4647,889,AM,2024-12-05,delivered,玩具,300.94,22.42,323.36
4648,889,AM,2024-01-22,delivered,图书,549.02,108.59,657.61
4649,889,AM,2024-06-17,delivered,美妆健康,604.05,104.44,708.49
4649,889,AM,2024-06-17,delivered,玩具,366.23,41.22,407.45000000000005
4650,889,AM,2024-10-14,canceled,电子产品,463.29,32.28,495.57000000000005
4650,889,AM,2024-10-14,canceled,电脑配件,266.53,21.91,288.44
4651,889,AM,2023-09-28,delivered,服饰,660.1,50.45,710.5500000000001
4652,889,AM,2023-08-14,delivered,美妆健康,107.88,10.62,118.5
4652,889,AM,2023-08-14,delivered,图书,255.15,18.07,273.22
4653,889,AM,2023-08-30,delivered,家居家具,476.7,88.93,565.63
4653,889,AM,2023-08-30,delivered,服饰,72.01,7.65,79.66000000000001
4654,889,AM,2024-11-16,delivered,服饰,223.43,28.4,251.83
4654,889,AM,2024-11-16,delivered,电脑配件,718.95,68.96,787.9100000000001
4655,889,AM,2024-05-21,delivered,家居家具,106.33,6.4,112.73
4655,889,AM,2024-05-21,delivered,服饰,539.51,53.81,593.3199999999999
4656,889,AM,2023-08-05,canceled,电脑配件,698.71,112.8,811.51
4656,889,AM,2023-08-05,canceled,电子产品,150.12,29.83,179.95
4656,889,AM,2023-08-05,canceled,电脑配件,310.31,16.44,326.75
4657,889,AM,2024-05-23,delivered,玩具,712.82,135.79,848.61
4658,889,AM,2023-10-02,delivered,运动休闲,302.63,44.89,347.52
4658,889,AM,2023-10-02,delivered,电子产品,526.98,58.24,585.22
4659,889,AM,2024-04-04,delivered,运动休闲,679.31,43.46,722.77
4660,889,AM,2024-03-14,delivered,玩具,318.56,36.78,355.34000000000003
4660,889,AM,2024-03-14,delivered,电脑配件,201.47,21.72,223.19
4661,889,AM,2024-07-19,delivered,电脑配件,185.48,25.95,211.42999999999998
4662,889,AM,2024-01-16,delivered,厨具,499.03,65.3,564.3299999999999
4662,889,AM,2024-01-16,delivered,运动休闲,667.82,42.75,710.57
4663,889,AM,2023-10-03,delivered,服饰,582.81,91.55,674.3599999999999
4664,889,AM,2024-12-24,delivered,服饰,567.77,32.54,600.31
4664,889,AM,2024-12-24,delivered,电子产品,603.56,47.17,650.7299999999999
4664,889,AM,2024-12-24,delivered,电子产品,396.3,42.1,438.40000000000003
4665,889,AM,2023-12-02,delivered,家居家具,633.78,69.07,702.8499999999999
4665,889,AM,2023-12-02,delivered,家居家具,111.85,14.64,126.49
4665,889,AM,2023-12-02,delivered,运动休闲,301.97,45.63,347.6
4666,889,AM,2023-05-17,delivered,玩具,794.17,55.09,849.26
4667,889,AM,2023-11-22,delivered,美妆健康,726.83,77.68,804.51
4668,889,AM,2023-11-28,delivered,电脑配件,149.61,19.59,169.20000000000002
4668,889,AM,2023-11-28,delivered,电脑配件,310.72,41.57,352.29
4669,889,AM,2024-06-26,delivered,电子产品,41.66,7.6,49.26
4669,889,AM,2024-06-26,delivered,电子产品,701.98,76.14,778.12
4670,889,AM,2023-11-03,delivered,运动休闲,434.1,59.87,493.97
4671,889,AM,2023-07-25,delivered,电脑配件,137.36,19.21,156.57000000000002
4671,889,AM,2023-07-25,delivered,宠物用品,310.54,38.07,348.61
4672,889,AM,2024-09-06,delivered,厨具,248.32,24.13,272.45
4672,889,AM,2024-09-06,delivered,玩具,629.11,72.87,701.98
4672,889,AM,2024-09-06,delivered,电脑配件,418.77,71.22,489.99
4673,889,AM,2024-01-11,delivered,厨具,55.38,4.96,60.34
4673,889,AM,2024-01-11,delivered,家居家具,431.92,33.55,465.47
4673,889,AM,2024-01-11,delivered,美妆健康,595.45,102.53,697.98
4674,889,AM,2024-03-31,canceled,美妆健康,265.31,24.98,290.29
4675,889,AM,2024-12-10,delivered,玩具,41.24,4.09,45.33
4675,889,AM,2024-12-10,delivered,服饰,205.0,37.15,242.15
4676,889,AM,2024-05-30,delivered,服饰,125.75,17.97,143.72
4677,889,AM,2024-01-05,delivered,玩具,522.47,56.39,578.86
4677,889,AM,2024-01-05,delivered,家居家具,361.04,68.34,429.38
4678,889,AM,2024-03-23,canceled,电脑配件,293.88,29.34,323.21999999999997
4678,889,AM,2024-03-23,canceled,运动休闲,129.66,14.47,144.13
4679,889,AM,2024-06-27,delivered,运动休闲,655.51,82.68,738.19
4679,889,AM,2024-06-27,delivered,宠物用品,207.3,19.48,226.78
4680,889,AM,2023-07-13,delivered,家居家具,209.54,26.55,236.09
4680,889,AM,2023-07-13,delivered,家居家具,359.68,40.55,400.23
4681,889,AM,2023-01-11,delivered,美妆健康,514.56,40.41,554.9699999999999
4682,889,AM,2024-04-13,delivered,玩具,687.18,37.28,724.4599999999999
4683,889,AM,2024-02-14,delivered,厨具,449.98,64.35,514.33
4684,889,AM,2024-11-07,delivered,运动休闲,746.97,144.85,891.82
4684,889,AM,2024-11-07,delivered,服饰,531.86,70.38,602.24
4684,889,AM,2024-11-07,delivered,厨具,102.48,15.78,118.26
4685,889,AM,2023-11-06,delivered,服饰,676.54,95.17,771.7099999999999
4685,889,AM,2023-11-06,delivered,服饰,390.66,67.55,458.21000000000004
4685,889,AM,2023-11-06,delivered,服饰,684.4,115.65,800.05
4686,889,AM,2024-09-27,delivered,服饰,786.02,153.04,939.06
4686,889,AM,2024-09-27,delivered,运动休闲,193.53,33.58,227.11
4687,889,AM,2024-12-18,delivered,服饰,74.01,9.78,83.79
4687,889,AM,2024-12-18,delivered,服饰,720.52,116.11,836.63
4687,889,AM,2024-12-18,delivered,美妆健康,781.71,109.07,890.78
4688,889,AM,2024-01-05,canceled,服饰,529.66,43.15,572.81
4688,889,AM,2024-01-05,canceled,厨具,284.42,24.16,308.58000000000004
4688,889,AM,2024-01-05,canceled,家居家具,51.0,3.42,54.42
4689,889,AM,2024-04-25,delivered,玩具,704.38,139.78,844.16
4689,889,AM,2024-04-25,delivered,服饰,734.56,102.36,836.92
4689,889,AM,2024-04-25,delivered,图书,644.0,83.6,727.6
4690,889,AM,2024-10-04,canceled,美妆健康,223.37,27.08,250.45
4690,889,AM,2024-10-04,canceled,运动休闲,39.75,4.61,44.36
4691,889,AM,2024-11-23,delivered,美妆健康,495.34,74.99,570.3299999999999
4691,889,AM,2024-11-23,delivered,运动休闲,450.02,68.83,518.85
4691,889,AM,2024-11-23,delivered,厨具,543.44,73.58,617.0200000000001
4692,889,AM,2024-02-21,delivered,电脑配件,517.44,74.04,591.48
4692,889,AM,2024-02-21,delivered,家居家具,703.41,61.32,764.73
4692,889,AM,2024-02-21,delivered,美妆健康,216.94,42.58,259.52
4693,889,AM,2024-11-03,delivered,家居家具,203.56,36.09,239.65
4693,889,AM,2024-11-03,delivered,玩具,643.81,94.73,738.54
4693,889,AM,2024-11-03,delivered,服饰,321.21,23.18,344.39
4694,889,AM,2023-04-28,delivered,服饰,690.77,87.91,778.68
4694,889,AM,2023-04-28,delivered,玩具,612.09,117.61,729.7
4695,889,AM,2023-12-10,delivered,厨具,354.36,70.07,424.43
4695,889,AM,2023-12-10,delivered,家居家具,269.51,17.96,287.46999999999997
4695,889,AM,2023-12-10,delivered,厨具,235.55,30.27,265.82
4696,889,AM,2023-12-11,delivered,玩具,570.65,103.45,674.1
4696,889,AM,2023-12-11,delivered,玩具,737.61,58.12,795.73
4696,889,AM,2023-12-11,delivered,厨具,443.93,56.73,500.66
4697,889,AM,2024-10-21,canceled,图书,676.62,99.81,776.4300000000001
4698,889,AM,2024-05-13,delivered,电子产品,373.99,54.79,428.78000000000003
4699,889,AM,2024-11-12,delivered,服饰,222.29,11.14,233.43
4700,889,AM,2023-05-08,delivered,电子产品,54.26,9.41,63.67
4700,889,AM,2023-05-08,delivered,图书,683.55,41.07,724.62
4701,889,AM,2023-10-14,delivered,电子产品,165.64,24.57,190.20999999999998
4702,889,AM,2024-12-12,delivered,厨具,58.47,10.05,68.52
4702,889,AM,2024-12-12,delivered,服饰,180.6,14.49,195.09
4703,889,AM,2023-09-12,delivered,服饰,65.77,5.24,71.00999999999999
4703,889,AM,2023-09-12,delivered,服饰,651.11,38.55,689.66
4704,889,AM,2024-07-09,delivered,运动休闲,95.5,13.84,109.34
4704,889,AM,2024-07-09,delivered,家居家具,798.6,120.62,919.22
4704,889,AM,2024-07-09,delivered,电子产品,669.87,48.98,718.85
4705,889,AM,2024-07-09,delivered,服饰,628.27,91.62,719.89
4705,889,AM,2024-07-09,delivered,厨具,254.93,48.2,303.13
4706,889,AM,2024-05-08,delivered,宠物用品,677.49,99.69,777.1800000000001
4707,889,AM,2023-08-17,delivered,运动休闲,691.97,107.65,799.62
4707,889,AM,2023-08-17,delivered,美妆健康,484.82,91.28,576.1
4707,889,AM,2023-08-17,delivered,美妆健康,319.77,61.4,381.16999999999996
4708,889,AM,2024-04-03,delivered,运动休闲,185.3,31.36,216.66000000000003
4708,889,AM,2024-04-03,delivered,厨具,41.73,3.76,45.489999999999995
4709,890,RS,2023-05-27,delivered,运动休闲,115.53,17.05,132.58
4710,891,PE,2024-06-26,delivered,玩具,722.32,68.49,790.8100000000001
4711,892,SP,2023-11-24,delivered,运动休闲,373.88,43.41,417.28999999999996
4711,892,SP,2023-11-24,delivered,美妆健康,625.81,118.51,744.3199999999999
4712,893,CE,2024-11-21,canceled,玩具,388.82,45.96,434.78
4712,893,CE,2024-11-21,canceled,运动休闲,687.98,52.21,740.19
4713,894,MG,2024-11-03,delivered,运动休闲,635.44,60.11,695.5500000000001
4713,894,MG,2024-11-03,delivered,电脑配件,779.67,137.42,917.0899999999999
4713,894,MG,2024-11-03,delivered,图书,147.76,15.35,163.10999999999999
4714,895,MG,2024-10-31,canceled,厨具,798.71,134.8,933.51
4715,896,PE,2023-12-02,canceled,厨具,711.76,43.58,755.34
4715,896,PE,2023-12-02,canceled,美妆健康,771.91,70.16,842.0699999999999
4716,897,SC,2024-07-11,delivered,家居家具,796.0,119.83,915.83
4717,898,PR,2024-10-19,delivered,厨具,744.49,132.69,877.1800000000001
4717,898,PR,2024-10-19,delivered,电子产品,419.4,83.65,503.04999999999995
4718,899,RS,2023-08-29,delivered,家居家具,632.18,67.01,699.1899999999999
4718,899,RS,2023-08-29,delivered,电子产品,735.42,74.48,809.9
4718,899,RS,2023-08-29,delivered,厨具,716.59,141.91,858.5
4719,900,RS,2024-12-26,delivered,美妆健康,775.68,64.52,840.1999999999999
4720,901,RS,2023-11-23,delivered,玩具,458.21,29.83,488.03999999999996
4720,901,RS,2023-11-23,delivered,图书,352.4,43.34,395.74
4721,902,PA,2024-10-01,delivered,宠物用品,268.69,51.96,320.65
4721,902,PA,2024-10-01,delivered,家居家具,346.73,28.27,375.0
4721,902,PA,2024-10-01,delivered,服饰,504.11,72.35,576.46
4722,903,PA,2023-05-08,delivered,厨具,413.93,21.1,435.03000000000003
4722,903,PA,2023-05-08,delivered,美妆健康,537.28,56.81,594.0899999999999
4723,904,AM,2023-12-07,delivered,美妆健康,205.37,11.27,216.64000000000001
4724,905,RS,2023-02-05,delivered,美妆健康,779.25,55.95,835.2
4724,905,RS,2023-02-05,delivered,玩具,278.17,39.3,317.47
4724,905,RS,2023-02-05,delivered,服饰,71.57,6.27,77.83999999999999
4725,906,SC,2024-10-16,delivered,玩具,557.36,30.84,588.2
4725,906,SC,2024-10-16,delivered,家居家具,787.03,128.72,915.75
4725,906,SC,2024-10-16,delivered,玩具,780.41,66.86,847.27
4726,907,AM,2024-09-17,delivered,运动休闲,159.26,19.8,179.06
4726,907,AM,2024-09-17,delivered,厨具,459.33,29.39,488.71999999999997
4726,907,AM,2024-09-17,delivered,图书,362.48,31.92,394.40000000000003
4727,908,BA,2024-10-17,delivered,宠物用品,773.79,91.58,865.37
4727,908,BA,2024-10-17,delivered,电脑配件,463.59,92.61,556.1999999999999
4728,908,BA,2023-06-05,delivered,玩具,522.26,80.34,602.6
4728,908,BA,2023-06-05,delivered,家居家具,287.18,44.6,331.78000000000003
4729,908,BA,2024-11-12,delivered,家居家具,625.79,87.24,713.03
4730,908,BA,2023-02-09,delivered,玩具,441.75,85.93,527.6800000000001
4731,908,BA,2024-09-20,canceled,玩具,245.65,39.5,285.15
4732,908,BA,2024-07-26,delivered,美妆健康,129.02,19.77,148.79000000000002
4732,908,BA,2024-07-26,delivered,服饰,194.08,27.34,221.42000000000002
4732,908,BA,2024-07-26,delivered,运动休闲,482.73,83.25,565.98
4733,908,BA,2023-09-20,canceled,家居家具,577.96,112.42,690.38
4733,908,BA,2023-09-20,canceled,厨具,163.57,13.08,176.65
4733,908,BA,2023-09-20,canceled,图书,731.78,47.53,779.31
4734,908,BA,2023-12-22,canceled,厨具,302.61,34.82,337.43
4734,908,BA,2023-12-22,canceled,图书,255.3,17.13,272.43
4734,908,BA,2023-12-22,canceled,玩具,465.7,27.02,492.71999999999997
4735,908,BA,2023-09-30,delivered,图书,348.9,18.11,367.01
4735,908,BA,2023-09-30,delivered,玩具,249.54,21.19,270.73
4736,908,BA,2023-06-05,delivered,电子产品,395.47,37.75,433.22
4736,908,BA,2023-06-05,delivered,图书,108.44,5.64,114.08
4736,908,BA,2023-06-05,delivered,图书,364.14,27.16,391.3
4737,908,BA,2023-07-31,delivered,运动休闲,568.08,31.16,599.24
4737,908,BA,2023-07-31,delivered,服饰,226.4,39.52,265.92
4737,908,BA,2023-07-31,delivered,玩具,721.56,103.25,824.81
4738,908,BA,2023-05-17,delivered,运动休闲,154.69,24.14,178.82999999999998
4738,908,BA,2023-05-17,delivered,美妆健康,44.59,6.65,51.24
4738,908,BA,2023-05-17,delivered,玩具,355.54,48.89,404.43
4739,908,BA,2023-07-26,delivered,玩具,324.03,31.6,355.63
4740,908,BA,2024-08-01,delivered,玩具,566.27,47.63,613.9
4740,908,BA,2024-08-01,delivered,美妆健康,773.09,127.5,900.59
4741,908,BA,2024-05-29,delivered,玩具,669.18,66.0,735.18
4742,908,BA,2024-10-11,delivered,厨具,617.76,113.97,731.73
4743,908,BA,2023-09-09,delivered,电脑配件,718.16,74.71,792.87
4743,908,BA,2023-09-09,delivered,宠物用品,585.89,93.69,679.5799999999999
4744,908,BA,2024-10-29,delivered,厨具,217.69,13.74,231.43
4745,908,BA,2023-08-20,delivered,运动休闲,687.58,35.85,723.4300000000001
4746,908,BA,2023-02-13,delivered,家居家具,298.51,44.01,342.52
4746,908,BA,2023-02-13,delivered,玩具,779.94,127.84,907.7800000000001
4746,908,BA,2023-02-13,delivered,运动休闲,576.63,100.54,677.17
4747,908,BA,2024-12-06,delivered,厨具,592.55,88.67,681.2199999999999
4747,908,BA,2024-12-06,delivered,图书,778.75,131.84,910.59
4748,908,BA,2023-03-01,delivered,电脑配件,93.92,11.64,105.56
4749,908,BA,2023-04-25,delivered,美妆健康,700.76,40.19,740.95
4749,908,BA,2023-04-25,delivered,玩具,32.14,4.1,36.24
4750,908,BA,2023-10-15,delivered,电子产品,474.7,75.38,550.0799999999999
4750,908,BA,2023-10-15,delivered,玩具,595.71,60.73,656.44
4751,908,BA,2024-10-15,delivered,美妆健康,201.49,11.54,213.03
4751,908,BA,2024-10-15,delivered,玩具,377.54,31.37,408.91
4752,908,BA,2024-06-22,delivered,图书,478.52,57.59,536.11
4753,908,BA,2024-10-13,delivered,图书,246.82,25.6,272.42
4753,908,BA,2024-10-13,delivered,图书,270.64,27.5,298.14
4754,908,BA,2024-05-10,canceled,图书,396.73,51.36,448.09000000000003
4755,908,BA,2023-06-11,delivered,宠物用品,355.63,20.91,376.54
4756,908,BA,2023-11-07,delivered,服饰,605.84,52.63,658.47
4756,908,BA,2023-11-07,delivered,电子产品,788.63,105.22,893.85
4757,908,BA,2023-10-13,delivered,玩具,458.95,53.98,512.93
4757,908,BA,2023-10-13,delivered,电脑配件,407.54,42.87,450.41
4757,908,BA,2023-10-13,delivered,图书,253.58,28.75,282.33000000000004
4758,908,BA,2023-04-17,delivered,电子产品,663.17,94.41,757.5799999999999
4759,908,BA,2024-04-23,delivered,厨具,579.6,114.64,694.24
4759,908,BA,2024-04-23,delivered,宠物用品,257.06,38.16,295.22
4759,908,BA,2024-04-23,delivered,图书,732.18,103.04,835.2199999999999
4760,908,BA,2024-03-11,delivered,宠物用品,444.64,54.55,499.19
4761,908,BA,2024-04-28,delivered,厨具,557.09,103.65,660.74
4762,908,BA,2023-10-27,canceled,电子产品,477.78,82.65,560.43
4762,908,BA,2023-10-27,canceled,厨具,197.64,34.16,231.79999999999998
4763,908,BA,2024-05-03,delivered,服饰,128.93,8.3,137.23000000000002
4763,908,BA,2024-05-03,delivered,宠物用品,332.25,18.59,350.84
4764,908,BA,2024-05-10,delivered,美妆健康,111.02,13.11,124.13
4764,908,BA,2024-05-10,delivered,运动休闲,796.09,129.06,925.1500000000001
4765,908,BA,2024-10-21,delivered,玩具,696.73,83.21,779.94
4765,908,BA,2024-10-21,delivered,电子产品,634.17,68.92,703.0899999999999
4765,908,BA,2024-10-21,delivered,服饰,295.48,37.51,332.99
4766,908,BA,2024-12-03,delivered,服饰,205.01,36.2,241.20999999999998
4766,908,BA,2024-12-03,delivered,厨具,169.34,23.12,192.46
4767,908,BA,2024-12-17,delivered,服饰,49.85,3.39,53.24
4767,908,BA,2024-12-17,delivered,玩具,344.01,43.66,387.66999999999996
4767,908,BA,2024-12-17,delivered,服饰,518.0,69.8,587.8
4768,908,BA,2024-04-23,delivered,运动休闲,429.85,76.76,506.61
4768,908,BA,2024-04-23,delivered,图书,23.95,1.2,25.15
4769,908,BA,2023-02-05,delivered,电子产品,701.57,69.05,770.62
4769,908,BA,2023-02-05,delivered,图书,567.91,93.92,661.8299999999999
4769,908,BA,2023-02-05,delivered,图书,192.61,20.75,213.36
4770,908,BA,2023-11-25,delivered,玩具,706.39,46.77,753.16
4770,908,BA,2023-11-25,delivered,家居家具,271.25,50.51,321.76
4770,908,BA,2023-11-25,delivered,图书,332.76,30.97,363.73
4771,908,BA,2024-11-25,delivered,电子产品,97.98,11.57,109.55000000000001
4772,908,BA,2023-03-04,delivered,玩具,762.85,44.11,806.96
4772,908,BA,2023-03-04,delivered,电脑配件,495.15,62.61,557.76
4772,908,BA,2023-03-04,delivered,电脑配件,472.16,66.47,538.63
4773,908,BA,2024-09-16,delivered,运动休闲,795.18,141.88,937.06
4773,908,BA,2024-09-16,delivered,美妆健康,441.55,41.29,482.84000000000003
4773,908,BA,2024-09-16,delivered,玩具,210.64,11.4,222.04
4774,908,BA,2024-09-13,delivered,家居家具,154.42,20.05,174.47
4774,908,BA,2024-09-13,delivered,玩具,72.15,6.0,78.15
4775,908,BA,2024-11-17,delivered,玩具,605.78,44.6,650.38
4775,908,BA,2024-11-17,delivered,玩具,455.79,89.38,545.1700000000001
4776,908,BA,2024-09-04,delivered,图书,421.5,24.4,445.9
4776,908,BA,2024-09-04,delivered,玩具,424.05,27.37,451.42
4777,908,BA,2024-05-13,delivered,图书,558.27,55.07,613.34
4777,908,BA,2024-05-13,delivered,美妆健康,351.7,69.35,421.04999999999995
4778,908,BA,2023-06-24,delivered,美妆健康,89.24,7.78,97.02
4779,909,RS,2023-11-06,delivered,电脑配件,196.84,22.17,219.01
4780,909,RS,2023-05-08,delivered,电子产品,495.71,76.05,571.76
4781,909,RS,2024-11-25,delivered,厨具,186.96,15.67,202.63
4781,909,RS,2024-11-25,delivered,电子产品,183.35,30.98,214.32999999999998
4782,909,RS,2024-11-03,delivered,厨具,182.8,15.25,198.05
4782,909,RS,2024-11-03,delivered,运动休闲,410.43,59.51,469.94
4782,909,RS,2024-11-03,delivered,电脑配件,294.22,46.89,341.11
4783,909,RS,2024-09-30,delivered,玩具,464.79,67.32,532.11
4783,909,RS,2024-09-30,delivered,运动休闲,649.74,64.69,714.4300000000001
4783,909,RS,2024-09-30,delivered,服饰,797.51,102.55,900.06
4784,909,RS,2024-01-25,delivered,电子产品,237.26,28.4,265.65999999999997
4784,909,RS,2024-01-25,delivered,电子产品,638.22,118.59,756.8100000000001
4784,909,RS,2024-01-25,delivered,图书,670.85,74.04,744.89
4785,909,RS,2024-09-02,delivered,电脑配件,206.81,37.95,244.76
4785,909,RS,2024-09-02,delivered,电子产品,485.81,76.62,562.4300000000001
4785,909,RS,2024-09-02,delivered,服饰,552.68,64.13,616.81
4786,909,RS,2024-07-12,delivered,服饰,739.47,128.5,867.97
4787,909,RS,2023-02-08,delivered,电脑配件,285.26,44.98,330.24
4788,909,RS,2024-05-04,delivered,运动休闲,444.64,74.82,519.46
4788,909,RS,2024-05-04,delivered,电脑配件,270.56,23.4,293.96
4788,909,RS,2024-05-04,delivered,美妆健康,199.75,26.0,225.75
4789,909,RS,2023-05-23,delivered,电脑配件,464.31,92.25,556.56
4789,909,RS,2023-05-23,delivered,图书,357.34,70.59,427.92999999999995
4789,909,RS,2023-05-23,delivered,厨具,337.93,41.17,379.1
4790,909,RS,2024-12-19,delivered,电子产品,313.38,40.1,353.48
4790,909,RS,2024-12-19,delivered,家居家具,234.48,33.13,267.61
4790,909,RS,2024-12-19,delivered,美妆健康,663.81,129.23,793.04
4791,909,RS,2023-10-07,delivered,运动休闲,86.08,6.59,92.67
4791,909,RS,2023-10-07,delivered,电子产品,155.82,15.87,171.69
4792,909,RS,2024-08-27,canceled,电子产品,561.27,100.15,661.42
4792,909,RS,2024-08-27,canceled,运动休闲,205.52,40.87,246.39000000000001
4793,909,RS,2024-10-13,delivered,电子产品,495.24,54.88,550.12
4793,909,RS,2024-10-13,delivered,电脑配件,408.75,23.6,432.35
4794,909,RS,2023-11-30,canceled,电子产品,264.97,27.96,292.93
4794,909,RS,2023-11-30,canceled,服饰,295.75,42.85,338.6
4795,909,RS,2024-10-23,delivered,服饰,443.73,79.69,523.4200000000001
4796,909,RS,2023-02-04,delivered,服饰,282.24,54.9,337.14
4796,909,RS,2023-02-04,delivered,运动休闲,583.8,34.56,618.3599999999999
4796,909,RS,2023-02-04,delivered,电子产品,216.12,13.06,229.18
4797,909,RS,2024-04-30,delivered,运动休闲,189.56,23.95,213.51
4798,909,RS,2024-01-15,delivered,美妆健康,293.34,49.99,343.33
4798,909,RS,2024-01-15,delivered,运动休闲,620.45,73.75,694.2
4798,909,RS,2024-01-15,delivered,厨具,398.87,65.78,464.65
4799,909,RS,2023-06-11,delivered,运动休闲,567.21,72.87,640.08
4799,909,RS,2023-06-11,delivered,服饰,573.7,91.51,665.21
4799,909,RS,2023-06-11,delivered,电脑配件,461.34,70.38,531.72
4800,909,RS,2023-10-21,delivered,服饰,423.91,44.22,468.13
4800,909,RS,2023-10-21,delivered,家居家具,609.15,38.96,648.11
4801,909,RS,2023-07-26,delivered,运动休闲,577.94,86.09,664.0300000000001
4801,909,RS,2023-07-26,delivered,宠物用品,571.56,42.2,613.76
4801,909,RS,2023-07-26,delivered,宠物用品,254.5,47.77,302.27
4802,909,RS,2023-01-14,delivered,图书,634.24,102.94,737.1800000000001
4802,909,RS,2023-01-14,delivered,家居家具,615.9,45.17,661.0699999999999
4803,909,RS,2024-09-03,delivered,玩具,458.97,23.19,482.16
4803,909,RS,2024-09-03,delivered,厨具,313.85,19.78,333.63
4803,909,RS,2024-09-03,delivered,电脑配件,616.84,65.13,681.97
4804,909,RS,2024-05-30,delivered,美妆健康,483.01,31.55,514.56
4804,909,RS,2024-05-30,delivered,电脑配件,654.77,35.67,690.4399999999999
4805,909,RS,2024-01-15,delivered,图书,439.53,33.59,473.12
4805,909,RS,2024-01-15,delivered,家居家具,647.49,125.8,773.29
4805,909,RS,2024-01-15,delivered,图书,105.4,11.58,116.98
4806,909,RS,2023-12-13,delivered,美妆健康,221.5,26.93,248.43
4806,909,RS,2023-12-13,delivered,电子产品,89.69,4.51,94.2
4806,909,RS,2023-12-13,delivered,厨具,34.07,5.92,39.99
4807,909,RS,2024-04-14,delivered,服饰,781.98,70.06,852.04
4807,909,RS,2024-04-14,delivered,服饰,597.5,75.24,672.74
4808,909,RS,2024-08-21,delivered,运动休闲,654.56,99.37,753.93
4808,909,RS,2024-08-21,delivered,运动休闲,271.63,23.7,295.33
4808,909,RS,2024-08-21,delivered,服饰,528.32,91.43,619.75
4809,909,RS,2023-11-04,delivered,电脑配件,79.24,12.27,91.50999999999999
4809,909,RS,2023-11-04,delivered,运动休闲,381.49,70.45,451.94
4809,909,RS,2023-11-04,delivered,电脑配件,73.69,7.89,81.58
4810,910,PE,2024-03-23,delivered,宠物用品,510.61,40.78,551.39
4810,910,PE,2024-03-23,delivered,服饰,307.45,38.03,345.48
4811,911,CE,2023-04-24,delivered,电脑配件,272.0,13.67,285.67
4812,912,AM,2024-12-23,delivered,美妆健康,448.86,83.75,532.61
4812,912,AM,2024-12-23,delivered,电子产品,268.09,16.48,284.57
4812,912,AM,2024-12-23,delivered,美妆健康,584.62,37.24,621.86
4813,913,SC,2024-04-25,delivered,运动休闲,223.65,42.69,266.34000000000003
4814,914,RJ,2024-11-10,delivered,玩具,131.06,10.31,141.37
4814,914,RJ,2024-11-10,delivered,家居家具,554.26,74.24,628.5
4814,914,RJ,2024-11-10,delivered,电脑配件,288.27,29.64,317.90999999999997
4815,915,MG,2024-05-16,delivered,家居家具,455.49,70.02,525.51
4815,915,MG,2024-05-16,delivered,服饰,75.99,12.41,88.39999999999999
4815,915,MG,2024-05-16,delivered,运动休闲,390.8,21.91,412.71000000000004
4816,916,AM,2024-02-17,delivered,玩具,26.65,1.41,28.06
4817,917,MG,2023-09-07,delivered,电子产品,480.78,60.78,541.56
4818,918,RJ,2024-05-12,delivered,服饰,618.87,54.27,673.14
4818,918,RJ,2024-05-12,delivered,电脑配件,513.37,59.6,572.97
4819,919,BA,2023-07-18,canceled,电脑配件,579.21,42.62,621.83
4819,919,BA,2023-07-18,canceled,电子产品,295.65,31.66,327.31
4820,919,BA,2024-10-22,delivered,运动休闲,625.37,77.62,702.99
4820,919,BA,2024-10-22,delivered,玩具,469.98,36.31,506.29
4820,919,BA,2024-10-22,delivered,家居家具,144.36,9.54,153.9
4821,919,BA,2024-12-08,delivered,服饰,150.89,20.97,171.85999999999999
4821,919,BA,2024-12-08,delivered,宠物用品,673.14,116.45,789.59
4821,919,BA,2024-12-08,delivered,电脑配件,495.71,65.57,561.28
4822,919,BA,2024-07-30,canceled,厨具,398.22,71.38,469.6
4822,919,BA,2024-07-30,canceled,家居家具,716.47,76.9,793.37
4822,919,BA,2024-07-30,canceled,家居家具,449.7,66.73,516.43
4823,919,BA,2023-06-01,delivered,厨具,333.03,16.71,349.73999999999995
4823,919,BA,2023-06-01,delivered,电子产品,423.61,46.81,470.42
4823,919,BA,2023-06-01,delivered,电子产品,784.92,125.17,910.0899999999999
4824,919,BA,2023-03-18,delivered,图书,416.7,62.63,479.33
4824,919,BA,2023-03-18,delivered,服饰,107.59,9.65,117.24000000000001
4825,920,CE,2023-10-28,delivered,电脑配件,536.29,83.53,619.8199999999999
4825,920,CE,2023-10-28,delivered,运动休闲,617.31,110.15,727.4599999999999
4826,920,CE,2023-11-20,delivered,图书,777.34,144.17,921.51
4826,920,CE,2023-11-20,delivered,玩具,294.19,30.64,324.83
4826,920,CE,2023-11-20,delivered,电子产品,620.48,59.4,679.88
4827,920,CE,2023-02-27,delivered,服饰,522.66,30.53,553.1899999999999
4828,920,CE,2023-11-10,delivered,运动休闲,214.48,29.28,243.76
4828,920,CE,2023-11-10,delivered,家居家具,300.36,45.7,346.06
4829,920,CE,2024-10-17,delivered,玩具,526.48,46.72,573.2
4829,920,CE,2024-10-17,delivered,电子产品,559.55,55.95,615.5
4830,920,CE,2023-07-02,delivered,电子产品,285.74,20.5,306.24
4831,920,CE,2023-06-11,delivered,玩具,549.92,99.54,649.4599999999999
4832,920,CE,2024-11-18,delivered,美妆健康,440.19,75.69,515.88
4832,920,CE,2024-11-18,delivered,图书,429.58,71.76,501.34
4833,920,CE,2024-02-05,delivered,电子产品,401.05,73.57,474.62
4834,920,CE,2023-10-06,delivered,厨具,569.44,92.07,661.51
4834,920,CE,2023-10-06,delivered,家居家具,274.13,41.81,315.94
4834,920,CE,2023-10-06,delivered,家居家具,405.75,23.84,429.59
4835,920,CE,2024-07-20,delivered,厨具,664.71,111.04,775.75
4835,920,CE,2024-07-20,delivered,玩具,788.31,66.35,854.66
4836,920,CE,2023-11-24,delivered,服饰,27.97,5.31,33.28
4837,920,CE,2023-04-23,delivered,服饰,275.86,42.05,317.91
4838,920,CE,2023-01-25,delivered,服饰,290.39,32.66,323.04999999999995
4838,920,CE,2023-01-25,delivered,电脑配件,104.86,8.24,113.1
4838,920,CE,2023-01-25,delivered,宠物用品,545.92,76.93,622.8499999999999
4839,920,CE,2023-02-23,delivered,玩具,504.79,41.12,545.91
4839,920,CE,2023-02-23,delivered,玩具,705.64,85.12,790.76
4840,920,CE,2024-11-19,delivered,服饰,306.62,60.66,367.28
4840,920,CE,2024-11-19,delivered,运动休闲,443.91,39.42,483.33000000000004
4841,921,PE,2024-04-18,delivered,电子产品,40.9,6.13,47.03
4841,921,PE,2024-04-18,delivered,玩具,141.95,23.88,165.82999999999998
4841,921,PE,2024-04-18,delivered,玩具,419.65,29.55,449.2
4842,922,CE,2024-02-10,delivered,美妆健康,20.64,1.4,22.04
4842,922,CE,2024-02-10,delivered,运动休闲,124.72,9.72,134.44
4842,922,CE,2024-02-10,delivered,宠物用品,731.17,84.43,815.5999999999999
4843,923,BA,2023-11-10,canceled,电脑配件,722.43,119.65,842.0799999999999
4843,923,BA,2023-11-10,canceled,厨具,740.92,146.08,887.0
4844,924,PE,2024-07-28,delivered,家居家具,764.27,100.43,864.7
4844,924,PE,2024-07-28,delivered,玩具,170.27,8.58,178.85000000000002
4845,925,PR,2024-12-03,delivered,家居家具,767.7,77.07,844.77
4845,925,PR,2024-12-03,delivered,玩具,640.53,71.76,712.29
4845,925,PR,2024-12-03,delivered,服饰,650.95,52.35,703.3000000000001
4846,926,PE,2024-07-09,delivered,运动休闲,267.68,26.76,294.44
4846,926,PE,2024-07-09,delivered,图书,788.69,44.76,833.45
4847,927,SC,2024-12-15,delivered,服饰,769.96,88.51,858.47
4847,927,SC,2024-12-15,delivered,宠物用品,769.72,118.3,888.02
4847,927,SC,2024-12-15,delivered,厨具,291.71,53.05,344.76
4848,927,SC,2024-04-19,delivered,家居家具,444.04,43.03,487.07000000000005
4849,927,SC,2024-10-06,delivered,家居家具,524.3,76.38,600.68
4849,927,SC,2024-10-06,delivered,运动休闲,761.1,89.96,851.0600000000001
4849,927,SC,2024-10-06,delivered,玩具,310.91,33.27,344.18
4850,927,SC,2024-10-28,delivered,电子产品,634.3,56.22,690.52
4850,927,SC,2024-10-28,delivered,宠物用品,204.49,18.19,222.68
4850,927,SC,2024-10-28,delivered,家居家具,589.08,62.59,651.6700000000001
4851,927,SC,2024-10-10,delivered,电脑配件,520.49,63.02,583.51
4851,927,SC,2024-10-10,delivered,厨具,559.75,64.56,624.31
4851,927,SC,2024-10-10,delivered,运动休闲,406.49,44.45,450.94
4852,927,SC,2024-05-18,delivered,家居家具,317.91,58.74,376.65000000000003
4852,927,SC,2024-05-18,delivered,家居家具,587.9,72.86,660.76
4852,927,SC,2024-05-18,delivered,图书,24.73,2.7,27.43
4853,927,SC,2023-06-04,delivered,宠物用品,798.97,40.62,839.59
4853,927,SC,2023-06-04,delivered,电子产品,197.91,29.52,227.43
4854,927,SC,2023-02-14,delivered,美妆健康,655.17,97.36,752.53
4854,927,SC,2023-02-14,delivered,电子产品,597.52,107.52,705.04
4854,927,SC,2023-02-14,delivered,服饰,386.15,41.89,428.03999999999996
4855,927,SC,2024-07-25,delivered,玩具,423.17,64.41,487.58000000000004
4855,927,SC,2024-07-25,delivered,电脑配件,602.11,105.5,707.61
4856,927,SC,2024-11-27,canceled,运动休闲,344.08,43.22,387.29999999999995
4857,927,SC,2023-02-15,delivered,家居家具,766.64,91.33,857.97
4857,927,SC,2023-02-15,delivered,服饰,158.57,11.32,169.89
4858,927,SC,2024-11-30,delivered,运动休闲,531.89,83.04,614.93
4859,927,SC,2023-02-26,delivered,玩具,66.81,9.39,76.2
4859,927,SC,2023-02-26,delivered,电子产品,39.75,4.36,44.11
4860,927,SC,2024-11-20,delivered,厨具,519.31,72.42,591.7299999999999
4861,927,SC,2023-02-08,delivered,美妆健康,82.31,5.79,88.10000000000001
4862,927,SC,2024-12-12,delivered,运动休闲,446.93,64.1,511.03
4862,927,SC,2024-12-12,delivered,运动休闲,431.55,78.46,510.01
4863,927,SC,2024-07-19,delivered,家居家具,187.16,34.43,221.59
4863,927,SC,2024-07-19,delivered,美妆健康,56.22,9.41,65.63
4864,927,SC,2024-02-20,delivered,美妆健康,388.66,28.42,417.08000000000004
4865,927,SC,2024-02-16,delivered,玩具,417.12,20.91,438.03000000000003
4865,927,SC,2024-02-16,delivered,家居家具,210.42,32.44,242.85999999999999
4866,927,SC,2024-07-28,delivered,美妆健康,344.1,67.24,411.34000000000003
4866,927,SC,2024-07-28,delivered,家居家具,729.38,45.16,774.54
4866,927,SC,2024-07-28,delivered,服饰,381.4,69.44,450.84
4867,927,SC,2024-08-17,delivered,玩具,463.82,39.14,502.96
4868,927,SC,2024-11-13,delivered,图书,50.63,4.36,54.99
4869,927,SC,2023-10-07,delivered,电子产品,37.21,2.65,39.86
4869,927,SC,2023-10-07,delivered,图书,639.44,60.18,699.62
4869,927,SC,2023-10-07,delivered,厨具,657.14,115.67,772.81
4870,927,SC,2024-12-28,delivered,图书,24.87,4.27,29.14
4870,927,SC,2024-12-28,delivered,厨具,720.95,141.12,862.07
4870,927,SC,2024-12-28,delivered,服饰,539.57,94.59,634.1600000000001
4871,927,SC,2023-12-22,delivered,电子产品,592.96,66.74,659.7
4871,927,SC,2023-12-22,delivered,电脑配件,692.07,78.28,770.35
4872,927,SC,2024-07-16,delivered,玩具,34.54,2.84,37.379999999999995
4873,927,SC,2023-11-27,delivered,服饰,177.88,31.39,209.26999999999998
4873,927,SC,2023-11-27,delivered,运动休闲,727.43,104.97,832.4
4873,927,SC,2023-11-27,delivered,运动休闲,640.14,111.11,751.25
4874,927,SC,2024-11-16,delivered,服饰,599.62,53.22,652.84
4874,927,SC,2024-11-16,delivered,图书,92.15,5.77,97.92
4874,927,SC,2024-11-16,delivered,美妆健康,22.87,1.44,24.310000000000002
4875,927,SC,2023-10-26,delivered,玩具,303.28,21.1,324.38
4876,927,SC,2023-10-19,delivered,家居家具,402.93,72.3,475.23
4877,927,SC,2023-03-08,delivered,运动休闲,657.18,73.39,730.5699999999999
4878,927,SC,2023-06-07,delivered,厨具,345.78,20.49,366.27
4878,927,SC,2023-06-07,delivered,电子产品,447.83,41.04,488.87
4879,927,SC,2024-11-28,delivered,图书,35.67,5.01,40.68
4880,927,SC,2024-02-06,delivered,美妆健康,296.7,16.27,312.96999999999997
4880,927,SC,2024-02-06,delivered,服饰,532.74,97.71,630.45
4880,927,SC,2024-02-06,delivered,服饰,518.52,26.37,544.89
4881,927,SC,2024-08-16,delivered,厨具,160.55,12.79,173.34
4881,927,SC,2024-08-16,delivered,玩具,498.21,34.72,532.93
4881,927,SC,2024-08-16,delivered,电脑配件,45.03,5.75,50.78
4882,927,SC,2024-01-22,delivered,玩具,360.69,28.37,389.06
4882,927,SC,2024-01-22,delivered,美妆健康,589.39,86.59,675.98
4883,927,SC,2024-04-01,delivered,玩具,227.35,18.93,246.28
4883,927,SC,2024-04-01,delivered,玩具,300.0,27.19,327.19
4883,927,SC,2024-04-01,delivered,电子产品,475.32,58.03,533.35
4884,927,SC,2024-05-12,delivered,服饰,504.21,75.92,580.13
4884,927,SC,2024-05-12,delivered,电子产品,173.01,20.95,193.95999999999998
4884,927,SC,2024-05-12,delivered,服饰,452.92,57.53,510.45000000000005
4885,927,SC,2024-12-20,delivered,厨具,450.96,51.41,502.37
4886,927,SC,2024-06-13,delivered,宠物用品,218.4,42.65,261.05
4886,927,SC,2024-06-13,delivered,服饰,754.8,147.26,902.06
4886,927,SC,2024-06-13,delivered,家居家具,94.47,17.61,112.08
4887,927,SC,2024-05-07,delivered,家居家具,310.44,25.07,335.51
4887,927,SC,2024-05-07,delivered,图书,48.3,8.77,57.06999999999999
4888,927,SC,2023-05-04,delivered,玩具,397.82,42.59,440.40999999999997
4889,927,SC,2024-06-19,delivered,运动休闲,710.06,78.15,788.2099999999999
4890,927,SC,2023-05-12,delivered,宠物用品,763.0,47.47,810.47
4891,927,SC,2024-12-21,delivered,玩具,111.5,19.06,130.56
4891,927,SC,2024-12-21,delivered,美妆健康,483.7,72.76,556.46
4891,927,SC,2024-12-21,delivered,厨具,271.24,25.45,296.69
4892,927,SC,2024-03-22,delivered,电脑配件,771.29,75.54,846.8299999999999
4893,927,SC,2023-05-14,delivered,运动休闲,406.1,80.61,486.71000000000004
4893,927,SC,2023-05-14,delivered,运动休闲,106.53,9.15,115.68
4893,927,SC,2023-05-14,delivered,玩具,644.33,74.78,719.11
4894,927,SC,2024-12-08,delivered,厨具,677.19,113.0,790.19
4895,927,SC,2023-02-16,delivered,美妆健康,434.07,36.9,470.96999999999997
4896,927,SC,2024-04-13,delivered,电脑配件,542.44,33.5,575.94
4897,927,SC,2024-12-30,delivered,美妆健康,445.46,67.34,512.8
4897,927,SC,2024-12-30,delivered,玩具,494.23,88.77,583.0
4897,927,SC,2024-12-30,delivered,电脑配件,747.11,121.04,868.15
4898,927,SC,2024-11-05,canceled,运动休闲,148.0,17.85,165.85
4899,927,SC,2024-07-12,delivered,服饰,83.02,6.7,89.72
4899,927,SC,2024-07-12,delivered,厨具,568.65,35.03,603.68
4899,927,SC,2024-07-12,delivered,电脑配件,218.23,40.94,259.16999999999996
4900,927,SC,2024-12-29,canceled,运动休闲,776.96,76.47,853.4300000000001
4900,927,SC,2024-12-29,canceled,图书,713.86,101.92,815.78
4900,927,SC,2024-12-29,canceled,图书,296.63,21.76,318.39
4901,927,SC,2024-07-02,canceled,玩具,550.25,73.32,623.5699999999999
4901,927,SC,2024-07-02,canceled,厨具,219.54,32.47,252.01
4901,927,SC,2024-07-02,canceled,美妆健康,74.1,14.57,88.66999999999999
4902,927,SC,2024-10-05,delivered,厨具,478.01,54.95,532.96
4902,927,SC,2024-10-05,delivered,厨具,245.63,16.17,261.8
4902,927,SC,2024-10-05,delivered,厨具,386.83,30.17,417.0
4903,927,SC,2023-08-17,delivered,电脑配件,306.29,35.34,341.63
4904,927,SC,2024-08-30,delivered,玩具,382.39,34.98,417.37
4905,927,SC,2024-03-30,delivered,服饰,161.37,15.6,176.97
4905,927,SC,2024-03-30,delivered,服饰,272.69,42.99,315.68
4906,927,SC,2024-06-25,delivered,美妆健康,339.47,43.62,383.09000000000003
4906,927,SC,2024-06-25,delivered,玩具,340.66,38.89,379.55
4906,927,SC,2024-06-25,delivered,电脑配件,751.7,133.92,885.62
4907,927,SC,2023-10-23,delivered,玩具,311.92,61.18,373.1
4908,927,SC,2024-06-21,delivered,电子产品,402.18,45.07,447.25
4908,927,SC,2024-06-21,delivered,宠物用品,631.17,79.24,710.41
4909,927,SC,2024-05-10,delivered,电子产品,697.57,78.99,776.5600000000001
4909,927,SC,2024-05-10,delivered,厨具,65.27,4.06,69.33
4910,927,SC,2023-01-11,canceled,服饰,183.48,25.73,209.20999999999998
4910,927,SC,2023-01-11,canceled,宠物用品,230.91,28.24,259.15
4911,927,SC,2024-05-31,delivered,运动休闲,716.9,134.23,851.13
4912,927,SC,2024-12-12,delivered,服饰,755.5,120.17,875.67
4912,927,SC,2024-12-12,delivered,家居家具,229.72,12.14,241.86
4912,927,SC,2024-12-12,delivered,宠物用品,788.95,120.78,909.73
4913,927,SC,2024-06-03,canceled,玩具,302.6,40.0,342.6
4913,927,SC,2024-06-03,canceled,家居家具,250.91,45.82,296.73
4913,927,SC,2024-06-03,canceled,玩具,464.78,81.41,546.1899999999999
4914,927,SC,2024-11-01,delivered,运动休闲,540.25,87.89,628.14
4914,927,SC,2024-11-01,delivered,美妆健康,445.51,25.0,470.51
4914,927,SC,2024-11-01,delivered,家居家具,745.16,107.74,852.9
4915,927,SC,2024-12-10,canceled,家居家具,485.83,30.91,516.74
4916,927,SC,2023-04-19,delivered,玩具,377.0,57.46,434.46
4916,927,SC,2023-04-19,delivered,厨具,498.61,92.1,590.71
4916,927,SC,2023-04-19,delivered,宠物用品,214.85,37.51,252.35999999999999
4917,927,SC,2024-11-29,delivered,电子产品,502.1,45.05,547.15
4918,928,MG,2023-08-12,delivered,玩具,605.69,36.22,641.9100000000001
4919,929,CE,2024-05-01,delivered,服饰,779.69,68.18,847.8700000000001
4919,929,CE,2024-05-01,delivered,玩具,654.71,109.76,764.47
4920,929,CE,2023-08-10,delivered,电子产品,408.97,45.32,454.29
4920,929,CE,2023-08-10,delivered,图书,570.81,47.11,617.92
4920,929,CE,2023-08-10,delivered,电子产品,140.27,17.95,158.22
4921,929,CE,2024-03-23,delivered,服饰,543.36,49.6,592.96
4922,929,CE,2024-09-16,delivered,运动休闲,180.12,21.59,201.71
4922,929,CE,2024-09-16,delivered,电脑配件,188.57,22.9,211.47
4922,929,CE,2024-09-16,delivered,玩具,542.28,83.52,625.8
4923,929,CE,2023-12-17,canceled,服饰,638.77,47.05,685.8199999999999
4923,929,CE,2023-12-17,canceled,电脑配件,628.62,74.6,703.22
4923,929,CE,2023-12-17,canceled,服饰,133.19,11.57,144.76
4924,929,CE,2023-12-17,delivered,运动休闲,324.94,39.78,364.72
4924,929,CE,2023-12-17,delivered,玩具,381.27,33.36,414.63
4924,929,CE,2023-12-17,delivered,图书,457.26,33.38,490.64
4925,929,CE,2024-09-15,delivered,运动休闲,346.39,61.87,408.26
4925,929,CE,2024-09-15,delivered,家居家具,322.5,43.72,366.22
4926,929,CE,2023-09-12,delivered,美妆健康,506.79,41.51,548.3000000000001
4926,929,CE,2023-09-12,delivered,图书,155.02,23.22,178.24
4926,929,CE,2023-09-12,delivered,美妆健康,81.27,10.77,92.03999999999999
4927,929,CE,2024-11-13,delivered,服饰,752.14,42.17,794.31
4928,929,CE,2024-08-16,delivered,电脑配件,157.03,23.14,180.17000000000002
4928,929,CE,2024-08-16,delivered,玩具,768.42,146.93,915.3499999999999
4929,929,CE,2023-11-06,delivered,玩具,358.71,23.5,382.21
4929,929,CE,2023-11-06,delivered,电子产品,314.88,49.95,364.83
4930,929,CE,2024-09-19,delivered,运动休闲,562.71,97.54,660.25
4930,929,CE,2024-09-19,delivered,电脑配件,99.17,12.37,111.54
4930,929,CE,2024-09-19,delivered,运动休闲,219.77,31.23,251.0
4931,929,CE,2023-09-14,delivered,运动休闲,450.74,77.84,528.58
4931,929,CE,2023-09-14,delivered,服饰,92.04,7.62,99.66000000000001
4931,929,CE,2023-09-14,delivered,服饰,691.63,136.01,827.64
4932,929,CE,2024-04-15,delivered,厨具,688.93,100.6,789.53
4932,929,CE,2024-04-15,delivered,服饰,255.65,21.06,276.71
4933,929,CE,2023-02-17,delivered,家居家具,554.63,59.16,613.79
4934,929,CE,2024-10-23,delivered,服饰,239.2,18.49,257.69
4935,929,CE,2024-09-20,delivered,运动休闲,551.41,84.74,636.15
4935,929,CE,2024-09-20,delivered,家居家具,485.77,72.61,558.38
4936,929,CE,2024-08-14,delivered,厨具,417.09,25.04,442.13
4936,929,CE,2024-08-14,delivered,电子产品,183.45,33.61,217.06
4936,929,CE,2024-08-14,delivered,玩具,128.91,21.24,150.15
4937,929,CE,2023-05-29,delivered,服饰,510.46,29.9,540.36
4938,929,CE,2023-11-09,delivered,电子产品,188.29,15.53,203.82
4938,929,CE,2023-11-09,delivered,家居家具,477.88,53.43,531.31
4939,929,CE,2023-08-24,delivered,玩具,568.97,69.16,638.13
4940,929,CE,2023-05-25,delivered,电脑配件,324.55,33.2,357.75
4940,929,CE,2023-05-25,delivered,服饰,64.13,7.73,71.86
4941,929,CE,2024-07-07,delivered,厨具,789.18,91.26,880.4399999999999
4941,929,CE,2024-07-07,delivered,运动休闲,788.45,69.41,857.86
4942,929,CE,2023-06-17,delivered,电脑配件,556.75,49.5,606.25
4942,929,CE,2023-06-17,delivered,家居家具,391.82,25.17,416.99
4942,929,CE,2023-06-17,delivered,家居家具,761.01,131.0,892.01
4943,929,CE,2023-11-27,canceled,服饰,146.62,13.7,160.32
4944,929,CE,2023-08-24,delivered,运动休闲,536.16,29.12,565.28
4944,929,CE,2023-08-24,delivered,玩具,686.11,82.27,768.38
4945,929,CE,2024-10-07,delivered,厨具,222.75,27.84,250.59
4945,929,CE,2024-10-07,delivered,玩具,443.3,25.82,469.12
4946,929,CE,2023-09-29,delivered,服饰,240.22,19.82,260.04
4946,929,CE,2023-09-29,delivered,服饰,455.61,49.04,504.65000000000003
4947,929,CE,2024-03-07,delivered,宠物用品,627.05,70.79,697.8399999999999
4947,929,CE,2024-03-07,delivered,家居家具,580.11,81.72,661.83
4947,929,CE,2024-03-07,delivered,运动休闲,348.42,33.0,381.42
4948,929,CE,2023-08-28,delivered,家居家具,779.98,142.12,922.1
4948,929,CE,2023-08-28,delivered,服饰,165.68,32.37,198.05
4949,929,CE,2023-11-19,delivered,厨具,142.69,8.57,151.26
4949,929,CE,2023-11-19,delivered,玩具,786.76,55.1,841.86
4950,929,CE,2024-02-01,delivered,电子产品,631.35,66.73,698.08
4950,929,CE,2024-02-01,delivered,电脑配件,584.11,85.94,670.05
4950,929,CE,2024-02-01,delivered,图书,577.3,85.49,662.79
4951,929,CE,2024-10-12,delivered,美妆健康,539.81,55.59,595.4
4951,929,CE,2024-10-12,delivered,电脑配件,543.43,47.05,590.4799999999999
4952,929,CE,2023-11-05,delivered,美妆健康,677.36,99.44,776.8
4952,929,CE,2023-11-05,delivered,运动休闲,94.7,17.79,112.49000000000001
4953,929,CE,2024-02-10,canceled,电子产品,410.26,35.72,445.98
4953,929,CE,2024-02-10,canceled,服饰,645.72,86.89,732.61
4953,929,CE,2024-02-10,canceled,家居家具,647.72,54.72,702.44
4954,929,CE,2024-11-09,delivered,家居家具,421.48,78.64,500.12
4954,929,CE,2024-11-09,delivered,美妆健康,21.85,3.09,24.94
4954,929,CE,2024-11-09,delivered,服饰,345.03,47.24,392.27
4955,929,CE,2024-05-02,delivered,宠物用品,247.88,29.32,277.2
4955,929,CE,2024-05-02,delivered,宠物用品,362.22,58.57,420.79
4955,929,CE,2024-05-02,delivered,电脑配件,268.17,41.95,310.12
4956,929,CE,2023-04-30,delivered,运动休闲,691.68,60.03,751.7099999999999
4957,929,CE,2024-01-24,delivered,电子产品,640.21,61.51,701.72
4958,929,CE,2024-05-02,canceled,电脑配件,24.05,4.28,28.330000000000002
4958,929,CE,2024-05-02,canceled,家居家具,275.6,47.65,323.25
4959,929,CE,2023-07-15,delivered,美妆健康,261.27,46.41,307.67999999999995
4960,929,CE,2024-09-11,canceled,电子产品,522.35,41.97,564.32
4960,929,CE,2024-09-11,canceled,玩具,353.91,31.17,385.08000000000004
4960,929,CE,2024-09-11,canceled,图书,550.54,49.97,600.51
4961,929,CE,2024-07-09,delivered,服饰,740.99,43.22,784.21
4961,929,CE,2024-07-09,delivered,家居家具,253.51,50.44,303.95
4961,929,CE,2024-07-09,delivered,厨具,491.95,79.76,571.71
4962,929,CE,2023-12-01,canceled,运动休闲,592.34,47.81,640.1500000000001
4962,929,CE,2023-12-01,canceled,家居家具,169.09,16.9,185.99
4963,929,CE,2024-12-22,delivered,宠物用品,717.81,130.21,848.02
4964,929,CE,2023-05-29,delivered,运动休闲,413.1,54.31,467.41
4964,929,CE,2023-05-29,delivered,服饰,235.16,17.5,252.66
4964,929,CE,2023-05-29,delivered,电脑配件,72.55,13.73,86.28
4965,929,CE,2024-09-08,delivered,图书,361.62,22.51,384.13
4965,929,CE,2024-09-08,delivered,运动休闲,262.41,43.33,305.74
4965,929,CE,2024-09-08,delivered,电子产品,345.54,41.28,386.82000000000005
4966,929,CE,2024-12-02,delivered,美妆健康,297.22,40.48,337.70000000000005
4967,929,CE,2023-06-20,delivered,运动休闲,672.73,131.44,804.1700000000001
4967,929,CE,2023-06-20,delivered,服饰,701.14,107.84,808.98
4967,929,CE,2023-06-20,delivered,服饰,309.54,31.31,340.85
4968,929,CE,2023-01-02,delivered,电子产品,511.14,30.36,541.5
4968,929,CE,2023-01-02,delivered,服饰,496.52,41.2,537.72
4969,929,CE,2024-06-12,canceled,电脑配件,546.38,73.96,620.34
4970,929,CE,2023-05-23,delivered,美妆健康,797.01,44.29,841.3
4971,929,CE,2024-04-05,delivered,电子产品,632.6,35.54,668.14
4971,929,CE,2024-04-05,delivered,图书,191.69,36.29,227.98
4972,929,CE,2024-12-25,delivered,图书,676.97,94.39,771.36
4973,930,BA,2024-03-29,delivered,厨具,175.35,18.4,193.75
4973,930,BA,2024-03-29,delivered,电子产品,754.28,109.9,864.18
4973,930,BA,2024-03-29,delivered,玩具,299.48,57.67,357.15000000000003
4974,931,BA,2024-08-06,delivered,电子产品,200.26,17.62,217.88
4974,931,BA,2024-08-06,delivered,玩具,492.52,25.17,517.6899999999999
4974,931,BA,2024-08-06,delivered,服饰,29.58,4.58,34.16
4975,932,RJ,2024-07-06,delivered,厨具,555.73,89.54,645.27
4976,933,MG,2023-07-13,delivered,厨具,786.7,51.32,838.0200000000001
4976,933,MG,2023-07-13,delivered,家居家具,658.65,34.91,693.56
4977,934,PR,2024-02-20,delivered,图书,593.26,81.55,674.81
4978,935,CE,2024-07-09,delivered,服饰,379.99,61.27,441.26
4978,935,CE,2024-07-09,delivered,图书,85.23,10.86,96.09
4978,935,CE,2024-07-09,delivered,电子产品,612.97,43.36,656.33
4979,936,RJ,2023-03-26,delivered,家居家具,189.85,24.09,213.94
4980,937,PR,2024-10-20,delivered,玩具,343.96,46.31,390.27
4981,938,BA,2024-12-29,delivered,运动休闲,185.52,18.45,203.97
4981,938,BA,2024-12-29,delivered,图书,637.46,117.99,755.45
4981,938,BA,2024-12-29,delivered,服饰,101.53,17.3,118.83
4982,939,PR,2023-09-29,delivered,玩具,180.53,20.02,200.55
4983,940,RS,2024-03-28,delivered,玩具,718.38,137.58,855.96
4983,940,RS,2024-03-28,delivered,电脑配件,367.34,43.35,410.69
4983,940,RS,2024-03-28,delivered,厨具,151.01,15.62,166.63
4984,941,DF,2024-03-18,delivered,电脑配件,674.96,70.03,744.99
4985,942,BA,2024-12-15,delivered,家居家具,675.86,118.98,794.84
4985,942,BA,2024-12-15,delivered,图书,303.19,20.94,324.13
4986,943,SP,2024-07-15,delivered,厨具,692.15,105.39,797.54
4986,943,SP,2024-07-15,delivered,玩具,688.71,109.81,798.52
4987,944,PA,2024-05-15,delivered,电子产品,345.46,28.83,374.28999999999996
4988,945,SC,2023-06-05,delivered,家居家具,725.5,107.92,833.42
4988,945,SC,2023-06-05,delivered,厨具,663.11,98.28,761.39
4989,946,SC,2023-12-02,delivered,服饰,255.83,34.32,290.15000000000003
4989,946,SC,2023-12-02,delivered,运动休闲,694.89,59.21,754.1
4990,947,SC,2023-08-31,delivered,图书,403.9,27.7,431.59999999999997
4990,947,SC,2023-08-31,delivered,服饰,469.59,65.81,535.4
4991,948,PA,2024-06-21,canceled,电脑配件,557.97,102.51,660.48
4992,949,CE,2024-09-06,delivered,电脑配件,578.19,63.18,641.37
4992,949,CE,2024-09-06,delivered,厨具,173.19,21.09,194.28
4993,950,BA,2023-12-29,canceled,厨具,757.35,64.27,821.62
4993,950,BA,2023-12-29,canceled,美妆健康,737.68,50.5,788.18
4993,950,BA,2023-12-29,canceled,服饰,319.97,40.68,360.65000000000003
4994,951,SC,2024-12-01,delivered,电子产品,326.67,50.21,376.88
4995,952,RS,2024-09-19,delivered,电脑配件,407.55,25.11,432.66
4996,953,PR,2024-11-25,delivered,图书,667.2,83.35,750.5500000000001
4996,953,PR,2024-11-25,delivered,玩具,324.14,16.42,340.56
4997,954,SP,2024-12-04,delivered,玩具,769.07,45.15,814.22
4998,955,PE,2023-05-18,delivered,电子产品,570.09,109.31,679.4000000000001
4998,955,PE,2023-05-18,delivered,家居家具,668.18,60.16,728.3399999999999
4999,956,RS,2024-03-25,canceled,厨具,453.21,68.71,521.92
4999,956,RS,2024-03-25,canceled,运动休闲,627.94,58.53,686.47
5000,957,DF,2024-10-20,delivered,玩具,443.03,85.65,528.68
5000,957,DF,2024-10-20,delivered,服饰,20.42,2.25,22.67
5000,957,DF,2024-10-20,delivered,厨具,330.72,19.62,350.34000000000003
5001,958,PR,2024-09-26,delivered,宠物用品,139.59,9.53,149.12
5001,958,PR,2024-09-26,delivered,厨具,545.22,29.46,574.6800000000001
5001,958,PR,2024-09-26,delivered,家居家具,228.98,43.72,272.7
5002,958,PR,2024-01-09,delivered,图书,338.67,42.13,380.8
5003,958,PR,2023-06-09,delivered,图书,724.05,113.18,837.23
5003,958,PR,2023-06-09,delivered,服饰,229.86,32.24,262.1
5004,958,PR,2024-12-27,delivered,运动休闲,786.87,49.68,836.55
5004,958,PR,2024-12-27,delivered,电脑配件,556.03,77.65,633.68
5004,958,PR,2024-12-27,delivered,厨具,25.3,3.73,29.03
5005,958,PR,2024-02-22,delivered,服饰,501.29,58.49,559.78
5006,958,PR,2023-12-31,delivered,厨具,87.83,14.37,102.2
5006,958,PR,2023-12-31,delivered,玩具,126.58,15.97,142.55
5007,958,PR,2024-02-07,delivered,电脑配件,422.36,46.22,468.58000000000004
5007,958,PR,2024-02-07,delivered,电脑配件,682.7,90.46,773.1600000000001
5008,958,PR,2024-12-01,delivered,图书,405.76,41.35,447.11
5008,958,PR,2024-12-01,delivered,玩具,338.26,46.89,385.15
5009,958,PR,2024-08-10,delivered,美妆健康,730.76,62.29,793.05
5009,958,PR,2024-08-10,delivered,运动休闲,163.01,30.01,193.01999999999998
5009,958,PR,2024-08-10,delivered,家居家具,504.02,38.81,542.8299999999999
5010,958,PR,2023-10-20,delivered,玩具,398.93,52.73,451.66
5010,958,PR,2023-10-20,delivered,电脑配件,442.1,75.65,517.75
5010,958,PR,2023-10-20,delivered,运动休闲,755.43,150.37,905.8
5011,958,PR,2024-12-11,delivered,运动休闲,767.96,133.65,901.61
5012,958,PR,2024-01-08,delivered,厨具,687.33,44.67,732.0
5012,958,PR,2024-01-08,delivered,电脑配件,282.87,54.72,337.59000000000003
5013,958,PR,2024-12-30,delivered,运动休闲,366.06,22.05,388.11
5014,958,PR,2024-02-12,delivered,图书,731.74,60.76,792.5
5014,958,PR,2024-02-12,delivered,玩具,153.07,22.21,175.28
5014,958,PR,2024-02-12,delivered,电脑配件,134.97,16.67,151.64
5015,958,PR,2024-12-16,delivered,电子产品,218.97,25.82,244.79
5015,958,PR,2024-12-16,delivered,宠物用品,410.01,71.3,481.31
5016,958,PR,2024-05-05,delivered,美妆健康,759.58,127.15,886.73
5017,958,PR,2024-10-20,delivered,服饰,399.08,47.24,446.32
5018,958,PR,2023-10-20,delivered,厨具,237.14,26.28,263.41999999999996
5018,958,PR,2023-10-20,delivered,厨具,716.9,125.31,842.21
5018,958,PR,2023-10-20,delivered,运动休闲,109.9,14.29,124.19
5019,958,PR,2024-10-20,delivered,运动休闲,781.28,63.93,845.2099999999999
5019,958,PR,2024-10-20,delivered,玩具,694.21,112.4,806.61
5020,958,PR,2023-12-22,delivered,运动休闲,105.89,16.28,122.17
5020,958,PR,2023-12-22,delivered,运动休闲,707.15,131.11,838.26
5020,958,PR,2023-12-22,delivered,运动休闲,158.01,19.7,177.70999999999998
5021,958,PR,2024-05-22,delivered,厨具,591.89,88.55,680.4399999999999
5021,958,PR,2024-05-22,delivered,图书,113.01,21.94,134.95000000000002
5021,958,PR,2024-05-22,delivered,图书,538.17,53.89,592.06
5022,958,PR,2023-11-02,delivered,美妆健康,614.4,92.67,707.0699999999999
5022,958,PR,2023-11-02,delivered,玩具,477.61,42.28,519.89
5023,958,PR,2024-10-14,delivered,服饰,221.54,25.74,247.28
5023,958,PR,2024-10-14,delivered,电脑配件,507.07,45.45,552.52
5024,958,PR,2023-10-15,delivered,运动休闲,92.58,14.93,107.50999999999999
5025,958,PR,2024-12-15,delivered,电子产品,109.54,18.38,127.92
5025,958,PR,2024-12-15,delivered,电脑配件,736.69,138.81,875.5
5025,958,PR,2024-12-15,delivered,服饰,749.02,90.92,839.9399999999999
5026,958,PR,2024-05-06,delivered,家居家具,569.52,83.53,653.05
5026,958,PR,2024-05-06,delivered,电子产品,754.26,66.21,820.47
5026,958,PR,2024-05-06,delivered,运动休闲,742.41,146.48,888.89
5027,958,PR,2023-10-21,delivered,服饰,217.78,28.3,246.08
5027,958,PR,2023-10-21,delivered,服饰,572.41,94.96,667.37
5028,958,PR,2023-06-29,delivered,宠物用品,271.85,40.95,312.8
5029,958,PR,2023-07-09,delivered,家居家具,277.12,34.5,311.62
5029,958,PR,2023-07-09,delivered,服饰,707.68,45.34,753.02
5029,958,PR,2023-07-09,delivered,电子产品,388.82,23.31,412.13
5030,958,PR,2024-11-03,delivered,玩具,510.09,97.63,607.72
5031,958,PR,2024-12-13,delivered,厨具,562.82,76.08,638.9000000000001
5032,958,PR,2023-02-05,delivered,电脑配件,274.85,46.21,321.06
5032,958,PR,2023-02-05,delivered,服饰,785.62,104.05,889.67
5032,958,PR,2023-02-05,delivered,家居家具,619.69,59.72,679.4100000000001
5033,958,PR,2024-11-17,delivered,服饰,151.22,21.24,172.46
5034,958,PR,2024-10-20,delivered,服饰,678.13,112.26,790.39
5034,958,PR,2024-10-20,delivered,宠物用品,271.9,37.19,309.09
5035,958,PR,2024-04-06,canceled,电子产品,685.08,115.22,800.3000000000001
5036,958,PR,2023-06-13,delivered,服饰,559.43,85.72,645.15
5037,958,PR,2023-10-15,delivered,美妆健康,83.74,14.18,97.91999999999999
5037,958,PR,2023-10-15,delivered,玩具,134.93,19.32,154.25
5038,958,PR,2023-11-21,delivered,美妆健康,107.51,13.92,121.43
5038,958,PR,2023-11-21,delivered,服饰,420.07,54.37,474.44
5038,958,PR,2023-11-21,delivered,运动休闲,580.72,99.08,679.8000000000001
5039,958,PR,2023-11-16,delivered,电脑配件,477.31,52.07,529.38
5039,958,PR,2023-11-16,delivered,厨具,732.72,88.91,821.63
5040,958,PR,2024-08-19,delivered,运动休闲,23.68,2.21,25.89
5040,958,PR,2024-08-19,delivered,运动休闲,579.22,63.5,642.72
5040,958,PR,2024-08-19,delivered,电子产品,130.52,7.65,138.17000000000002
5041,958,PR,2024-07-30,delivered,电脑配件,368.0,49.89,417.89
5042,958,PR,2024-08-27,delivered,运动休闲,676.9,130.78,807.68
5042,958,PR,2024-08-27,delivered,美妆健康,733.06,130.78,863.8399999999999
5042,958,PR,2024-08-27,delivered,服饰,158.03,15.96,173.99
5043,958,PR,2023-03-17,delivered,图书,64.48,7.79,72.27000000000001
5044,958,PR,2024-01-19,canceled,宠物用品,233.98,30.88,264.86
5045,958,PR,2024-07-07,delivered,电子产品,721.32,120.9,842.22
5046,958,PR,2023-04-10,delivered,运动休闲,431.62,32.71,464.33
5046,958,PR,2023-04-10,delivered,厨具,178.16,11.43,189.59
5046,958,PR,2023-04-10,delivered,玩具,740.73,82.63,823.36
5047,958,PR,2023-06-23,delivered,服饰,550.48,53.37,603.85
5048,958,PR,2023-10-27,delivered,厨具,726.57,104.85,831.4200000000001
5049,958,PR,2024-09-27,delivered,运动休闲,138.35,10.34,148.69
5050,958,PR,2024-02-12,delivered,服饰,430.19,67.96,498.15
5051,958,PR,2024-09-10,delivered,运动休闲,151.29,25.58,176.87
5051,958,PR,2024-09-10,delivered,电子产品,734.26,129.18,863.44
5051,958,PR,2024-09-10,delivered,电子产品,428.89,39.22,468.11
5052,958,PR,2024-11-06,delivered,电脑配件,503.79,52.49,556.28
5052,958,PR,2024-11-06,delivered,电子产品,189.41,23.9,213.31
5052,958,PR,2024-11-06,delivered,服饰,102.64,18.71,121.35
5053,958,PR,2024-05-16,delivered,宠物用品,682.94,73.66,756.6
5054,958,PR,2023-11-07,delivered,图书,184.23,18.67,202.89999999999998
5054,958,PR,2023-11-07,delivered,服饰,135.16,26.01,161.17
5054,958,PR,2023-11-07,delivered,服饰,285.03,48.2,333.22999999999996
5055,958,PR,2024-07-24,delivered,服饰,219.57,30.11,249.68
5055,958,PR,2024-07-24,delivered,运动休闲,194.05,31.68,225.73000000000002
5055,958,PR,2024-07-24,delivered,电子产品,587.65,93.85,681.5
5056,958,PR,2024-03-22,delivered,电脑配件,477.39,42.75,520.14
5056,958,PR,2024-03-22,delivered,电子产品,619.87,38.35,658.22
5057,958,PR,2024-06-27,delivered,玩具,230.43,19.45,249.88
5057,958,PR,2024-06-27,delivered,玩具,108.81,10.21,119.02000000000001
5057,958,PR,2024-06-27,delivered,图书,652.26,46.22,698.48
5058,958,PR,2023-02-07,delivered,厨具,788.7,75.03,863.73
5059,958,PR,2024-07-09,delivered,运动休闲,195.52,30.72,226.24
5059,958,PR,2024-07-09,delivered,厨具,84.48,12.65,97.13000000000001
5060,958,PR,2023-07-01,delivered,家居家具,85.44,13.31,98.75
5060,958,PR,2023-07-01,delivered,电子产品,673.44,35.91,709.35
5060,958,PR,2023-07-01,delivered,服饰,396.46,20.66,417.12
5061,958,PR,2024-06-23,delivered,玩具,487.17,69.33,556.5
5062,958,PR,2024-05-11,delivered,美妆健康,447.29,55.0,502.29
5062,958,PR,2024-05-11,delivered,美妆健康,527.55,45.24,572.79
5062,958,PR,2024-05-11,delivered,服饰,611.01,111.11,722.12
5063,958,PR,2024-01-14,delivered,宠物用品,143.7,17.15,160.85
5063,958,PR,2024-01-14,delivered,运动休闲,24.27,4.71,28.98
5063,958,PR,2024-01-14,delivered,图书,649.18,117.51,766.6899999999999
5064,958,PR,2023-09-07,delivered,厨具,178.28,20.56,198.84
5064,958,PR,2023-09-07,delivered,图书,32.05,2.93,34.98
5065,958,PR,2023-08-30,delivered,服饰,210.18,19.35,229.53
5065,958,PR,2023-08-30,delivered,玩具,475.28,53.49,528.77
5065,958,PR,2023-08-30,delivered,图书,647.02,88.88,735.9
5066,958,PR,2023-06-22,delivered,运动休闲,446.4,27.43,473.83
5066,958,PR,2023-06-22,delivered,家居家具,496.55,96.13,592.6800000000001
5067,959,MG,2024-11-20,delivered,玩具,147.8,21.15,168.95000000000002
5067,959,MG,2024-11-20,delivered,运动休闲,81.03,16.15,97.18
5067,959,MG,2024-11-20,delivered,电脑配件,554.06,70.15,624.2099999999999
5068,960,AM,2024-11-19,canceled,厨具,752.06,40.64,792.6999999999999
5068,960,AM,2024-11-19,canceled,宠物用品,90.93,5.78,96.71000000000001
5068,960,AM,2024-11-19,canceled,服饰,748.28,46.03,794.31
5069,961,CE,2023-03-08,delivered,服饰,489.78,88.91,578.6899999999999
5069,961,CE,2023-03-08,delivered,家居家具,664.25,123.72,787.97
5070,961,CE,2023-11-05,delivered,电脑配件,243.21,16.7,259.91
5070,961,CE,2023-11-05,delivered,家居家具,343.6,67.37,410.97
5071,961,CE,2024-06-23,delivered,厨具,144.93,20.03,164.96
5072,961,CE,2024-08-07,delivered,运动休闲,478.39,70.83,549.22
5073,961,CE,2023-05-10,delivered,运动休闲,320.66,40.03,360.69000000000005
5073,961,CE,2023-05-10,delivered,服饰,586.62,42.95,629.57
5073,961,CE,2023-05-10,delivered,电脑配件,282.32,30.77,313.09
5074,961,CE,2024-06-19,canceled,电子产品,567.01,77.42,644.43
5074,961,CE,2024-06-19,canceled,美妆健康,331.61,62.36,393.97
5075,961,CE,2023-09-24,delivered,电子产品,190.51,12.48,202.98999999999998
5076,961,CE,2023-05-31,delivered,家居家具,611.85,55.06,666.9100000000001
5076,961,CE,2023-05-31,delivered,厨具,382.41,69.48,451.89000000000004
5076,961,CE,2023-05-31,delivered,玩具,136.25,21.26,157.51
5077,961,CE,2023-09-16,delivered,厨具,438.36,76.46,514.82
5077,961,CE,2023-09-16,delivered,家居家具,222.91,20.34,243.25
5077,961,CE,2023-09-16,delivered,运动休闲,346.58,62.42,409.0
5078,961,CE,2023-05-21,delivered,运动休闲,503.57,81.75,585.3199999999999
5078,961,CE,2023-05-21,delivered,家居家具,443.07,26.66,469.73
5079,961,CE,2024-10-26,delivered,家居家具,143.31,17.2,160.51
5079,961,CE,2024-10-26,delivered,玩具,279.38,28.2,307.58
5079,961,CE,2024-10-26,delivered,服饰,781.14,131.2,912.3399999999999
5080,961,CE,2023-11-20,delivered,服饰,641.66,55.49,697.15
5080,961,CE,2023-11-20,delivered,玩具,458.31,36.87,495.18
5080,961,CE,2023-11-20,delivered,电脑配件,509.6,90.98,600.58
5081,961,CE,2024-06-17,delivered,服饰,772.17,134.19,906.3599999999999
5082,961,CE,2024-11-26,delivered,图书,393.16,52.07,445.23
5082,961,CE,2024-11-26,delivered,电脑配件,763.01,52.95,815.96
5082,961,CE,2024-11-26,delivered,服饰,376.19,41.93,418.12
5083,961,CE,2024-06-03,delivered,电子产品,245.28,40.8,286.08
5083,961,CE,2024-06-03,delivered,宠物用品,422.61,75.99,498.6
5083,961,CE,2024-06-03,delivered,电子产品,622.96,67.05,690.01
5084,961,CE,2024-08-03,canceled,宠物用品,534.56,28.66,563.2199999999999
5085,961,CE,2024-01-14,delivered,图书,257.32,19.87,277.19
5085,961,CE,2024-01-14,delivered,玩具,766.76,39.79,806.55
5086,961,CE,2023-07-03,delivered,电子产品,768.96,96.7,865.6600000000001
5087,961,CE,2024-12-14,delivered,运动休闲,754.02,94.96,848.98
5087,961,CE,2024-12-14,delivered,运动休闲,300.41,33.96,334.37
5088,961,CE,2023-11-21,delivered,电脑配件,220.9,39.63,260.53000000000003
5088,961,CE,2023-11-21,delivered,宠物用品,158.48,22.93,181.41
5089,961,CE,2023-04-08,delivered,美妆健康,386.0,47.92,433.92
5089,961,CE,2023-04-08,delivered,运动休闲,595.24,60.16,655.4
5089,961,CE,2023-04-08,delivered,服饰,694.01,81.19,775.2
5090,961,CE,2023-09-02,delivered,电子产品,57.89,7.08,64.97
5091,961,CE,2023-03-25,delivered,电子产品,291.62,16.29,307.91
5092,961,CE,2023-09-19,delivered,宠物用品,219.59,43.18,262.77
5092,961,CE,2023-09-19,delivered,图书,243.41,18.37,261.78
5092,961,CE,2023-09-19,delivered,服饰,490.1,37.09,527.19
5093,961,CE,2024-05-09,delivered,运动休闲,562.84,46.11,608.95
5094,961,CE,2024-08-06,delivered,宠物用品,501.8,84.13,585.9300000000001
5094,961,CE,2024-08-06,delivered,家居家具,112.2,6.29,118.49000000000001
5095,961,CE,2023-03-10,delivered,图书,513.27,63.38,576.65
5095,961,CE,2023-03-10,delivered,美妆健康,543.87,47.32,591.19
5096,961,CE,2023-07-18,delivered,运动休闲,235.91,32.81,268.72
5096,961,CE,2023-07-18,delivered,图书,137.47,21.45,158.92
5096,961,CE,2023-07-18,delivered,图书,207.54,38.56,246.1
5097,961,CE,2023-05-13,delivered,玩具,70.09,7.11,77.2
5098,961,CE,2023-12-31,delivered,电脑配件,365.61,48.35,413.96000000000004
5098,961,CE,2023-12-31,delivered,服饰,314.71,54.89,369.59999999999997
5098,961,CE,2023-12-31,delivered,厨具,199.0,22.1,221.1
5099,961,CE,2024-08-27,delivered,电脑配件,446.97,32.07,479.04
5099,961,CE,2024-08-27,delivered,宠物用品,105.06,14.16,119.22
5100,961,CE,2024-12-04,delivered,运动休闲,155.9,28.51,184.41
5100,961,CE,2024-12-04,delivered,厨具,367.25,68.97,436.22
5100,961,CE,2024-12-04,delivered,宠物用品,711.11,67.01,778.12
5101,961,CE,2023-05-18,delivered,服饰,770.95,52.18,823.13
5102,961,CE,2024-04-29,delivered,电子产品,434.6,49.07,483.67
5103,961,CE,2024-11-14,delivered,服饰,379.42,61.11,440.53000000000003
5104,961,CE,2023-09-28,delivered,服饰,736.32,76.77,813.09
5104,961,CE,2023-09-28,delivered,运动休闲,603.8,75.92,679.7199999999999
5104,961,CE,2023-09-28,delivered,家居家具,592.85,37.62,630.47
5105,961,CE,2023-05-18,delivered,厨具,345.81,35.81,381.62
5105,961,CE,2023-05-18,delivered,玩具,647.34,36.49,683.83
5105,961,CE,2023-05-18,delivered,美妆健康,249.02,37.63,286.65000000000003
5106,961,CE,2024-03-28,delivered,厨具,378.22,24.92,403.14000000000004
5106,961,CE,2024-03-28,delivered,服饰,350.76,67.15,417.90999999999997
5107,961,CE,2024-11-02,delivered,服饰,578.21,86.36,664.57
5108,961,CE,2024-12-19,delivered,玩具,231.27,29.8,261.07
5108,961,CE,2024-12-19,delivered,电子产品,425.19,65.4,490.59000000000003
5108,961,CE,2024-12-19,delivered,美妆健康,724.68,128.4,853.0799999999999
5109,961,CE,2023-11-12,delivered,家居家具,556.97,32.14,589.11
5109,961,CE,2023-11-12,delivered,玩具,631.66,123.76,755.42
5110,962,CE,2023-04-14,delivered,运动休闲,563.23,35.97,599.2
5110,962,CE,2023-04-14,delivered,运动休闲,127.28,21.24,148.52
5110,962,CE,2023-04-14,delivered,美妆健康,334.98,38.89,373.87
5111,963,AM,2023-03-04,delivered,运动休闲,424.96,30.33,455.28999999999996
5111,963,AM,2023-03-04,delivered,服饰,395.0,35.63,430.63
5112,964,BA,2023-06-12,delivered,美妆健康,565.11,42.23,607.34
5112,964,BA,2023-06-12,delivered,运动休闲,348.52,36.37,384.89
5112,964,BA,2023-06-12,delivered,玩具,661.41,54.78,716.1899999999999
5113,964,BA,2024-02-07,canceled,宠物用品,552.57,70.18,622.75
5113,964,BA,2024-02-07,canceled,服饰,362.43,47.19,409.62
5114,964,BA,2024-04-22,delivered,运动休闲,507.05,71.52,578.57
5114,964,BA,2024-04-22,delivered,美妆健康,282.59,47.18,329.77
5114,964,BA,2024-04-22,delivered,运动休闲,382.39,74.72,457.11
5115,964,BA,2023-01-15,delivered,美妆健康,589.54,99.3,688.8399999999999
5115,964,BA,2023-01-15,delivered,电脑配件,788.64,129.06,917.7
5115,964,BA,2023-01-15,delivered,厨具,678.15,97.21,775.36
5116,964,BA,2024-07-22,delivered,服饰,160.0,14.35,174.35
5116,964,BA,2024-07-22,delivered,厨具,104.75,5.43,110.18
5117,964,BA,2023-05-09,delivered,宠物用品,705.37,110.29,815.66
5117,964,BA,2023-05-09,delivered,家居家具,782.78,66.03,848.81
5117,964,BA,2023-05-09,delivered,家居家具,721.93,39.03,760.9599999999999
5118,964,BA,2024-10-14,delivered,家居家具,560.7,91.55,652.25
5118,964,BA,2024-10-14,delivered,厨具,106.15,16.27,122.42
5119,964,BA,2023-04-30,delivered,电子产品,628.92,110.32,739.24
5120,964,BA,2024-06-13,delivered,服饰,321.58,52.33,373.90999999999997
5121,964,BA,2024-07-18,delivered,电子产品,138.83,9.68,148.51000000000002
5121,964,BA,2024-07-18,delivered,玩具,294.48,57.98,352.46000000000004
5121,964,BA,2024-07-18,delivered,电子产品,190.06,16.09,206.15
5122,964,BA,2023-09-04,delivered,电脑配件,43.49,4.73,48.22
5122,964,BA,2023-09-04,delivered,玩具,565.95,112.74,678.69
5123,964,BA,2023-01-20,delivered,运动休闲,205.77,25.82,231.59
5123,964,BA,2023-01-20,delivered,家居家具,31.1,4.99,36.09
5123,964,BA,2023-01-20,delivered,图书,310.97,26.04,337.01000000000005
5124,964,BA,2024-05-04,canceled,电脑配件,183.1,9.54,192.64
5124,964,BA,2024-05-04,canceled,家居家具,27.27,5.26,32.53
5125,964,BA,2024-11-30,delivered,电子产品,183.16,35.83,218.99
5125,964,BA,2024-11-30,delivered,电子产品,285.37,49.4,334.77
5126,964,BA,2023-01-15,delivered,厨具,337.07,34.26,371.33
5127,964,BA,2023-07-04,delivered,玩具,105.31,19.11,124.42
5127,964,BA,2023-07-04,delivered,玩具,533.04,36.79,569.8299999999999
5128,964,BA,2023-09-18,delivered,图书,568.35,41.94,610.29
5128,964,BA,2023-09-18,delivered,宠物用品,245.82,33.53,279.35
5128,964,BA,2023-09-18,delivered,玩具,371.08,42.35,413.43
5129,964,BA,2023-01-15,delivered,家居家具,541.78,86.93,628.71
5129,964,BA,2023-01-15,delivered,宠物用品,38.87,3.43,42.3
5130,964,BA,2023-08-29,delivered,厨具,345.76,21.47,367.23
5130,964,BA,2023-08-29,delivered,服饰,427.09,32.73,459.82
5131,964,BA,2023-07-17,delivered,运动休闲,371.3,25.08,396.38
5131,964,BA,2023-07-17,delivered,电子产品,221.92,12.96,234.88
5132,964,BA,2023-11-17,canceled,电脑配件,128.87,15.09,143.96
5132,964,BA,2023-11-17,canceled,厨具,641.59,113.56,755.1500000000001
5133,964,BA,2023-01-28,delivered,家居家具,262.79,27.32,290.11
5133,964,BA,2023-01-28,delivered,电脑配件,277.4,33.43,310.83
5134,964,BA,2023-07-05,delivered,玩具,206.66,10.75,217.41
5134,964,BA,2023-07-05,delivered,厨具,662.4,38.95,701.35
5135,964,BA,2023-08-20,delivered,电脑配件,472.57,93.23,565.8
5135,964,BA,2023-08-20,delivered,运动休闲,591.77,54.24,646.01
5136,964,BA,2024-01-10,delivered,美妆健康,502.67,56.33,559.0
5136,964,BA,2024-01-10,delivered,图书,191.97,34.54,226.51
5136,964,BA,2024-01-10,delivered,运动休闲,671.94,49.66,721.6
5137,964,BA,2024-05-22,canceled,图书,616.19,73.08,689.2700000000001
5138,964,BA,2023-02-04,delivered,服饰,146.75,16.14,162.89
5138,964,BA,2023-02-04,delivered,运动休闲,567.25,104.43,671.6800000000001
5139,964,BA,2024-07-01,delivered,厨具,326.61,30.39,357.0
5139,964,BA,2024-07-01,delivered,电脑配件,435.18,83.92,519.1
5139,964,BA,2024-07-01,delivered,家居家具,779.93,72.0,851.93
5140,964,BA,2024-05-12,delivered,图书,601.41,41.76,643.17
5140,964,BA,2024-05-12,delivered,电脑配件,547.17,96.55,643.7199999999999
5141,964,BA,2023-05-31,delivered,玩具,622.2,56.26,678.46
5141,964,BA,2023-05-31,delivered,运动休闲,552.79,48.78,601.5699999999999
5142,964,BA,2023-12-27,delivered,美妆健康,239.55,31.9,271.45
5142,964,BA,2023-12-27,delivered,运动休闲,773.29,52.79,826.0799999999999
5142,964,BA,2023-12-27,delivered,运动休闲,554.81,105.71,660.52
5143,964,BA,2023-07-15,delivered,运动休闲,298.88,57.42,356.3
5144,964,BA,2024-07-08,delivered,美妆健康,573.96,72.94,646.9000000000001
5144,964,BA,2024-07-08,delivered,服饰,511.1,67.7,578.8000000000001
5145,965,RJ,2023-12-17,delivered,玩具,351.37,38.89,390.26
5145,965,RJ,2023-12-17,delivered,美妆健康,113.8,10.11,123.91
5146,966,RS,2024-05-02,delivered,玩具,765.89,129.43,895.3199999999999
5147,967,BA,2024-12-04,delivered,玩具,558.3,49.85,608.15
5147,967,BA,2024-12-04,delivered,家居家具,626.54,45.82,672.36
5148,968,SC,2024-03-10,delivered,图书,137.29,13.5,150.79
5148,968,SC,2024-03-10,delivered,宠物用品,331.44,33.5,364.94
5149,969,SC,2023-04-26,delivered,运动休闲,182.31,25.13,207.44
5149,969,SC,2023-04-26,delivered,厨具,344.46,30.87,375.33
5149,969,SC,2023-04-26,delivered,家居家具,575.33,73.25,648.58
5150,969,SC,2024-08-28,delivered,图书,46.57,4.07,50.64
5150,969,SC,2024-08-28,delivered,家居家具,254.31,35.63,289.94
5151,969,SC,2024-10-08,delivered,运动休闲,427.07,31.17,458.24
5151,969,SC,2024-10-08,delivered,图书,154.6,9.71,164.31
5152,969,SC,2023-05-07,delivered,宠物用品,426.48,28.42,454.90000000000003
5152,969,SC,2023-05-07,delivered,电子产品,156.1,12.13,168.23
5153,969,SC,2024-11-15,delivered,电子产品,270.31,17.34,287.65
5153,969,SC,2024-11-15,delivered,图书,127.12,25.42,152.54000000000002
5154,969,SC,2024-04-13,delivered,服饰,737.48,79.73,817.21
5154,969,SC,2024-04-13,delivered,服饰,702.2,65.18,767.3800000000001
5154,969,SC,2024-04-13,delivered,服饰,723.14,130.79,853.93
5155,969,SC,2024-01-27,delivered,宠物用品,310.59,60.68,371.27
5155,969,SC,2024-01-27,delivered,玩具,780.77,147.68,928.45
5156,969,SC,2024-10-29,delivered,家居家具,128.08,6.44,134.52
5156,969,SC,2024-10-29,delivered,运动休闲,202.53,15.41,217.94
5156,969,SC,2024-10-29,delivered,电子产品,436.69,28.2,464.89
5157,969,SC,2023-10-21,delivered,电子产品,266.63,38.84,305.47
5157,969,SC,2023-10-21,delivered,美妆健康,287.62,41.01,328.63
5158,969,SC,2024-08-24,delivered,服饰,766.98,97.22,864.2
5158,969,SC,2024-08-24,delivered,电子产品,57.71,11.15,68.86
5158,969,SC,2024-08-24,delivered,电子产品,445.85,27.67,473.52000000000004
5159,969,SC,2023-09-10,delivered,服饰,209.5,22.5,232.0
5159,969,SC,2023-09-10,delivered,图书,463.1,38.16,501.26
5160,969,SC,2023-12-22,delivered,图书,191.02,38.13,229.15
5160,969,SC,2023-12-22,delivered,玩具,532.94,65.12,598.0600000000001
5161,969,SC,2024-05-19,delivered,家居家具,465.58,23.8,489.38
5161,969,SC,2024-05-19,delivered,宠物用品,183.67,18.52,202.19
5161,969,SC,2024-05-19,delivered,电脑配件,659.67,51.13,710.8
5162,969,SC,2024-03-18,delivered,玩具,658.64,110.04,768.68
5162,969,SC,2024-03-18,delivered,图书,449.88,50.51,500.39
5162,969,SC,2024-03-18,delivered,家居家具,136.68,8.57,145.25
5163,969,SC,2023-07-14,delivered,美妆健康,680.76,88.26,769.02
5164,969,SC,2023-09-02,delivered,电子产品,300.54,22.51,323.05
5165,969,SC,2024-03-25,canceled,家居家具,724.24,58.82,783.0600000000001
5165,969,SC,2024-03-25,canceled,电子产品,391.98,28.84,420.82
5165,969,SC,2024-03-25,canceled,电子产品,305.71,21.21,326.91999999999996
5166,969,SC,2024-04-01,delivered,厨具,311.43,58.88,370.31
5166,969,SC,2024-04-01,delivered,服饰,588.58,51.27,639.85
5166,969,SC,2024-04-01,delivered,服饰,742.38,115.55,857.93
5167,969,SC,2024-08-09,delivered,厨具,588.19,50.62,638.8100000000001
5167,969,SC,2024-08-09,delivered,电脑配件,608.39,57.78,666.17
5168,969,SC,2024-09-02,delivered,服饰,358.36,61.75,420.11
5169,969,SC,2024-08-06,delivered,玩具,288.61,35.37,323.98
5170,969,SC,2024-06-13,delivered,玩具,729.21,52.76,781.97
5171,969,SC,2023-12-28,delivered,厨具,317.32,16.92,334.24
5172,969,SC,2023-02-24,delivered,厨具,48.89,7.86,56.75
5173,969,SC,2024-04-09,delivered,运动休闲,307.34,33.09,340.42999999999995
5173,969,SC,2024-04-09,delivered,运动休闲,67.21,9.42,76.63
5173,969,SC,2024-04-09,delivered,家居家具,450.87,80.51,531.38
5174,969,SC,2024-08-12,canceled,美妆健康,48.17,7.33,55.5
5174,969,SC,2024-08-12,canceled,家居家具,180.47,11.71,192.18
5174,969,SC,2024-08-12,canceled,玩具,307.74,48.29,356.03000000000003
5175,969,SC,2023-01-20,delivered,服饰,738.11,55.34,793.45
5175,969,SC,2023-01-20,delivered,宠物用品,494.53,73.14,567.67
5175,969,SC,2023-01-20,delivered,家居家具,361.41,19.3,380.71000000000004
5176,969,SC,2023-05-01,canceled,服饰,491.35,82.4,573.75
5176,969,SC,2023-05-01,canceled,厨具,202.91,23.06,225.97
5176,969,SC,2023-05-01,canceled,玩具,695.39,104.36,799.75
5177,969,SC,2024-10-03,delivered,电脑配件,216.44,38.87,255.31
5177,969,SC,2024-10-03,delivered,玩具,661.42,109.61,771.03
5177,969,SC,2024-10-03,delivered,美妆健康,47.03,8.09,55.120000000000005
5178,969,SC,2024-11-23,delivered,宠物用品,155.4,15.29,170.69
5178,969,SC,2024-11-23,delivered,图书,744.92,72.81,817.73
5179,969,SC,2023-12-07,delivered,美妆健康,413.66,49.9,463.56
5180,969,SC,2023-06-05,delivered,玩具,302.34,55.17,357.51
5180,969,SC,2023-06-05,delivered,服饰,268.85,49.41,318.26
5181,969,SC,2023-03-13,delivered,玩具,265.33,28.53,293.86
5181,969,SC,2023-03-13,delivered,玩具,418.2,52.97,471.16999999999996
5181,969,SC,2023-03-13,delivered,运动休闲,307.89,40.06,347.95
5182,969,SC,2023-05-04,delivered,电子产品,182.81,13.62,196.43
5182,969,SC,2023-05-04,delivered,家居家具,507.44,42.65,550.09
5182,969,SC,2023-05-04,delivered,图书,632.16,120.31,752.47
5183,969,SC,2024-10-12,delivered,运动休闲,252.85,16.49,269.34
5184,969,SC,2024-11-10,delivered,电脑配件,326.92,62.98,389.90000000000003
5184,969,SC,2024-11-10,delivered,厨具,791.76,61.8,853.56
5184,969,SC,2024-11-10,delivered,家居家具,790.0,65.89,855.89
5185,970,AM,2023-03-01,delivered,家居家具,569.42,70.83,640.25
5185,970,AM,2023-03-01,delivered,厨具,99.12,14.58,113.7
5185,970,AM,2023-03-01,delivered,电子产品,526.63,31.4,558.03
5186,971,PE,2023-08-11,delivered,运动休闲,285.19,21.98,307.17
5186,971,PE,2023-08-11,delivered,家居家具,398.8,59.02,457.82
5187,972,SC,2024-07-06,canceled,家居家具,336.96,38.4,375.35999999999996
5188,973,RS,2024-08-29,delivered,服饰,357.74,36.53,394.27
5188,973,RS,2024-08-29,delivered,运动休闲,396.69,56.76,453.45
5188,973,RS,2024-08-29,delivered,美妆健康,707.29,41.74,749.03
5189,974,SP,2023-06-29,delivered,图书,58.18,7.42,65.6
5189,974,SP,2023-06-29,delivered,厨具,777.04,145.7,922.74
5189,974,SP,2023-06-29,delivered,厨具,221.9,22.38,244.28
5190,975,MG,2023-08-26,delivered,电脑配件,689.7,47.59,737.2900000000001
5190,975,MG,2023-08-26,delivered,玩具,432.58,34.98,467.56
5191,976,SP,2024-05-21,delivered,图书,389.09,62.14,451.22999999999996
5191,976,SP,2024-05-21,delivered,厨具,376.15,36.05,412.2
5191,976,SP,2024-05-21,delivered,运动休闲,140.6,15.51,156.10999999999999
5192,977,SC,2023-12-14,delivered,运动休闲,763.77,55.84,819.61
5193,978,PA,2024-07-22,delivered,运动休闲,179.34,35.23,214.57
5194,979,PE,2023-10-18,delivered,玩具,490.16,85.18,575.34
5195,980,DF,2024-04-22,delivered,运动休闲,472.97,34.46,507.43
5195,980,DF,2024-04-22,delivered,宠物用品,320.47,45.91,366.38
5195,980,DF,2024-04-22,delivered,玩具,126.48,17.83,144.31
5196,981,PE,2023-05-05,delivered,电脑配件,27.95,2.91,30.86
5196,981,PE,2023-05-05,delivered,服饰,281.08,46.31,327.39
5196,981,PE,2023-05-05,delivered,图书,437.54,68.54,506.08000000000004
5197,982,SP,2023-07-18,delivered,服饰,295.98,52.45,348.43
5197,982,SP,2023-07-18,delivered,家居家具,683.93,58.31,742.24
5198,983,RJ,2024-11-29,delivered,运动休闲,605.27,37.01,642.28
5198,983,RJ,2024-11-29,delivered,电脑配件,74.98,4.73,79.71000000000001
5199,984,SC,2024-09-17,delivered,美妆健康,34.79,2.91,37.7
5199,984,SC,2024-09-17,delivered,厨具,77.62,8.39,86.01
5200,985,CE,2023-05-26,delivered,电子产品,368.78,53.44,422.21999999999997
5200,985,CE,2023-05-26,delivered,服饰,609.28,77.08,686.36
5200,985,CE,2023-05-26,delivered,运动休闲,242.7,25.1,267.8
5201,986,PE,2024-12-18,delivered,服饰,684.66,116.11,800.77
5201,986,PE,2024-12-18,delivered,服饰,715.03,72.6,787.63
5201,986,PE,2024-12-18,delivered,服饰,679.49,114.62,794.11
5202,987,PE,2023-12-16,delivered,厨具,109.94,16.34,126.28
5203,987,PE,2023-06-01,delivered,玩具,578.43,92.06,670.49
5203,987,PE,2023-06-01,delivered,运动休闲,465.69,81.83,547.52
5203,987,PE,2023-06-01,delivered,玩具,118.98,18.68,137.66
5204,987,PE,2024-12-24,delivered,美妆健康,63.34,9.28,72.62
5204,987,PE,2024-12-24,delivered,运动休闲,203.28,17.9,221.18
5204,987,PE,2024-12-24,delivered,图书,370.69,60.31,431.0
5205,987,PE,2023-12-23,delivered,运动休闲,773.68,97.73,871.41
5205,987,PE,2023-12-23,delivered,运动休闲,594.59,43.03,637.62
5206,987,PE,2024-11-24,delivered,美妆健康,772.48,99.45,871.9300000000001
5207,987,PE,2023-10-05,delivered,家居家具,717.98,47.42,765.4
5208,987,PE,2024-11-13,canceled,厨具,788.44,106.79,895.23
5209,987,PE,2023-08-15,delivered,电子产品,152.0,29.34,181.34
5209,987,PE,2023-08-15,delivered,电子产品,798.76,133.78,932.54
5210,987,PE,2023-11-09,delivered,服饰,78.87,14.03,92.9
5210,987,PE,2023-11-09,delivered,厨具,148.27,13.81,162.08
5210,987,PE,2023-11-09,delivered,厨具,779.84,86.99,866.83
5211,987,PE,2024-08-12,delivered,电脑配件,670.56,74.25,744.81
5211,987,PE,2024-08-12,delivered,家居家具,655.24,128.7,783.94
5211,987,PE,2024-08-12,delivered,运动休闲,726.55,117.84,844.39
5212,987,PE,2023-11-09,delivered,玩具,482.35,77.75,560.1
5213,987,PE,2024-12-26,delivered,电脑配件,276.05,33.41,309.46000000000004
5213,987,PE,2024-12-26,delivered,家居家具,69.96,12.59,82.55
5213,987,PE,2024-12-26,delivered,家居家具,791.72,144.72,936.44
5214,987,PE,2024-02-03,delivered,厨具,221.36,40.91,262.27
5214,987,PE,2024-02-03,delivered,厨具,263.76,31.44,295.2
5215,987,PE,2024-12-28,delivered,电子产品,272.25,40.33,312.58
5215,987,PE,2024-12-28,delivered,电子产品,337.07,32.27,369.34
5215,987,PE,2024-12-28,delivered,图书,498.57,66.42,564.99
5216,987,PE,2024-10-30,delivered,美妆健康,644.88,38.23,683.11
5217,987,PE,2024-07-09,delivered,服饰,46.29,4.73,51.019999999999996
5218,987,PE,2024-08-29,delivered,运动休闲,557.21,39.24,596.45
5219,987,PE,2024-01-04,delivered,运动休闲,259.49,49.29,308.78000000000003
5219,987,PE,2024-01-04,delivered,运动休闲,702.18,98.33,800.51
5220,987,PE,2024-12-15,delivered,家居家具,719.03,64.27,783.3
5220,987,PE,2024-12-15,delivered,厨具,685.68,70.12,755.8
5221,987,PE,2024-10-11,delivered,服饰,99.11,5.01,104.12
5222,987,PE,2024-05-13,delivered,厨具,374.9,43.05,417.95
5222,987,PE,2024-05-13,delivered,美妆健康,589.69,91.46,681.1500000000001
5222,987,PE,2024-05-13,delivered,玩具,301.18,46.29,347.47
5223,987,PE,2024-01-31,delivered,玩具,29.75,2.0,31.75
5224,987,PE,2024-12-02,delivered,图书,92.3,14.63,106.92999999999999
5224,987,PE,2024-12-02,delivered,宠物用品,51.59,10.06,61.650000000000006
5225,987,PE,2024-03-27,delivered,厨具,196.87,21.51,218.38
5226,987,PE,2024-07-29,delivered,玩具,206.39,28.75,235.14
5226,987,PE,2024-07-29,delivered,服饰,506.93,60.66,567.59
5226,987,PE,2024-07-29,delivered,电脑配件,521.15,50.31,571.46
5227,987,PE,2023-09-01,delivered,电脑配件,640.57,105.03,745.6
5228,987,PE,2023-05-11,delivered,玩具,626.19,53.01,679.2
5229,987,PE,2024-10-21,delivered,家居家具,472.55,41.29,513.84
5230,987,PE,2023-11-04,delivered,厨具,714.6,94.42,809.02
5230,987,PE,2023-11-04,delivered,玩具,634.46,61.59,696.0500000000001
5230,987,PE,2023-11-04,delivered,厨具,184.07,21.88,205.95
5231,987,PE,2024-01-07,delivered,电子产品,154.93,24.54,179.47
5231,987,PE,2024-01-07,delivered,家居家具,412.95,75.91,488.86
5232,987,PE,2023-03-31,delivered,宠物用品,79.55,10.1,89.64999999999999
5232,987,PE,2023-03-31,delivered,运动休闲,646.41,91.2,737.61
5232,987,PE,2023-03-31,delivered,玩具,785.03,94.08,879.11
5233,987,PE,2023-05-14,delivered,运动休闲,593.52,81.29,674.81
5234,987,PE,2024-11-16,delivered,厨具,666.39,119.16,785.55
5234,987,PE,2024-11-16,delivered,玩具,750.02,86.92,836.9399999999999
5235,987,PE,2024-08-18,delivered,玩具,467.61,56.46,524.07
5235,987,PE,2024-08-18,delivered,服饰,402.32,35.69,438.01
5235,987,PE,2024-08-18,delivered,图书,58.01,3.08,61.089999999999996
5236,987,PE,2024-06-30,delivered,家居家具,570.95,37.86,608.8100000000001
5237,987,PE,2023-05-24,delivered,图书,77.45,14.01,91.46000000000001
5238,987,PE,2024-01-18,delivered,服饰,432.14,82.06,514.2
5238,987,PE,2024-01-18,delivered,电子产品,272.92,37.75,310.67
5239,987,PE,2024-12-19,delivered,宠物用品,365.47,18.46,383.93
5239,987,PE,2024-12-19,delivered,运动休闲,320.09,41.63,361.71999999999997
5239,987,PE,2024-12-19,delivered,玩具,411.41,34.52,445.93
5240,987,PE,2023-06-04,delivered,电子产品,38.14,3.16,41.3
5240,987,PE,2023-06-04,delivered,服饰,736.6,109.58,846.1800000000001
5241,988,BA,2024-07-07,canceled,服饰,47.28,7.83,55.11
5241,988,BA,2024-07-07,canceled,服饰,770.71,71.88,842.59
5241,988,BA,2024-07-07,canceled,运动休闲,634.99,125.81,760.8
5242,989,RJ,2023-11-19,delivered,厨具,214.03,17.52,231.55
5243,989,RJ,2023-06-28,delivered,服饰,47.59,5.84,53.43000000000001
5244,989,RJ,2023-02-28,delivered,电脑配件,155.6,22.31,177.91
5244,989,RJ,2023-02-28,delivered,图书,21.72,2.08,23.799999999999997
5245,989,RJ,2023-09-09,delivered,厨具,418.4,38.79,457.19
5245,989,RJ,2023-09-09,delivered,美妆健康,297.61,59.32,356.93
5246,989,RJ,2024-07-01,delivered,运动休闲,505.9,97.37,603.27
5246,989,RJ,2024-07-01,delivered,玩具,132.92,23.42,156.33999999999997
5247,989,RJ,2023-06-09,delivered,运动休闲,44.45,5.51,49.96
5248,989,RJ,2023-08-17,delivered,玩具,254.2,22.31,276.51
5248,989,RJ,2023-08-17,delivered,厨具,237.27,40.14,277.41
5248,989,RJ,2023-08-17,delivered,服饰,22.45,3.48,25.93
5249,989,RJ,2024-01-01,delivered,服饰,238.01,21.67,259.68
5249,989,RJ,2024-01-01,delivered,家居家具,629.61,97.52,727.13
5250,989,RJ,2023-12-07,delivered,服饰,358.17,21.69,379.86
5250,989,RJ,2023-12-07,delivered,电子产品,543.79,83.74,627.53
5250,989,RJ,2023-12-07,delivered,电子产品,783.0,131.83,914.83
5251,989,RJ,2024-09-04,delivered,家居家具,287.0,54.41,341.40999999999997
5252,989,RJ,2023-11-24,delivered,厨具,130.65,19.14,149.79000000000002
5252,989,RJ,2023-11-24,delivered,厨具,593.94,93.21,687.1500000000001
5253,989,RJ,2024-09-10,delivered,电脑配件,698.87,125.25,824.12
5253,989,RJ,2024-09-10,delivered,服饰,434.39,51.49,485.88
5254,989,RJ,2023-12-02,delivered,宠物用品,184.27,9.85,194.12
5255,989,RJ,2024-05-14,delivered,家居家具,40.45,5.03,45.480000000000004
5256,989,RJ,2023-10-24,delivered,家居家具,117.27,7.06,124.33
5257,989,RJ,2023-11-13,delivered,玩具,355.53,49.27,404.79999999999995
5257,989,RJ,2023-11-13,delivered,图书,596.66,80.59,677.25
5257,989,RJ,2023-11-13,delivered,宠物用品,369.81,30.49,400.3
5258,989,RJ,2023-05-02,delivered,服饰,229.18,19.55,248.73000000000002
5258,989,RJ,2023-05-02,delivered,服饰,105.01,5.99,111.0
5259,989,RJ,2023-01-19,delivered,玩具,521.38,97.78,619.16
5260,989,RJ,2023-07-18,delivered,家居家具,727.51,47.46,774.97
5260,989,RJ,2023-07-18,delivered,家居家具,256.48,32.13,288.61
5261,989,RJ,2023-05-27,delivered,电子产品,481.57,30.02,511.59
5262,989,RJ,2023-12-09,delivered,电脑配件,499.63,28.4,528.03
5263,989,RJ,2024-03-31,delivered,家居家具,483.92,40.05,523.97
5263,989,RJ,2024-03-31,delivered,厨具,357.3,58.26,415.56
5264,989,RJ,2023-07-26,delivered,服饰,517.74,80.4,598.14
5264,989,RJ,2023-07-26,delivered,服饰,590.07,67.06,657.1300000000001
5265,989,RJ,2024-03-21,delivered,玩具,21.54,2.78,24.32
5265,989,RJ,2024-03-21,delivered,服饰,167.25,18.38,185.63
5266,989,RJ,2023-07-17,delivered,服饰,427.77,70.86,498.63
5266,989,RJ,2023-07-17,delivered,美妆健康,379.19,42.28,421.47
5266,989,RJ,2023-07-17,delivered,电子产品,193.97,15.06,209.03
5267,989,RJ,2023-10-20,delivered,美妆健康,597.81,64.84,662.65
5267,989,RJ,2023-10-20,delivered,厨具,81.36,12.83,94.19
5267,989,RJ,2023-10-20,delivered,家居家具,620.75,49.0,669.75
5268,989,RJ,2023-06-19,delivered,电脑配件,758.27,118.74,877.01
5268,989,RJ,2023-06-19,delivered,服饰,728.75,133.66,862.41
5269,989,RJ,2023-03-23,delivered,家居家具,67.1,12.35,79.44999999999999
5269,989,RJ,2023-03-23,delivered,玩具,28.96,3.51,32.47
5270,989,RJ,2023-07-17,canceled,玩具,377.25,45.97,423.22
5270,989,RJ,2023-07-17,canceled,电脑配件,223.78,29.97,253.75
5271,989,RJ,2024-07-13,delivered,服饰,774.93,108.57,883.5
5271,989,RJ,2024-07-13,delivered,美妆健康,637.68,53.2,690.88
5272,989,RJ,2023-01-31,delivered,服饰,537.88,87.44,625.3199999999999
5272,989,RJ,2023-01-31,delivered,美妆健康,549.05,59.02,608.0699999999999
5272,989,RJ,2023-01-31,delivered,玩具,343.44,39.19,382.63
5273,989,RJ,2024-05-13,delivered,服饰,597.32,95.3,692.62
5273,989,RJ,2024-05-13,delivered,美妆健康,741.59,39.19,780.78
5274,989,RJ,2023-04-22,delivered,服饰,295.11,31.68,326.79
5274,989,RJ,2023-04-22,delivered,服饰,80.98,6.4,87.38000000000001
5275,989,RJ,2023-06-06,delivered,电子产品,537.6,31.3,568.9
5275,989,RJ,2023-06-06,delivered,运动休闲,755.61,38.42,794.03
5275,989,RJ,2023-06-06,delivered,电脑配件,110.53,20.64,131.17000000000002
5276,989,RJ,2023-08-01,canceled,电子产品,230.85,20.55,251.4
5276,989,RJ,2023-08-01,canceled,图书,240.57,42.61,283.18
5277,989,RJ,2023-08-19,delivered,厨具,38.18,7.35,45.53
5278,989,RJ,2023-12-19,delivered,服饰,173.45,33.99,207.44
5279,989,RJ,2024-11-16,delivered,玩具,281.94,48.5,330.44
5279,989,RJ,2024-11-16,delivered,玩具,618.75,74.54,693.29
5279,989,RJ,2024-11-16,delivered,美妆健康,764.37,109.68,874.05
5280,989,RJ,2023-04-25,delivered,玩具,561.87,54.88,616.75
5280,989,RJ,2023-04-25,delivered,电子产品,486.38,46.9,533.28
5280,989,RJ,2023-04-25,delivered,运动休闲,183.32,9.41,192.73
5281,989,RJ,2024-05-24,delivered,玩具,63.58,12.58,76.16
5281,989,RJ,2024-05-24,delivered,电脑配件,157.66,14.01,171.67
5282,989,RJ,2024-11-21,delivered,玩具,514.37,56.83,571.2
5283,989,RJ,2024-09-04,delivered,玩具,111.38,10.97,122.35
5284,989,RJ,2023-11-10,delivered,运动休闲,315.88,41.88,357.76
5284,989,RJ,2023-11-10,delivered,家居家具,248.97,38.52,287.49
5285,989,RJ,2023-11-25,delivered,电子产品,120.81,17.67,138.48000000000002
5285,989,RJ,2023-11-25,delivered,图书,161.0,17.56,178.56
5286,989,RJ,2024-06-23,delivered,电脑配件,337.86,60.89,398.75
5286,989,RJ,2024-06-23,delivered,运动休闲,564.25,84.56,648.81
5286,989,RJ,2024-06-23,delivered,电脑配件,76.14,3.84,79.98
5287,990,BA,2024-01-04,canceled,服饰,597.27,110.26,707.53
5287,990,BA,2024-01-04,canceled,运动休闲,393.09,38.75,431.84
5288,991,MG,2023-11-29,delivered,服饰,496.64,91.61,588.25
5288,991,MG,2023-11-29,delivered,电子产品,289.58,55.21,344.78999999999996
5288,991,MG,2023-11-29,delivered,家居家具,571.12,107.81,678.9300000000001
5289,992,MG,2024-11-02,delivered,运动休闲,343.63,17.71,361.34
5290,993,CE,2024-09-20,delivered,图书,160.74,19.76,180.5
5291,994,AM,2023-06-18,delivered,电脑配件,141.2,22.37,163.57
5291,994,AM,2023-06-18,delivered,服饰,51.28,5.25,56.53
5292,995,RJ,2024-09-21,delivered,玩具,612.15,96.69,708.8399999999999
5292,995,RJ,2024-09-21,delivered,厨具,224.91,21.8,246.71
5293,996,PA,2023-03-09,delivered,厨具,745.13,110.37,855.5
5294,997,PA,2024-06-24,delivered,美妆健康,609.16,85.24,694.4
5295,997,PA,2024-11-18,delivered,图书,20.2,2.89,23.09
5296,997,PA,2024-07-21,delivered,玩具,654.05,82.33,736.38
5296,997,PA,2024-07-21,delivered,运动休闲,343.52,60.76,404.28
5296,997,PA,2024-07-21,delivered,家居家具,555.18,49.02,604.1999999999999
5297,997,PA,2024-07-15,delivered,玩具,519.56,67.66,587.2199999999999
5297,997,PA,2024-07-15,delivered,电子产品,725.57,120.79,846.36
5297,997,PA,2024-07-15,delivered,宠物用品,345.89,57.79,403.68
5298,997,PA,2024-01-17,delivered,服饰,366.11,46.25,412.36
5299,997,PA,2024-06-15,delivered,服饰,707.45,94.98,802.4300000000001
5299,997,PA,2024-06-15,delivered,宠物用品,626.41,119.72,746.13
5299,997,PA,2024-06-15,delivered,图书,514.03,83.85,597.88
5300,997,PA,2024-11-27,delivered,服饰,172.99,21.94,194.93
5301,997,PA,2023-05-27,delivered,厨具,652.12,118.96,771.08
5301,997,PA,2023-05-27,delivered,服饰,468.49,34.62,503.11
5301,997,PA,2023-05-27,delivered,玩具,259.97,39.88,299.85
5302,997,PA,2023-05-22,delivered,运动休闲,155.98,24.57,180.54999999999998
5302,997,PA,2023-05-22,delivered,美妆健康,37.78,2.56,40.34
5302,997,PA,2023-05-22,delivered,电子产品,529.93,85.03,614.9599999999999
5303,997,PA,2023-06-22,delivered,玩具,557.21,29.72,586.9300000000001
5303,997,PA,2023-06-22,delivered,电脑配件,428.34,52.7,481.03999999999996
5303,997,PA,2023-06-22,delivered,运动休闲,655.02,73.54,728.56
5304,997,PA,2023-04-08,delivered,服饰,600.06,95.82,695.8799999999999
5304,997,PA,2023-04-08,delivered,玩具,724.37,38.74,763.11
5304,997,PA,2023-04-08,delivered,电子产品,89.64,6.46,96.1
5305,997,PA,2024-11-27,delivered,厨具,442.5,28.36,470.86
5305,997,PA,2024-11-27,delivered,美妆健康,298.99,49.41,348.4
5306,997,PA,2024-06-28,delivered,宠物用品,758.02,120.18,878.2
5306,997,PA,2024-06-28,delivered,运动休闲,689.91,60.06,749.97
5307,997,PA,2023-07-20,delivered,厨具,777.06,131.46,908.52
5308,997,PA,2024-06-30,delivered,厨具,555.91,41.79,597.6999999999999
5308,997,PA,2024-06-30,delivered,电子产品,105.65,11.71,117.36000000000001
5309,997,PA,2024-06-09,delivered,宠物用品,779.92,102.98,882.9
5310,997,PA,2024-12-26,canceled,家居家具,445.97,45.53,491.5
5310,997,PA,2024-12-26,canceled,电脑配件,792.94,156.39,949.33
5311,997,PA,2023-03-16,delivered,美妆健康,563.33,86.98,650.3100000000001
5311,997,PA,2023-03-16,delivered,电脑配件,788.12,98.05,886.17
5311,997,PA,2023-03-16,delivered,家居家具,456.3,25.8,482.1
5312,997,PA,2024-06-20,delivered,电子产品,429.99,79.79,509.78000000000003
5313,997,PA,2023-06-23,delivered,服饰,278.5,27.66,306.16
5313,997,PA,2023-06-23,delivered,电脑配件,634.61,82.01,716.62
5313,997,PA,2023-06-23,delivered,服饰,689.8,94.94,784.74
5314,997,PA,2023-02-27,delivered,美妆健康,162.24,16.69,178.93
5314,997,PA,2023-02-27,delivered,电子产品,674.28,58.57,732.85
5314,997,PA,2023-02-27,delivered,家居家具,681.31,40.19,721.5
5315,997,PA,2024-02-23,delivered,运动休闲,152.61,28.15,180.76000000000002
5316,997,PA,2023-12-06,delivered,图书,458.39,58.74,517.13
5316,997,PA,2023-12-06,delivered,运动休闲,47.0,3.69,50.69
5316,997,PA,2023-12-06,delivered,图书,548.58,75.04,623.62
5317,997,PA,2024-10-22,delivered,家居家具,87.4,12.02,99.42
5318,997,PA,2023-05-02,delivered,家居家具,120.33,13.67,134.0
5319,997,PA,2024-08-12,delivered,玩具,46.4,5.27,51.67
5319,997,PA,2024-08-12,delivered,家居家具,349.94,52.0,401.94
5319,997,PA,2024-08-12,delivered,运动休闲,81.0,7.05,88.05
5320,997,PA,2024-11-21,delivered,电子产品,703.88,80.78,784.66
5320,997,PA,2024-11-21,delivered,厨具,563.99,98.35,662.34
5320,997,PA,2024-11-21,delivered,运动休闲,791.98,119.1,911.08
5321,997,PA,2023-04-19,delivered,运动休闲,436.11,35.84,471.95000000000005
5321,997,PA,2023-04-19,delivered,电脑配件,761.27,82.07,843.3399999999999
5321,997,PA,2023-04-19,delivered,玩具,423.08,36.12,459.2
5322,997,PA,2024-09-14,delivered,厨具,649.64,66.38,716.02
5323,997,PA,2024-01-08,delivered,玩具,208.47,33.66,242.13
5324,997,PA,2024-08-23,delivered,服饰,87.08,11.02,98.1
5325,997,PA,2023-01-23,delivered,玩具,426.42,28.31,454.73
5325,997,PA,2023-01-23,delivered,服饰,108.77,18.21,126.97999999999999
5325,997,PA,2023-01-23,delivered,电子产品,620.97,75.05,696.02
5326,997,PA,2023-04-13,delivered,服饰,465.86,83.6,549.46
5326,997,PA,2023-04-13,delivered,服饰,551.82,59.09,610.9100000000001
5327,997,PA,2024-01-08,delivered,服饰,576.12,73.23,649.35
5327,997,PA,2024-01-08,delivered,图书,262.36,34.48,296.84000000000003
5327,997,PA,2024-01-08,delivered,家居家具,266.23,50.37,316.6
5328,997,PA,2024-10-08,delivered,家居家具,85.17,16.29,101.46000000000001
5328,997,PA,2024-10-08,delivered,运动休闲,679.02,48.92,727.9399999999999
5329,997,PA,2023-03-14,delivered,运动休闲,314.54,17.7,332.24
5330,997,PA,2024-04-28,delivered,运动休闲,503.02,97.41,600.43
5330,997,PA,2024-04-28,delivered,服饰,785.9,118.78,904.68
5331,997,PA,2024-09-11,delivered,宠物用品,599.14,56.03,655.17
5331,997,PA,2024-09-11,delivered,美妆健康,784.8,127.87,912.67
5332,997,PA,2024-03-02,delivered,厨具,112.44,8.96,121.4
5333,997,PA,2024-09-10,canceled,运动休闲,535.68,51.04,586.7199999999999
5334,997,PA,2024-06-01,delivered,玩具,531.31,30.05,561.3599999999999
5334,997,PA,2024-06-01,delivered,电脑配件,193.08,32.52,225.60000000000002
5334,997,PA,2024-06-01,delivered,玩具,350.07,38.78,388.85
5335,997,PA,2023-10-19,delivered,图书,199.42,10.16,209.57999999999998
5335,997,PA,2023-10-19,delivered,电脑配件,401.58,36.27,437.84999999999997
5335,997,PA,2023-10-19,delivered,服饰,275.27,51.75,327.02
5336,998,AM,2024-12-02,delivered,家居家具,137.03,21.58,158.61
5337,999,PE,2023-12-08,delivered,图书,613.39,106.15,719.54
5338,1000,RJ,2023-01-10,delivered,运动休闲,758.77,61.39,820.16
5338,1000,RJ,2023-01-10,delivered,电子产品,718.84,66.11,784.95
5338,1000,RJ,2023-01-10,delivered,玩具,275.55,40.88,316.43
